CREATE TABLE TAIKHOAN(
    TENTAIKHOAN     VARCHAR2(20) NOT NULL,
    MATKHAU         VARCHAR(30) NOT NULL,
    
    CONSTRAINT P_TAIKHOAN PRIMARY KEY (TENTAIKHOAN)
);

CREATE TABLE QUYEN(
    MAQUYEN         VARCHAR2(10) NOT NULL,
    QUYEN           NVARCHAR2(50) NOT NULL,
    
    CONSTRAINT P_QUYEN PRIMARY KEY (MAQUYEN)
);

CREATE TABLE PHANQUYENTAIKHOAN(
    TENTAIKHOAN     VARCHAR2(20) NOT NULL,
    MAQUYEN         VARCHAR2(10) NOT NULL,
    
    CONSTRAINT P_PHANQUYENTAIKHOAN PRIMARY KEY (TENTAIKHOAN, MAQUYEN),
    CONSTRAINT F_PQTK_TK FOREIGN KEY (TENTAIKHOAN) REFERENCES TAIKHOAN(TENTAIKHOAN),
    CONSTRAINT F_PQTK_Q FOREIGN KEY (MAQUYEN) REFERENCES QUYEN(MAQUYEN)
);

CREATE TABLE CHUYENKHOA(
    MACHUYENKHOA    VARCHAR2(10) NOT NULL,
    TENCHUYENKHOA   NVARCHAR2(30),
    
    CONSTRAINT P_CHUYENKHOA PRIMARY KEY (MACHUYENKHOA)
);

CREATE TABLE BACSI(
    MABACSI         VARCHAR2(10) NOT NULL,
    HOTEN   		NVARCHAR2(30),
	GIOITINH		NVARCHAR2(3),
    HOCHAM          NVARCHAR2(30),
    ANHDAIDIEN      BLOB,
    GIOITHIEU       NCLOB,
    MACHUYENKHOA    VARCHAR2(10),
    TRANGTHAI       NVARCHAR2(20),
    NGAYCAPNHAT     DATE,
    TAIKHOAN        VARCHAR2(20),
    
    CONSTRAINT P_BACSI PRIMARY KEY (MABACSI),
    CONSTRAINT F_BS_CK FOREIGN KEY (MACHUYENKHOA) REFERENCES CHUYENKHOA(MACHUYENKHOA),
    CONSTRAINT F_BS_TK FOREIGN KEY (TAIKHOAN) REFERENCES TAIKHOAN(TENTAIKHOAN)
);

CREATE TABLE HOCVI(
    MAHOCVI         VARCHAR2(10) NOT NULL,
    TENHOCVI        NVARCHAR2(30),
    BACHOCVI        NUMBER,
    
    CONSTRAINT P_HOCVI PRIMARY KEY (MAHOCVI)
);

CREATE TABLE HOCVIBACSI(
    MABACSI         VARCHAR2(10) NOT NULL,
    MAHOCVI         VARCHAR2(10) NOT NULL,
    
    CONSTRAINT P_HV_BS PRIMARY KEY (MABACSI, MAHOCVI),
    CONSTRAINT F_BVBS_BS FOREIGN KEY (MABACSI) REFERENCES BACSI(MABACSI),
    CONSTRAINT F_BVBS_HV FOREIGN KEY (MAHOCVI) REFERENCES HOCVI(MAHOCVI)
);

CREATE TABLE PHONG(
    MAPHONG         VARCHAR2(10) NOT NULL,
    TENPHONG        NVARCHAR2(70),
    VITRI           NVARCHAR2(40),
    
    CONSTRAINT P_PHONG PRIMARY KEY (MAPHONG)
);

CREATE TABLE LICHLAMVIEC(
    MALICH          VARCHAR2(10) NOT NULL,
    MABACSI         VARCHAR2(10) NOT NULL,
    MAPHONG         VARCHAR2(10) NOT NULL,
    NGAYLAM         DATE NOT NULL,
    
    CONSTRAINT P_LLV PRIMARY KEY (MALICH),
    CONSTRAINT F_LLV_BS FOREIGN KEY (MABACSI) REFERENCES BACSI(MABACSI),
    CONSTRAINT F_LLV_P FOREIGN KEY (MAPHONG) REFERENCES PHONG(MAPHONG)
);

CREATE TABLE BENHNHAN(
    MABENHNHAN      VARCHAR2(10) NOT NULL,
    HOTEN   		NVARCHAR2(30),
	GIOITINH		NVARCHAR2(3),
    DIACHI          NVARCHAR2(100),
    NAMSINH         NUMBER,
    TAIKHOAN        VARCHAR2(20),
    DIENTHOAI       VARCHAR2(10),
    
    CONSTRAINT P_BENHNHAN PRIMARY KEY (MABENHNHAN),
    CONSTRAINT F_BN_TK FOREIGN KEY (TAIKHOAN) REFERENCES TAIKHOAN(TENTAIKHOAN)
);


CREATE TABLE NHANVIEN(
    MANHANVIEN      VARCHAR2(10) NOT NULL,
    HOTEN           NVARCHAR2(30),
    BOPHAN          NVARCHAR2(30),
    TAIKHOAN        VARCHAR2(20),
    
    CONSTRAINT P_NHANVIEN PRIMARY KEY (MANHANVIEN),
    CONSTRAINT F_NV_TK FOREIGN KEY (TAIKHOAN) REFERENCES TAIKHOAN(TENTAIKHOAN)
);

CREATE TABLE PHIEUDANGKY(
    MAPHIEUDANGKY       VARCHAR2(10) NOT NULL,
    NGAYLAP             DATE,
    MABHYT              VARCHAR2(20),
    TRANGTHAITHANHTOAN  NVARCHAR2(20),
    MABENHNHAN          VARCHAR2(10),
    NVLAP               VARCHAR2(10),
    NVTHANHTOAN         VARCHAR2(10),
    LICHLAMVIEC         VARCHAR2(10),
    TINHTRANGSUCKHOE    NVARCHAR2(100),
    STTTIEPNHAN         NUMBER,
    HINHTHUCDANGKY      NVARCHAR2(40),

    CONSTRAINT P_PHIEUDANGKY PRIMARY KEY (MAPHIEUDANGKY),
    CONSTRAINT F_PDK_BN FOREIGN KEY (MABENHNHAN) REFERENCES BENHNHAN(MABENHNHAN),
    CONSTRAINT F_PDK_L FOREIGN KEY (LICHLAMVIEC) REFERENCES LICHLAMVIEC(MALICH),
    CONSTRAINT F_PDK_NV FOREIGN KEY (NVLAP) REFERENCES NHANVIEN(MANHANVIEN),
    CONSTRAINT F_PDK_NVTT FOREIGN KEY (NVTHANHTOAN) REFERENCES NHANVIEN(MANHANVIEN)
);



CREATE TABLE PHIEUKHAM(
    MAPHIEUKHAM         VARCHAR2(10) NOT NULL,
    MAPHIEUDANGKY       VARCHAR2(10),
    NGAYLAP             DATE,  
    LOIDAN              NVARCHAR2(100),
    CANNANG             NUMBER,
    CHIEUCAO            NUMBER,
    HUYETAPTAMTHU       NUMBER,
    HUYETAPTAMTRUONG    NUMBER,
    
    CONSTRAINT P_PHIEUKHAM PRIMARY KEY (MAPHIEUKHAM),
    CONSTRAINT F_PK_PDK FOREIGN KEY (MAPHIEUDANGKY) REFERENCES PHIEUDANGKY(MAPHIEUDANGKY)
);

CREATE TABLE BENH(
    MABENH      VARCHAR2(10) NOT NULL,
    TENBENH     NVARCHAR2(50),
    
    CONSTRAINT P_BENH PRIMARY KEY (MABENH)
);

CREATE TABLE CHITIETCHANDOAN(
    MAPHIEUKHAM     VARCHAR2(10) NOT NULL,
    MABENH          VARCHAR2(10) NOT NULL,
    
    CONSTRAINT P_CHITIETCHANDOAN PRIMARY KEY (MAPHIEUKHAM, MABENH),
    CONSTRAINT F_CTCD_PK FOREIGN KEY (MAPHIEUKHAM) REFERENCES PHIEUKHAM(MAPHIEUKHAM),
    CONSTRAINT F_CTCD_B FOREIGN KEY (MABENH) REFERENCES BENH(MABENH)
);

CREATE TABLE TOATHUOC(
    MATOATHUOC          VARCHAR2(10) NOT NULL,
    MAPHIEUKHAM         VARCHAR2(10),
    TONGTIEN            NUMBER,
    TRANGTHAITHANHTOAN  NVARCHAR2(20),
    
    CONSTRAINT P_TOATHUOC PRIMARY KEY (MATOATHUOC),
    CONSTRAINT F_TT_PK FOREIGN KEY (MAPHIEUKHAM) REFERENCES PHIEUKHAM(MAPHIEUKHAM)
);

CREATE TABLE THUOC(
    MATHUOC         VARCHAR2(10) NOT NULL,
    TENTHUOC        NVARCHAR2(50),
    QCDONGGOI       NVARCHAR2(30),
    DONVITINH       NVARCHAR2(10),
    DONGIA          NUMBER,
    TONKHO          NUMBER,
    
    CONSTRAINT P_THUOC PRIMARY KEY (MATHUOC)
);

CREATE TABLE CHITIETTOATHUOC(
    MATOATHUOC      VARCHAR2(10) NOT NULL,
    MATHUOC         VARCHAR2(10) NOT NULL,
    DONGIA          NUMBER,
    SOLUONG         NUMBER,
    GHICHU          NVARCHAR2(50),
    
    CONSTRAINT P_CHITIETTOATHUOC PRIMARY KEY (MATOATHUOC, MATHUOC),
    CONSTRAINT F_CTTT_TT FOREIGN KEY (MATOATHUOC) REFERENCES TOATHUOC(MATOATHUOC),
    CONSTRAINT F_CTTT_T FOREIGN KEY (MATHUOC) REFERENCES THUOC(MATHUOC)
);



INSERT INTO TAIKHOAN VALUES ('quanly', 'admin');
INSERT INTO TAIKHOAN VALUES ('nhuquynh', '123');
INSERT INTO TAIKHOAN VALUES ('thanhtruc', '123');
INSERT INTO TAIKHOAN VALUES ('ductruong', '12345');
INSERT INTO TAIKHOAN VALUES ('baongan', '12345');
INSERT INTO TAIKHOAN VALUES ('ttd1', '123');
INSERT INTO TAIKHOAN VALUES ('tvh2', '123');
INSERT INTO TAIKHOAN VALUES ('nvn3', '123');
INSERT INTO TAIKHOAN VALUES ('dtt5', '123');
INSERT INTO TAIKHOAN VALUES ('httt6', '123');
INSERT INTO TAIKHOAN VALUES ('tko7', '123');
INSERT INTO TAIKHOAN VALUES ('tdm8', '123');
INSERT INTO TAIKHOAN VALUES ('vttd9', '123');
INSERT INTO TAIKHOAN VALUES ('tnh11', '123');
INSERT INTO TAIKHOAN VALUES ('ntlh12', '123');
INSERT INTO TAIKHOAN VALUES ('ttd13', '123');
INSERT INTO TAIKHOAN VALUES ('ndt14', '123');
INSERT INTO TAIKHOAN VALUES ('tttt15', '123');
INSERT INTO TAIKHOAN VALUES ('hvmm16', '123');
INSERT INTO TAIKHOAN VALUES ('ndh17', '123');
INSERT INTO TAIKHOAN VALUES ('ntc18', '123');
INSERT INTO TAIKHOAN VALUES ('dqh20', '123');
INSERT INTO TAIKHOAN VALUES ('lxn21', '123');
INSERT INTO TAIKHOAN VALUES ('nptl22', '123');
INSERT INTO TAIKHOAN VALUES ('nts23', '123');
INSERT INTO TAIKHOAN VALUES ('lth24', '123');
INSERT INTO TAIKHOAN VALUES ('tnt25', '123');
INSERT INTO TAIKHOAN VALUES ('cdn26', '123');
INSERT INTO TAIKHOAN VALUES ('nqc27', '123');
INSERT INTO TAIKHOAN VALUES ('tqa28', '123');
INSERT INTO TAIKHOAN VALUES ('tav29', '123');
INSERT INTO TAIKHOAN VALUES ('htkq30', '123');
INSERT INTO TAIKHOAN VALUES ('nqn31', '123');
INSERT INTO TAIKHOAN VALUES ('dtt32', '123');
INSERT INTO TAIKHOAN VALUES ('htl33', '123');
INSERT INTO TAIKHOAN VALUES ('mmt34', '123');
INSERT INTO TAIKHOAN VALUES ('lqh35', '123');
INSERT INTO TAIKHOAN VALUES ('nvn36', '123');
INSERT INTO TAIKHOAN VALUES ('dtd37', '123');
INSERT INTO TAIKHOAN VALUES ('ttnl38', '123');
INSERT INTO TAIKHOAN VALUES ('tdh39', '123');
INSERT INTO TAIKHOAN VALUES ('ctn40', '123');
INSERT INTO TAIKHOAN VALUES ('tdh41', '123');
INSERT INTO TAIKHOAN VALUES ('ltla42', '123');
INSERT INTO TAIKHOAN VALUES ('nvl43', '123');
INSERT INTO TAIKHOAN VALUES ('lvk44', '123');
INSERT INTO TAIKHOAN VALUES ('lnm45', '123');
INSERT INTO TAIKHOAN VALUES ('qtbt46', '123');
INSERT INTO TAIKHOAN VALUES ('ptx47', '123');
INSERT INTO TAIKHOAN VALUES ('ptpt48', '123');
INSERT INTO TAIKHOAN VALUES ('nqk49', '123');
INSERT INTO TAIKHOAN VALUES ('dcl50', '123');
INSERT INTO TAIKHOAN VALUES ('tttp1', '666');
INSERT INTO TAIKHOAN VALUES ('nqt2', '666');
INSERT INTO TAIKHOAN VALUES ('dhnt3', '666');
INSERT INTO TAIKHOAN VALUES ('tvbn4', '666');
INSERT INTO TAIKHOAN VALUES ('mqhm5', '666');
INSERT INTO TAIKHOAN VALUES ('tda6', '666');
INSERT INTO TAIKHOAN VALUES ('gpq7', '666');
INSERT INTO TAIKHOAN VALUES ('pcd8', '666');
INSERT INTO TAIKHOAN VALUES ('tvx9', '666');
INSERT INTO TAIKHOAN VALUES ('pttl10', '666');
INSERT INTO TAIKHOAN VALUES ('tmh11', '666');
INSERT INTO TAIKHOAN VALUES ('phna12', '666');
INSERT INTO TAIKHOAN VALUES ('lhth13', '666');
INSERT INTO TAIKHOAN VALUES ('thv14', '666');
INSERT INTO TAIKHOAN VALUES ('vnq15', '666');
INSERT INTO TAIKHOAN VALUES ('npb16', '666');
INSERT INTO TAIKHOAN VALUES ('shn17', '666');
INSERT INTO TAIKHOAN VALUES ('vtk18', '666');
INSERT INTO TAIKHOAN VALUES ('htl19', '666');
INSERT INTO TAIKHOAN VALUES ('cdp20', '666');
INSERT INTO TAIKHOAN VALUES ('tdl21', '666');
INSERT INTO TAIKHOAN VALUES ('tvk22', '666');
INSERT INTO TAIKHOAN VALUES ('chmc23', '666');
INSERT INTO TAIKHOAN VALUES ('tqt24', '666');
INSERT INTO TAIKHOAN VALUES ('nht25', '666');
INSERT INTO TAIKHOAN VALUES ('thv26', '666');
INSERT INTO TAIKHOAN VALUES ('nnp27', '666');
INSERT INTO TAIKHOAN VALUES ('tpt28', '666');
INSERT INTO TAIKHOAN VALUES ('thtl29', '666');
INSERT INTO TAIKHOAN VALUES ('pnnl30', '666');
INSERT INTO TAIKHOAN VALUES ('vhv31', '666');
INSERT INTO TAIKHOAN VALUES ('htv32', '666');
INSERT INTO TAIKHOAN VALUES ('dtqn33', '666');
INSERT INTO TAIKHOAN VALUES ('ltv34', '666');
INSERT INTO TAIKHOAN VALUES ('gvv35', '666');
INSERT INTO TAIKHOAN VALUES ('dthm36', '666');
INSERT INTO TAIKHOAN VALUES ('vpth37', '666');
INSERT INTO TAIKHOAN VALUES ('chnt38', '666');
INSERT INTO TAIKHOAN VALUES ('vtt39', '666');
INSERT INTO TAIKHOAN VALUES ('lht40', '666');
INSERT INTO TAIKHOAN VALUES ('dvnd41', '666');
INSERT INTO TAIKHOAN VALUES ('ndh42', '666');
INSERT INTO TAIKHOAN VALUES ('mvt43', '666');
INSERT INTO TAIKHOAN VALUES ('dab44', '666');
INSERT INTO TAIKHOAN VALUES ('tht45', '666');
INSERT INTO TAIKHOAN VALUES ('mvp46', '666');
INSERT INTO TAIKHOAN VALUES ('kta47', '666');
INSERT INTO TAIKHOAN VALUES ('phna48', '666');
INSERT INTO TAIKHOAN VALUES ('ott49', '666');
INSERT INTO TAIKHOAN VALUES ('ndl50', '666');
INSERT INTO TAIKHOAN VALUES ('khp51', '666');
INSERT INTO TAIKHOAN VALUES ('pvth52', '666');
INSERT INTO TAIKHOAN VALUES ('tch53', '666');
INSERT INTO TAIKHOAN VALUES ('dny54', '666');
INSERT INTO TAIKHOAN VALUES ('damt55', '666');
INSERT INTO TAIKHOAN VALUES ('thh56', '666');
INSERT INTO TAIKHOAN VALUES ('lvl57', '666');
INSERT INTO TAIKHOAN VALUES ('hct58', '666');
INSERT INTO TAIKHOAN VALUES ('tth59', '666');
INSERT INTO TAIKHOAN VALUES ('mpl60', '666');
INSERT INTO TAIKHOAN VALUES ('tvk61', '666');
INSERT INTO TAIKHOAN VALUES ('chn62', '666');
INSERT INTO TAIKHOAN VALUES ('qvd63', '666');
INSERT INTO TAIKHOAN VALUES ('pdt64', '666');
INSERT INTO TAIKHOAN VALUES ('kqa65', '666');
INSERT INTO TAIKHOAN VALUES ('vhl66', '666');
INSERT INTO TAIKHOAN VALUES ('ktp67', '666');
INSERT INTO TAIKHOAN VALUES ('tdht68', '666');
INSERT INTO TAIKHOAN VALUES ('ntt69', '666');
INSERT INTO TAIKHOAN VALUES ('stk70', '666');
INSERT INTO TAIKHOAN VALUES ('bpq71', '666');
INSERT INTO TAIKHOAN VALUES ('thl72', '666');
INSERT INTO TAIKHOAN VALUES ('vvt73', '666');
INSERT INTO TAIKHOAN VALUES ('thp74', '666');
INSERT INTO TAIKHOAN VALUES ('btp75', '666');
INSERT INTO TAIKHOAN VALUES ('lhtl76', '666');
INSERT INTO TAIKHOAN VALUES ('vny77', '666');
INSERT INTO TAIKHOAN VALUES ('kntt78', '666');
INSERT INTO TAIKHOAN VALUES ('vhnm79', '666');
INSERT INTO TAIKHOAN VALUES ('khk80', '666');
INSERT INTO TAIKHOAN VALUES ('tdm81', '666');
INSERT INTO TAIKHOAN VALUES ('dcnt82', '666');
INSERT INTO TAIKHOAN VALUES ('kqny83', '666');
INSERT INTO TAIKHOAN VALUES ('nph84', '666');
INSERT INTO TAIKHOAN VALUES ('ctl85', '666');
INSERT INTO TAIKHOAN VALUES ('ovl86', '666');
INSERT INTO TAIKHOAN VALUES ('nhnd87', '666');
INSERT INTO TAIKHOAN VALUES ('vtmp88', '666');
INSERT INTO TAIKHOAN VALUES ('ktd89', '666');
INSERT INTO TAIKHOAN VALUES ('mvny90', '666');
INSERT INTO TAIKHOAN VALUES ('ppnm91', '666');
INSERT INTO TAIKHOAN VALUES ('cagh92', '666');
INSERT INTO TAIKHOAN VALUES ('kht93', '666');
INSERT INTO TAIKHOAN VALUES ('dtt94', '666');
INSERT INTO TAIKHOAN VALUES ('bmd95', '666');
INSERT INTO TAIKHOAN VALUES ('kcq96', '666');
INSERT INTO TAIKHOAN VALUES ('tth97', '666');
INSERT INTO TAIKHOAN VALUES ('uhv98', '666');
INSERT INTO TAIKHOAN VALUES ('ttb99', '666');
INSERT INTO TAIKHOAN VALUES ('tdtl100', '666');
INSERT INTO TAIKHOAN VALUES ('pht101', '666');
INSERT INTO TAIKHOAN VALUES ('ltt102', '666');
INSERT INTO TAIKHOAN VALUES ('bhnd103', '666');
INSERT INTO TAIKHOAN VALUES ('dtht104', '666');
INSERT INTO TAIKHOAN VALUES ('ntt105', '666');
INSERT INTO TAIKHOAN VALUES ('tvh106', '666');
INSERT INTO TAIKHOAN VALUES ('pttl107', '666');
INSERT INTO TAIKHOAN VALUES ('dmb108', '666');
INSERT INTO TAIKHOAN VALUES ('thq109', '666');
INSERT INTO TAIKHOAN VALUES ('kqa110', '666');
INSERT INTO TAIKHOAN VALUES ('bvv111', '666');
INSERT INTO TAIKHOAN VALUES ('chl112', '666');
INSERT INTO TAIKHOAN VALUES ('vhd113', '666');
INSERT INTO TAIKHOAN VALUES ('bvp114', '666');
INSERT INTO TAIKHOAN VALUES ('ttq115', '666');
INSERT INTO TAIKHOAN VALUES ('vtt116', '666');
INSERT INTO TAIKHOAN VALUES ('ctnm117', '666');
INSERT INTO TAIKHOAN VALUES ('dty118', '666');
INSERT INTO TAIKHOAN VALUES ('btpa119', '666');
INSERT INTO TAIKHOAN VALUES ('dvtl120', '666');
INSERT INTO TAIKHOAN VALUES ('tqk121', '666');
INSERT INTO TAIKHOAN VALUES ('ktv122', '666');
INSERT INTO TAIKHOAN VALUES ('chk123', '666');
INSERT INTO TAIKHOAN VALUES ('kvnm124', '666');
INSERT INTO TAIKHOAN VALUES ('knt125', '666');
INSERT INTO TAIKHOAN VALUES ('tnt126', '666');
INSERT INTO TAIKHOAN VALUES ('hnm127', '666');
INSERT INTO TAIKHOAN VALUES ('bdl128', '666');
INSERT INTO TAIKHOAN VALUES ('ttk129', '666');
INSERT INTO TAIKHOAN VALUES ('vttl130', '666');
INSERT INTO TAIKHOAN VALUES ('knh131', '666');
INSERT INTO TAIKHOAN VALUES ('nnt132', '666');
INSERT INTO TAIKHOAN VALUES ('ndnd133', '666');
INSERT INTO TAIKHOAN VALUES ('dhp134', '666');
INSERT INTO TAIKHOAN VALUES ('ddt135', '666');
INSERT INTO TAIKHOAN VALUES ('tmn136', '666');
INSERT INTO TAIKHOAN VALUES ('htn137', '666');
INSERT INTO TAIKHOAN VALUES ('bvt138', '666');
INSERT INTO TAIKHOAN VALUES ('hb139', '666');
INSERT INTO TAIKHOAN VALUES ('dvt140', '666');
INSERT INTO TAIKHOAN VALUES ('tqt141', '666');
INSERT INTO TAIKHOAN VALUES ('dth142', '666');
INSERT INTO TAIKHOAN VALUES ('gpgh143', '666');
INSERT INTO TAIKHOAN VALUES ('pdn144', '666');
INSERT INTO TAIKHOAN VALUES ('ttt145', '666');
INSERT INTO TAIKHOAN VALUES ('mtt146', '666');
INSERT INTO TAIKHOAN VALUES ('mtt147', '666');
INSERT INTO TAIKHOAN VALUES ('vcq148', '666');
INSERT INTO TAIKHOAN VALUES ('dtp149', '666');
INSERT INTO TAIKHOAN VALUES ('ddt150', '666');
INSERT INTO TAIKHOAN VALUES ('tth151', '666');
INSERT INTO TAIKHOAN VALUES ('thd152', '666');
INSERT INTO TAIKHOAN VALUES ('kvn153', '666');
INSERT INTO TAIKHOAN VALUES ('tnh154', '666');
INSERT INTO TAIKHOAN VALUES ('ptnl155', '666');
INSERT INTO TAIKHOAN VALUES ('qqh156', '666');
INSERT INTO TAIKHOAN VALUES ('tvc157', '666');
INSERT INTO TAIKHOAN VALUES ('vcp158', '666');
INSERT INTO TAIKHOAN VALUES ('vnt159', '666');
INSERT INTO TAIKHOAN VALUES ('thl160', '666');
INSERT INTO TAIKHOAN VALUES ('ctnd161', '666');
INSERT INTO TAIKHOAN VALUES ('bhn162', '666');
INSERT INTO TAIKHOAN VALUES ('chl163', '666');
INSERT INTO TAIKHOAN VALUES ('hnt164', '666');
INSERT INTO TAIKHOAN VALUES ('tphl165', '666');
INSERT INTO TAIKHOAN VALUES ('odv166', '666');
INSERT INTO TAIKHOAN VALUES ('pvqn167', '666');
INSERT INTO TAIKHOAN VALUES ('khtt168', '666');
INSERT INTO TAIKHOAN VALUES ('tnp169', '666');
INSERT INTO TAIKHOAN VALUES ('dtd170', '666');
INSERT INTO TAIKHOAN VALUES ('bhp171', '666');
INSERT INTO TAIKHOAN VALUES ('dtq172', '666');
INSERT INTO TAIKHOAN VALUES ('tth173', '666');
INSERT INTO TAIKHOAN VALUES ('tttl174', '666');
INSERT INTO TAIKHOAN VALUES ('hhmt175', '666');
INSERT INTO TAIKHOAN VALUES ('dmt176', '666');
INSERT INTO TAIKHOAN VALUES ('thv177', '666');
INSERT INTO TAIKHOAN VALUES ('vnht178', '666');
INSERT INTO TAIKHOAN VALUES ('latl179', '666');
INSERT INTO TAIKHOAN VALUES ('hpd180', '666');
INSERT INTO TAIKHOAN VALUES ('tvq181', '666');
INSERT INTO TAIKHOAN VALUES ('dhn182', '666');
INSERT INTO TAIKHOAN VALUES ('htt183', '666');
INSERT INTO TAIKHOAN VALUES ('chn184', '666');
INSERT INTO TAIKHOAN VALUES ('mph185', '666');
INSERT INTO TAIKHOAN VALUES ('vmt186', '666');
INSERT INTO TAIKHOAN VALUES ('lnd187', '666');
INSERT INTO TAIKHOAN VALUES ('hdnm188', '666');
INSERT INTO TAIKHOAN VALUES ('qvl189', '666');
INSERT INTO TAIKHOAN VALUES ('lcnd190', '666');
INSERT INTO TAIKHOAN VALUES ('tny191', '666');
INSERT INTO TAIKHOAN VALUES ('tpt192', '666');
INSERT INTO TAIKHOAN VALUES ('qttl193', '666');
INSERT INTO TAIKHOAN VALUES ('cnnl194', '666');
INSERT INTO TAIKHOAN VALUES ('ddt195', '666');
INSERT INTO TAIKHOAN VALUES ('tht196', '666');
INSERT INTO TAIKHOAN VALUES ('tmh197', '666');
INSERT INTO TAIKHOAN VALUES ('pdl198', '666');
INSERT INTO TAIKHOAN VALUES ('kdth199', '666');
INSERT INTO TAIKHOAN VALUES ('npv200', '666');
INSERT INTO TAIKHOAN VALUES ('dnth201', '666');
INSERT INTO TAIKHOAN VALUES ('cqd202', '666');
INSERT INTO TAIKHOAN VALUES ('hnq203', '666');
INSERT INTO TAIKHOAN VALUES ('vhhm204', '666');
INSERT INTO TAIKHOAN VALUES ('dhn205', '666');
INSERT INTO TAIKHOAN VALUES ('cqbn206', '666');
INSERT INTO TAIKHOAN VALUES ('hct207', '666');
INSERT INTO TAIKHOAN VALUES ('ptt208', '666');
INSERT INTO TAIKHOAN VALUES ('cdq209', '666');
INSERT INTO TAIKHOAN VALUES ('laht210', '666');
INSERT INTO TAIKHOAN VALUES ('dtth211', '666');
INSERT INTO TAIKHOAN VALUES ('mvt212', '666');
INSERT INTO TAIKHOAN VALUES ('ttv213', '666');
INSERT INTO TAIKHOAN VALUES ('tva214', '666');
INSERT INTO TAIKHOAN VALUES ('thm215', '666');
INSERT INTO TAIKHOAN VALUES ('ktt216', '666');
INSERT INTO TAIKHOAN VALUES ('vpt217', '666');
INSERT INTO TAIKHOAN VALUES ('ttnl218', '666');
INSERT INTO TAIKHOAN VALUES ('dmk219', '666');
INSERT INTO TAIKHOAN VALUES ('dhhm220', '666');
INSERT INTO TAIKHOAN VALUES ('qtny221', '666');
INSERT INTO TAIKHOAN VALUES ('bqmc222', '666');
INSERT INTO TAIKHOAN VALUES ('bmp223', '666');
INSERT INTO TAIKHOAN VALUES ('tqpa224', '666');
INSERT INTO TAIKHOAN VALUES ('cnbn225', '666');
INSERT INTO TAIKHOAN VALUES ('bvx226', '666');
INSERT INTO TAIKHOAN VALUES ('ddc227', '666');
INSERT INTO TAIKHOAN VALUES ('pvt228', '666');
INSERT INTO TAIKHOAN VALUES ('mdh229', '666');
INSERT INTO TAIKHOAN VALUES ('htd230', '666');
INSERT INTO TAIKHOAN VALUES ('hnb231', '666');
INSERT INTO TAIKHOAN VALUES ('dtb232', '666');
INSERT INTO TAIKHOAN VALUES ('mvh233', '666');
INSERT INTO TAIKHOAN VALUES ('hps234', '666');
INSERT INTO TAIKHOAN VALUES ('nvx235', '666');
INSERT INTO TAIKHOAN VALUES ('tdt236', '666');
INSERT INTO TAIKHOAN VALUES ('bmk237', '666');
INSERT INTO TAIKHOAN VALUES ('dtt238', '666');
INSERT INTO TAIKHOAN VALUES ('nht239', '666');
INSERT INTO TAIKHOAN VALUES ('ptv240', '666');
INSERT INTO TAIKHOAN VALUES ('htl241', '666');
INSERT INTO TAIKHOAN VALUES ('kvb242', '666');
INSERT INTO TAIKHOAN VALUES ('ntv243', '666');
INSERT INTO TAIKHOAN VALUES ('gtt244', '666');
INSERT INTO TAIKHOAN VALUES ('mhm245', '666');
INSERT INTO TAIKHOAN VALUES ('thh246', '666');
INSERT INTO TAIKHOAN VALUES ('tvp247', '666');
INSERT INTO TAIKHOAN VALUES ('lhn248', '666');
INSERT INTO TAIKHOAN VALUES ('phn249', '666');
INSERT INTO TAIKHOAN VALUES ('dnb250', '666');
INSERT INTO TAIKHOAN VALUES ('ddtt251', '666');
INSERT INTO TAIKHOAN VALUES ('ttm252', '666');
INSERT INTO TAIKHOAN VALUES ('cvnt253', '666');
INSERT INTO TAIKHOAN VALUES ('tqnm254', '666');
INSERT INTO TAIKHOAN VALUES ('lhk255', '666');
INSERT INTO TAIKHOAN VALUES ('tchl256', '666');
INSERT INTO TAIKHOAN VALUES ('kdc257', '666');
INSERT INTO TAIKHOAN VALUES ('vtm258', '666');
INSERT INTO TAIKHOAN VALUES ('tnd259', '666');
INSERT INTO TAIKHOAN VALUES ('ttny260', '666');
INSERT INTO TAIKHOAN VALUES ('htt261', '666');
INSERT INTO TAIKHOAN VALUES ('dhn262', '666');
INSERT INTO TAIKHOAN VALUES ('vtgh263', '666');
INSERT INTO TAIKHOAN VALUES ('tnq264', '666');
INSERT INTO TAIKHOAN VALUES ('dvna265', '666');
INSERT INTO TAIKHOAN VALUES ('dcmt266', '666');
INSERT INTO TAIKHOAN VALUES ('acy267', '666');
INSERT INTO TAIKHOAN VALUES ('cdt268', '666');
INSERT INTO TAIKHOAN VALUES ('pdb269', '666');
INSERT INTO TAIKHOAN VALUES ('ptnd270', '666');
INSERT INTO TAIKHOAN VALUES ('bvq271', '666');
INSERT INTO TAIKHOAN VALUES ('dtn272', '666');
INSERT INTO TAIKHOAN VALUES ('bva273', '666');
INSERT INTO TAIKHOAN VALUES ('hvq274', '666');
INSERT INTO TAIKHOAN VALUES ('cvht275', '666');
INSERT INTO TAIKHOAN VALUES ('thp276', '666');
INSERT INTO TAIKHOAN VALUES ('thv277', '666');
INSERT INTO TAIKHOAN VALUES ('ahn278', '666');
INSERT INTO TAIKHOAN VALUES ('lnp279', '666');
INSERT INTO TAIKHOAN VALUES ('pva280', '666');
INSERT INTO TAIKHOAN VALUES ('ttl281', '666');
INSERT INTO TAIKHOAN VALUES ('pdtt282', '666');
INSERT INTO TAIKHOAN VALUES ('ldpa283', '666');
INSERT INTO TAIKHOAN VALUES ('vvh284', '666');
INSERT INTO TAIKHOAN VALUES ('vthm285', '666');
INSERT INTO TAIKHOAN VALUES ('dda286', '666');
INSERT INTO TAIKHOAN VALUES ('ptk287', '666');
INSERT INTO TAIKHOAN VALUES ('avt288', '666');
INSERT INTO TAIKHOAN VALUES ('lnqn289', '666');
INSERT INTO TAIKHOAN VALUES ('tvh290', '666');
INSERT INTO TAIKHOAN VALUES ('hdq291', '666');
INSERT INTO TAIKHOAN VALUES ('pdb292', '666');
INSERT INTO TAIKHOAN VALUES ('dmbn293', '666');
INSERT INTO TAIKHOAN VALUES ('cvd294', '666');
INSERT INTO TAIKHOAN VALUES ('tvh295', '666');
INSERT INTO TAIKHOAN VALUES ('thh296', '666');
INSERT INTO TAIKHOAN VALUES ('dhh297', '666');
INSERT INTO TAIKHOAN VALUES ('dnh298', '666');
INSERT INTO TAIKHOAN VALUES ('acp299', '666');
INSERT INTO TAIKHOAN VALUES ('tvt300', '666');
INSERT INTO TAIKHOAN VALUES ('tdh301', '666');
INSERT INTO TAIKHOAN VALUES ('tdtt302', '666');
INSERT INTO TAIKHOAN VALUES ('lhk303', '666');
INSERT INTO TAIKHOAN VALUES ('ptnt304', '666');
INSERT INTO TAIKHOAN VALUES ('tqa305', '666');
INSERT INTO TAIKHOAN VALUES ('ntc306', '666');
INSERT INTO TAIKHOAN VALUES ('cat307', '666');
INSERT INTO TAIKHOAN VALUES ('ttht308', '666');
INSERT INTO TAIKHOAN VALUES ('tdm309', '666');
INSERT INTO TAIKHOAN VALUES ('pcn310', '666');
INSERT INTO TAIKHOAN VALUES ('tttt311', '666');
INSERT INTO TAIKHOAN VALUES ('tvh312', '666');
INSERT INTO TAIKHOAN VALUES ('dhht313', '666');
INSERT INTO TAIKHOAN VALUES ('mnhl314', '666');
INSERT INTO TAIKHOAN VALUES ('nhn315', '666');
INSERT INTO TAIKHOAN VALUES ('btp316', '666');
INSERT INTO TAIKHOAN VALUES ('lnh317', '666');
INSERT INTO TAIKHOAN VALUES ('cnt318', '666');
INSERT INTO TAIKHOAN VALUES ('tqa319', '666');
INSERT INTO TAIKHOAN VALUES ('nht320', '666');
INSERT INTO TAIKHOAN VALUES ('dvd321', '666');
INSERT INTO TAIKHOAN VALUES ('thhm322', '666');
INSERT INTO TAIKHOAN VALUES ('snl323', '666');
INSERT INTO TAIKHOAN VALUES ('vhna324', '666');
INSERT INTO TAIKHOAN VALUES ('pth325', '666');
INSERT INTO TAIKHOAN VALUES ('hvp326', '666');
INSERT INTO TAIKHOAN VALUES ('vvmt327', '666');
INSERT INTO TAIKHOAN VALUES ('ntd328', '666');
INSERT INTO TAIKHOAN VALUES ('thh329', '666');
INSERT INTO TAIKHOAN VALUES ('gct330', '666');
INSERT INTO TAIKHOAN VALUES ('hha331', '666');
INSERT INTO TAIKHOAN VALUES ('btt332', '666');
INSERT INTO TAIKHOAN VALUES ('thl333', '666');
INSERT INTO TAIKHOAN VALUES ('qma334', '666');
INSERT INTO TAIKHOAN VALUES ('lhk335', '666');
INSERT INTO TAIKHOAN VALUES ('cnqa336', '666');
INSERT INTO TAIKHOAN VALUES ('lth337', '666');
INSERT INTO TAIKHOAN VALUES ('thht338', '666');
INSERT INTO TAIKHOAN VALUES ('ptl339', '666');
INSERT INTO TAIKHOAN VALUES ('dmq340', '666');
INSERT INTO TAIKHOAN VALUES ('cmd341', '666');
INSERT INTO TAIKHOAN VALUES ('hvna342', '666');
INSERT INTO TAIKHOAN VALUES ('tdt343', '666');
INSERT INTO TAIKHOAN VALUES ('cnl344', '666');
INSERT INTO TAIKHOAN VALUES ('bhc345', '666');
INSERT INTO TAIKHOAN VALUES ('ndh346', '666');
INSERT INTO TAIKHOAN VALUES ('qhq347', '666');
INSERT INTO TAIKHOAN VALUES ('bhk348', '666');
INSERT INTO TAIKHOAN VALUES ('hcm349', '666');
INSERT INTO TAIKHOAN VALUES ('dhh350', '666');
INSERT INTO TAIKHOAN VALUES ('capa351', '666');
INSERT INTO TAIKHOAN VALUES ('dtk352', '666');
INSERT INTO TAIKHOAN VALUES ('utp353', '666');
INSERT INTO TAIKHOAN VALUES ('ghh354', '666');
INSERT INTO TAIKHOAN VALUES ('ktp355', '666');
INSERT INTO TAIKHOAN VALUES ('gtqa356', '666');
INSERT INTO TAIKHOAN VALUES ('ptk357', '666');
INSERT INTO TAIKHOAN VALUES ('tha358', '666');
INSERT INTO TAIKHOAN VALUES ('tna359', '666');
INSERT INTO TAIKHOAN VALUES ('tct360', '666');
INSERT INTO TAIKHOAN VALUES ('nvl361', '666');
INSERT INTO TAIKHOAN VALUES ('vhq362', '666');
INSERT INTO TAIKHOAN VALUES ('ktt363', '666');
INSERT INTO TAIKHOAN VALUES ('ptn364', '666');
INSERT INTO TAIKHOAN VALUES ('tta365', '666');
INSERT INTO TAIKHOAN VALUES ('ktd366', '666');
INSERT INTO TAIKHOAN VALUES ('phn367', '666');
INSERT INTO TAIKHOAN VALUES ('lvt368', '666');
INSERT INTO TAIKHOAN VALUES ('ddl369', '666');
INSERT INTO TAIKHOAN VALUES ('svh370', '666');
INSERT INTO TAIKHOAN VALUES ('dpth371', '666');
INSERT INTO TAIKHOAN VALUES ('uvh372', '666');
INSERT INTO TAIKHOAN VALUES ('ltn373', '666');
INSERT INTO TAIKHOAN VALUES ('tth374', '666');
INSERT INTO TAIKHOAN VALUES ('dvn375', '666');
INSERT INTO TAIKHOAN VALUES ('khl376', '666');
INSERT INTO TAIKHOAN VALUES ('qdd377', '666');
INSERT INTO TAIKHOAN VALUES ('ttmc378', '666');
INSERT INTO TAIKHOAN VALUES ('cctl379', '666');
INSERT INTO TAIKHOAN VALUES ('tvp380', '666');
INSERT INTO TAIKHOAN VALUES ('ttd381', '666');
INSERT INTO TAIKHOAN VALUES ('kcn382', '666');
INSERT INTO TAIKHOAN VALUES ('nhh383', '666');
INSERT INTO TAIKHOAN VALUES ('ltq384', '666');
INSERT INTO TAIKHOAN VALUES ('phk385', '666');
INSERT INTO TAIKHOAN VALUES ('dvt386', '666');
INSERT INTO TAIKHOAN VALUES ('kdh387', '666');
INSERT INTO TAIKHOAN VALUES ('lth388', '666');
INSERT INTO TAIKHOAN VALUES ('lvd389', '666');
INSERT INTO TAIKHOAN VALUES ('nvt390', '666');
INSERT INTO TAIKHOAN VALUES ('lcd391', '666');
INSERT INTO TAIKHOAN VALUES ('mth392', '666');
INSERT INTO TAIKHOAN VALUES ('hhhm393', '666');
INSERT INTO TAIKHOAN VALUES ('shv394', '666');
INSERT INTO TAIKHOAN VALUES ('hhk395', '666');
INSERT INTO TAIKHOAN VALUES ('bnp396', '666');
INSERT INTO TAIKHOAN VALUES ('dhmt397', '666');
INSERT INTO TAIKHOAN VALUES ('sdp398', '666');
INSERT INTO TAIKHOAN VALUES ('tdq399', '666');
INSERT INTO TAIKHOAN VALUES ('phd400', '666');
INSERT INTO TAIKHOAN VALUES ('hdy401', '666');
INSERT INTO TAIKHOAN VALUES ('thh402', '666');
INSERT INTO TAIKHOAN VALUES ('vtq403', '666');
INSERT INTO TAIKHOAN VALUES ('nhht404', '666');
INSERT INTO TAIKHOAN VALUES ('vvq405', '666');
INSERT INTO TAIKHOAN VALUES ('dhn406', '666');
INSERT INTO TAIKHOAN VALUES ('ttgh407', '666');
INSERT INTO TAIKHOAN VALUES ('dnn408', '666');
INSERT INTO TAIKHOAN VALUES ('cmth409', '666');
INSERT INTO TAIKHOAN VALUES ('hhh410', '666');
INSERT INTO TAIKHOAN VALUES ('ktl411', '666');
INSERT INTO TAIKHOAN VALUES ('vpn412', '666');
INSERT INTO TAIKHOAN VALUES ('dhd413', '666');
INSERT INTO TAIKHOAN VALUES ('chk414', '666');
INSERT INTO TAIKHOAN VALUES ('vnn415', '666');
INSERT INTO TAIKHOAN VALUES ('thb416', '666');
INSERT INTO TAIKHOAN VALUES ('pnk417', '666');
INSERT INTO TAIKHOAN VALUES ('tcq418', '666');
INSERT INTO TAIKHOAN VALUES ('tpgh419', '666');
INSERT INTO TAIKHOAN VALUES ('vtbn420', '666');
INSERT INTO TAIKHOAN VALUES ('dha421', '666');
INSERT INTO TAIKHOAN VALUES ('opna422', '666');
INSERT INTO TAIKHOAN VALUES ('dts423', '666');
INSERT INTO TAIKHOAN VALUES ('ahv424', '666');
INSERT INTO TAIKHOAN VALUES ('dth425', '666');
INSERT INTO TAIKHOAN VALUES ('cnh426', '666');
INSERT INTO TAIKHOAN VALUES ('pdl427', '666');
INSERT INTO TAIKHOAN VALUES ('ktl428', '666');
INSERT INTO TAIKHOAN VALUES ('tpl429', '666');
INSERT INTO TAIKHOAN VALUES ('lhq430', '666');
INSERT INTO TAIKHOAN VALUES ('khn431', '666');
INSERT INTO TAIKHOAN VALUES ('ltnm432', '666');
INSERT INTO TAIKHOAN VALUES ('gch433', '666');
INSERT INTO TAIKHOAN VALUES ('hhh434', '666');
INSERT INTO TAIKHOAN VALUES ('ltnl435', '666');
INSERT INTO TAIKHOAN VALUES ('vtqn436', '666');
INSERT INTO TAIKHOAN VALUES ('hna437', '666');
INSERT INTO TAIKHOAN VALUES ('ptt438', '666');
INSERT INTO TAIKHOAN VALUES ('dvq439', '666');
INSERT INTO TAIKHOAN VALUES ('bdk440', '666');
INSERT INTO TAIKHOAN VALUES ('mhq441', '666');
INSERT INTO TAIKHOAN VALUES ('dta442', '666');
INSERT INTO TAIKHOAN VALUES ('ttt443', '666');
INSERT INTO TAIKHOAN VALUES ('dtpa444', '666');
INSERT INTO TAIKHOAN VALUES ('ttmp445', '666');
INSERT INTO TAIKHOAN VALUES ('ddv446', '666');
INSERT INTO TAIKHOAN VALUES ('pth447', '666');
INSERT INTO TAIKHOAN VALUES ('hhn448', '666');
INSERT INTO TAIKHOAN VALUES ('tmt449', '666');
INSERT INTO TAIKHOAN VALUES ('phth450', '666');
INSERT INTO TAIKHOAN VALUES ('ctk451', '666');
INSERT INTO TAIKHOAN VALUES ('hvp452', '666');
INSERT INTO TAIKHOAN VALUES ('ltt453', '666');
INSERT INTO TAIKHOAN VALUES ('mts454', '666');
INSERT INTO TAIKHOAN VALUES ('dvny455', '666');
INSERT INTO TAIKHOAN VALUES ('thh456', '666');
INSERT INTO TAIKHOAN VALUES ('vhn457', '666');
INSERT INTO TAIKHOAN VALUES ('val458', '666');
INSERT INTO TAIKHOAN VALUES ('udh459', '666');
INSERT INTO TAIKHOAN VALUES ('pnd460', '666');
INSERT INTO TAIKHOAN VALUES ('vmhl461', '666');
INSERT INTO TAIKHOAN VALUES ('btt462', '666');
INSERT INTO TAIKHOAN VALUES ('dtt463', '666');
INSERT INTO TAIKHOAN VALUES ('dtl464', '666');
INSERT INTO TAIKHOAN VALUES ('stq465', '666');
INSERT INTO TAIKHOAN VALUES ('qmd466', '666');
INSERT INTO TAIKHOAN VALUES ('dth467', '666');
INSERT INTO TAIKHOAN VALUES ('lmk468', '666');
INSERT INTO TAIKHOAN VALUES ('kdt469', '666');
INSERT INTO TAIKHOAN VALUES ('vnd470', '666');
INSERT INTO TAIKHOAN VALUES ('ntn471', '666');
INSERT INTO TAIKHOAN VALUES ('cht472', '666');
INSERT INTO TAIKHOAN VALUES ('hdnl473', '666');
INSERT INTO TAIKHOAN VALUES ('kva474', '666');
INSERT INTO TAIKHOAN VALUES ('dnm475', '666');
INSERT INTO TAIKHOAN VALUES ('kdnm476', '666');
INSERT INTO TAIKHOAN VALUES ('ghv477', '666');
INSERT INTO TAIKHOAN VALUES ('cvb478', '666');
INSERT INTO TAIKHOAN VALUES ('qch479', '666');
INSERT INTO TAIKHOAN VALUES ('qvb480', '666');
INSERT INTO TAIKHOAN VALUES ('dha481', '666');
INSERT INTO TAIKHOAN VALUES ('ttl482', '666');
INSERT INTO TAIKHOAN VALUES ('tth483', '666');
INSERT INTO TAIKHOAN VALUES ('lhnd484', '666');
INSERT INTO TAIKHOAN VALUES ('lhht485', '666');
INSERT INTO TAIKHOAN VALUES ('pvs486', '666');
INSERT INTO TAIKHOAN VALUES ('thq487', '666');
INSERT INTO TAIKHOAN VALUES ('tav488', '666');
INSERT INTO TAIKHOAN VALUES ('ttd489', '666');
INSERT INTO TAIKHOAN VALUES ('ndn490', '666');
INSERT INTO TAIKHOAN VALUES ('ndk491', '666');
INSERT INTO TAIKHOAN VALUES ('tdp492', '666');
INSERT INTO TAIKHOAN VALUES ('sty493', '666');
INSERT INTO TAIKHOAN VALUES ('ltn494', '666');
INSERT INTO TAIKHOAN VALUES ('pcn495', '666');
INSERT INTO TAIKHOAN VALUES ('lct496', '666');
INSERT INTO TAIKHOAN VALUES ('tvq497', '666');
INSERT INTO TAIKHOAN VALUES ('ctnt498', '666');
INSERT INTO TAIKHOAN VALUES ('nqt499', '666');
INSERT INTO TAIKHOAN VALUES ('ltl500', '666');
INSERT INTO TAIKHOAN VALUES ('tvk501', '666');


INSERT INTO QUYEN VALUES ('ADMIN', N'Quy?n dành cho qu?n lý');
INSERT INTO QUYEN VALUES ('PATIENT', N'Quy?n dành cho b?nh nhân');
INSERT INTO QUYEN VALUES ('CASHIER', N'Quy?n dành cho nhân viên thu ngân');
INSERT INTO QUYEN VALUES ('RECEIVING', N'Quy?n dành cho nhân viên Ti?p nh?n');
INSERT INTO QUYEN VALUES ('DOCTOR', N'Quy?n dành cho bác s?');

INSERT INTO PHANQUYENTAIKHOAN VALUES ('quanly', 'ADMIN');
INSERT INTO PHANQUYENTAIKHOAN VALUES ('nhuquynh', 'CASHIER');
INSERT INTO PHANQUYENTAIKHOAN VALUES ('thanhtruc', 'CASHIER');
INSERT INTO PHANQUYENTAIKHOAN VALUES ('ductruong', 'RECEIVING');
INSERT INTO PHANQUYENTAIKHOAN VALUES ('baongan', 'RECEIVING');
INSERT INTO PHANQUYENTAIKHOAN VALUES ('ttd1', 'DOCTOR');
INSERT INTO PHANQUYENTAIKHOAN VALUES ('tvh2', 'DOCTOR');
INSERT INTO PHANQUYENTAIKHOAN VALUES ('nvn3', 'DOCTOR');
INSERT INTO PHANQUYENTAIKHOAN VALUES ('dtt5', 'DOCTOR');
INSERT INTO PHANQUYENTAIKHOAN VALUES ('httt6', 'DOCTOR');
INSERT INTO PHANQUYENTAIKHOAN VALUES ('tko7', 'DOCTOR');
INSERT INTO PHANQUYENTAIKHOAN VALUES ('tdm8', 'DOCTOR');
INSERT INTO PHANQUYENTAIKHOAN VALUES ('vttd9', 'DOCTOR');
INSERT INTO PHANQUYENTAIKHOAN VALUES ('tnh11', 'DOCTOR');
INSERT INTO PHANQUYENTAIKHOAN VALUES ('ntlh12', 'DOCTOR');
INSERT INTO PHANQUYENTAIKHOAN VALUES ('ttd13', 'DOCTOR');
INSERT INTO PHANQUYENTAIKHOAN VALUES ('ndt14', 'DOCTOR');
INSERT INTO PHANQUYENTAIKHOAN VALUES ('tttt15', 'DOCTOR');
INSERT INTO PHANQUYENTAIKHOAN VALUES ('hvmm16', 'DOCTOR');
INSERT INTO PHANQUYENTAIKHOAN VALUES ('ndh17', 'DOCTOR');
INSERT INTO PHANQUYENTAIKHOAN VALUES ('ntc18', 'DOCTOR');
INSERT INTO PHANQUYENTAIKHOAN VALUES ('dqh20', 'DOCTOR');
INSERT INTO PHANQUYENTAIKHOAN VALUES ('lxn21', 'DOCTOR');
INSERT INTO PHANQUYENTAIKHOAN VALUES ('nptl22', 'DOCTOR');
INSERT INTO PHANQUYENTAIKHOAN VALUES ('nts23', 'DOCTOR');
INSERT INTO PHANQUYENTAIKHOAN VALUES ('lth24', 'DOCTOR');
INSERT INTO PHANQUYENTAIKHOAN VALUES ('tnt25', 'DOCTOR');
INSERT INTO PHANQUYENTAIKHOAN VALUES ('cdn26', 'DOCTOR');
INSERT INTO PHANQUYENTAIKHOAN VALUES ('nqc27', 'DOCTOR');
INSERT INTO PHANQUYENTAIKHOAN VALUES ('tqa28', 'DOCTOR');
INSERT INTO PHANQUYENTAIKHOAN VALUES ('tav29', 'DOCTOR');
INSERT INTO PHANQUYENTAIKHOAN VALUES ('htkq30', 'DOCTOR');
INSERT INTO PHANQUYENTAIKHOAN VALUES ('nqn31', 'DOCTOR');
INSERT INTO PHANQUYENTAIKHOAN VALUES ('dtt32', 'DOCTOR');
INSERT INTO PHANQUYENTAIKHOAN VALUES ('htl33', 'DOCTOR');
INSERT INTO PHANQUYENTAIKHOAN VALUES ('mmt34', 'DOCTOR');
INSERT INTO PHANQUYENTAIKHOAN VALUES ('lqh35', 'DOCTOR');
INSERT INTO PHANQUYENTAIKHOAN VALUES ('nvn36', 'DOCTOR');
INSERT INTO PHANQUYENTAIKHOAN VALUES ('dtd37', 'DOCTOR');
INSERT INTO PHANQUYENTAIKHOAN VALUES ('ttnl38', 'DOCTOR');
INSERT INTO PHANQUYENTAIKHOAN VALUES ('tdh39', 'DOCTOR');
INSERT INTO PHANQUYENTAIKHOAN VALUES ('ctn40', 'DOCTOR');
INSERT INTO PHANQUYENTAIKHOAN VALUES ('tdh41', 'DOCTOR');
INSERT INTO PHANQUYENTAIKHOAN VALUES ('ltla42', 'DOCTOR');
INSERT INTO PHANQUYENTAIKHOAN VALUES ('nvl43', 'DOCTOR');
INSERT INTO PHANQUYENTAIKHOAN VALUES ('lvk44', 'DOCTOR');
INSERT INTO PHANQUYENTAIKHOAN VALUES ('lnm45', 'DOCTOR');
INSERT INTO PHANQUYENTAIKHOAN VALUES ('qtbt46', 'DOCTOR');
INSERT INTO PHANQUYENTAIKHOAN VALUES ('ptx47', 'DOCTOR');
INSERT INTO PHANQUYENTAIKHOAN VALUES ('ptpt48', 'DOCTOR');
INSERT INTO PHANQUYENTAIKHOAN VALUES ('nqk49', 'DOCTOR');
INSERT INTO PHANQUYENTAIKHOAN VALUES ('dcl50', 'DOCTOR');
INSERT INTO PHANQUYENTAIKHOAN VALUES ('tttp1', 'PATIENT');
INSERT INTO PHANQUYENTAIKHOAN VALUES ('nqt2', 'PATIENT');
INSERT INTO PHANQUYENTAIKHOAN VALUES ('dhnt3', 'PATIENT');
INSERT INTO PHANQUYENTAIKHOAN VALUES ('tvbn4', 'PATIENT');
INSERT INTO PHANQUYENTAIKHOAN VALUES ('mqhm5', 'PATIENT');
INSERT INTO PHANQUYENTAIKHOAN VALUES ('tda6', 'PATIENT');
INSERT INTO PHANQUYENTAIKHOAN VALUES ('gpq7', 'PATIENT');
INSERT INTO PHANQUYENTAIKHOAN VALUES ('pcd8', 'PATIENT');
INSERT INTO PHANQUYENTAIKHOAN VALUES ('tvx9', 'PATIENT');
INSERT INTO PHANQUYENTAIKHOAN VALUES ('pttl10', 'PATIENT');
INSERT INTO PHANQUYENTAIKHOAN VALUES ('tmh11', 'PATIENT');
INSERT INTO PHANQUYENTAIKHOAN VALUES ('phna12', 'PATIENT');
INSERT INTO PHANQUYENTAIKHOAN VALUES ('lhth13', 'PATIENT');
INSERT INTO PHANQUYENTAIKHOAN VALUES ('thv14', 'PATIENT');
INSERT INTO PHANQUYENTAIKHOAN VALUES ('vnq15', 'PATIENT');
INSERT INTO PHANQUYENTAIKHOAN VALUES ('npb16', 'PATIENT');
INSERT INTO PHANQUYENTAIKHOAN VALUES ('shn17', 'PATIENT');
INSERT INTO PHANQUYENTAIKHOAN VALUES ('vtk18', 'PATIENT');
INSERT INTO PHANQUYENTAIKHOAN VALUES ('htl19', 'PATIENT');
INSERT INTO PHANQUYENTAIKHOAN VALUES ('cdp20', 'PATIENT');
INSERT INTO PHANQUYENTAIKHOAN VALUES ('tdl21', 'PATIENT');
INSERT INTO PHANQUYENTAIKHOAN VALUES ('tvk22', 'PATIENT');
INSERT INTO PHANQUYENTAIKHOAN VALUES ('chmc23', 'PATIENT');
INSERT INTO PHANQUYENTAIKHOAN VALUES ('tqt24', 'PATIENT');
INSERT INTO PHANQUYENTAIKHOAN VALUES ('nht25', 'PATIENT');
INSERT INTO PHANQUYENTAIKHOAN VALUES ('thv26', 'PATIENT');
INSERT INTO PHANQUYENTAIKHOAN VALUES ('nnp27', 'PATIENT');
INSERT INTO PHANQUYENTAIKHOAN VALUES ('tpt28', 'PATIENT');
INSERT INTO PHANQUYENTAIKHOAN VALUES ('thtl29', 'PATIENT');
INSERT INTO PHANQUYENTAIKHOAN VALUES ('pnnl30', 'PATIENT');
INSERT INTO PHANQUYENTAIKHOAN VALUES ('vhv31', 'PATIENT');
INSERT INTO PHANQUYENTAIKHOAN VALUES ('htv32', 'PATIENT');
INSERT INTO PHANQUYENTAIKHOAN VALUES ('dtqn33', 'PATIENT');
INSERT INTO PHANQUYENTAIKHOAN VALUES ('ltv34', 'PATIENT');
INSERT INTO PHANQUYENTAIKHOAN VALUES ('gvv35', 'PATIENT');
INSERT INTO PHANQUYENTAIKHOAN VALUES ('dthm36', 'PATIENT');
INSERT INTO PHANQUYENTAIKHOAN VALUES ('vpth37', 'PATIENT');
INSERT INTO PHANQUYENTAIKHOAN VALUES ('chnt38', 'PATIENT');
INSERT INTO PHANQUYENTAIKHOAN VALUES ('vtt39', 'PATIENT');
INSERT INTO PHANQUYENTAIKHOAN VALUES ('lht40', 'PATIENT');
INSERT INTO PHANQUYENTAIKHOAN VALUES ('dvnd41', 'PATIENT');
INSERT INTO PHANQUYENTAIKHOAN VALUES ('ndh42', 'PATIENT');
INSERT INTO PHANQUYENTAIKHOAN VALUES ('mvt43', 'PATIENT');
INSERT INTO PHANQUYENTAIKHOAN VALUES ('dab44', 'PATIENT');
INSERT INTO PHANQUYENTAIKHOAN VALUES ('tht45', 'PATIENT');
INSERT INTO PHANQUYENTAIKHOAN VALUES ('mvp46', 'PATIENT');
INSERT INTO PHANQUYENTAIKHOAN VALUES ('kta47', 'PATIENT');
INSERT INTO PHANQUYENTAIKHOAN VALUES ('phna48', 'PATIENT');
INSERT INTO PHANQUYENTAIKHOAN VALUES ('ott49', 'PATIENT');
INSERT INTO PHANQUYENTAIKHOAN VALUES ('ndl50', 'PATIENT');
INSERT INTO PHANQUYENTAIKHOAN VALUES ('khp51', 'PATIENT');
INSERT INTO PHANQUYENTAIKHOAN VALUES ('pvth52', 'PATIENT');
INSERT INTO PHANQUYENTAIKHOAN VALUES ('tch53', 'PATIENT');
INSERT INTO PHANQUYENTAIKHOAN VALUES ('dny54', 'PATIENT');
INSERT INTO PHANQUYENTAIKHOAN VALUES ('damt55', 'PATIENT');
INSERT INTO PHANQUYENTAIKHOAN VALUES ('thh56', 'PATIENT');
INSERT INTO PHANQUYENTAIKHOAN VALUES ('lvl57', 'PATIENT');
INSERT INTO PHANQUYENTAIKHOAN VALUES ('hct58', 'PATIENT');
INSERT INTO PHANQUYENTAIKHOAN VALUES ('tth59', 'PATIENT');
INSERT INTO PHANQUYENTAIKHOAN VALUES ('mpl60', 'PATIENT');
INSERT INTO PHANQUYENTAIKHOAN VALUES ('tvk61', 'PATIENT');
INSERT INTO PHANQUYENTAIKHOAN VALUES ('chn62', 'PATIENT');
INSERT INTO PHANQUYENTAIKHOAN VALUES ('qvd63', 'PATIENT');
INSERT INTO PHANQUYENTAIKHOAN VALUES ('pdt64', 'PATIENT');
INSERT INTO PHANQUYENTAIKHOAN VALUES ('kqa65', 'PATIENT');
INSERT INTO PHANQUYENTAIKHOAN VALUES ('vhl66', 'PATIENT');
INSERT INTO PHANQUYENTAIKHOAN VALUES ('ktp67', 'PATIENT');
INSERT INTO PHANQUYENTAIKHOAN VALUES ('tdht68', 'PATIENT');
INSERT INTO PHANQUYENTAIKHOAN VALUES ('ntt69', 'PATIENT');
INSERT INTO PHANQUYENTAIKHOAN VALUES ('stk70', 'PATIENT');
INSERT INTO PHANQUYENTAIKHOAN VALUES ('bpq71', 'PATIENT');
INSERT INTO PHANQUYENTAIKHOAN VALUES ('thl72', 'PATIENT');
INSERT INTO PHANQUYENTAIKHOAN VALUES ('vvt73', 'PATIENT');
INSERT INTO PHANQUYENTAIKHOAN VALUES ('thp74', 'PATIENT');
INSERT INTO PHANQUYENTAIKHOAN VALUES ('btp75', 'PATIENT');
INSERT INTO PHANQUYENTAIKHOAN VALUES ('lhtl76', 'PATIENT');
INSERT INTO PHANQUYENTAIKHOAN VALUES ('vny77', 'PATIENT');
INSERT INTO PHANQUYENTAIKHOAN VALUES ('kntt78', 'PATIENT');
INSERT INTO PHANQUYENTAIKHOAN VALUES ('vhnm79', 'PATIENT');
INSERT INTO PHANQUYENTAIKHOAN VALUES ('khk80', 'PATIENT');
INSERT INTO PHANQUYENTAIKHOAN VALUES ('tdm81', 'PATIENT');
INSERT INTO PHANQUYENTAIKHOAN VALUES ('dcnt82', 'PATIENT');
INSERT INTO PHANQUYENTAIKHOAN VALUES ('kqny83', 'PATIENT');
INSERT INTO PHANQUYENTAIKHOAN VALUES ('nph84', 'PATIENT');
INSERT INTO PHANQUYENTAIKHOAN VALUES ('ctl85', 'PATIENT');
INSERT INTO PHANQUYENTAIKHOAN VALUES ('ovl86', 'PATIENT');
INSERT INTO PHANQUYENTAIKHOAN VALUES ('nhnd87', 'PATIENT');
INSERT INTO PHANQUYENTAIKHOAN VALUES ('vtmp88', 'PATIENT');
INSERT INTO PHANQUYENTAIKHOAN VALUES ('ktd89', 'PATIENT');
INSERT INTO PHANQUYENTAIKHOAN VALUES ('mvny90', 'PATIENT');
INSERT INTO PHANQUYENTAIKHOAN VALUES ('ppnm91', 'PATIENT');
INSERT INTO PHANQUYENTAIKHOAN VALUES ('cagh92', 'PATIENT');
INSERT INTO PHANQUYENTAIKHOAN VALUES ('kht93', 'PATIENT');
INSERT INTO PHANQUYENTAIKHOAN VALUES ('dtt94', 'PATIENT');
INSERT INTO PHANQUYENTAIKHOAN VALUES ('bmd95', 'PATIENT');
INSERT INTO PHANQUYENTAIKHOAN VALUES ('kcq96', 'PATIENT');
INSERT INTO PHANQUYENTAIKHOAN VALUES ('tth97', 'PATIENT');
INSERT INTO PHANQUYENTAIKHOAN VALUES ('uhv98', 'PATIENT');
INSERT INTO PHANQUYENTAIKHOAN VALUES ('ttb99', 'PATIENT');
INSERT INTO PHANQUYENTAIKHOAN VALUES ('tdtl100', 'PATIENT');
INSERT INTO PHANQUYENTAIKHOAN VALUES ('pht101', 'PATIENT');
INSERT INTO PHANQUYENTAIKHOAN VALUES ('ltt102', 'PATIENT');
INSERT INTO PHANQUYENTAIKHOAN VALUES ('bhnd103', 'PATIENT');
INSERT INTO PHANQUYENTAIKHOAN VALUES ('dtht104', 'PATIENT');
INSERT INTO PHANQUYENTAIKHOAN VALUES ('ntt105', 'PATIENT');
INSERT INTO PHANQUYENTAIKHOAN VALUES ('tvh106', 'PATIENT');
INSERT INTO PHANQUYENTAIKHOAN VALUES ('pttl107', 'PATIENT');
INSERT INTO PHANQUYENTAIKHOAN VALUES ('dmb108', 'PATIENT');
INSERT INTO PHANQUYENTAIKHOAN VALUES ('thq109', 'PATIENT');
INSERT INTO PHANQUYENTAIKHOAN VALUES ('kqa110', 'PATIENT');
INSERT INTO PHANQUYENTAIKHOAN VALUES ('bvv111', 'PATIENT');
INSERT INTO PHANQUYENTAIKHOAN VALUES ('chl112', 'PATIENT');
INSERT INTO PHANQUYENTAIKHOAN VALUES ('vhd113', 'PATIENT');
INSERT INTO PHANQUYENTAIKHOAN VALUES ('bvp114', 'PATIENT');
INSERT INTO PHANQUYENTAIKHOAN VALUES ('ttq115', 'PATIENT');
INSERT INTO PHANQUYENTAIKHOAN VALUES ('vtt116', 'PATIENT');
INSERT INTO PHANQUYENTAIKHOAN VALUES ('ctnm117', 'PATIENT');
INSERT INTO PHANQUYENTAIKHOAN VALUES ('dty118', 'PATIENT');
INSERT INTO PHANQUYENTAIKHOAN VALUES ('btpa119', 'PATIENT');
INSERT INTO PHANQUYENTAIKHOAN VALUES ('dvtl120', 'PATIENT');
INSERT INTO PHANQUYENTAIKHOAN VALUES ('tqk121', 'PATIENT');
INSERT INTO PHANQUYENTAIKHOAN VALUES ('ktv122', 'PATIENT');
INSERT INTO PHANQUYENTAIKHOAN VALUES ('chk123', 'PATIENT');
INSERT INTO PHANQUYENTAIKHOAN VALUES ('kvnm124', 'PATIENT');
INSERT INTO PHANQUYENTAIKHOAN VALUES ('knt125', 'PATIENT');
INSERT INTO PHANQUYENTAIKHOAN VALUES ('tnt126', 'PATIENT');
INSERT INTO PHANQUYENTAIKHOAN VALUES ('hnm127', 'PATIENT');
INSERT INTO PHANQUYENTAIKHOAN VALUES ('bdl128', 'PATIENT');
INSERT INTO PHANQUYENTAIKHOAN VALUES ('ttk129', 'PATIENT');
INSERT INTO PHANQUYENTAIKHOAN VALUES ('vttl130', 'PATIENT');
INSERT INTO PHANQUYENTAIKHOAN VALUES ('knh131', 'PATIENT');
INSERT INTO PHANQUYENTAIKHOAN VALUES ('nnt132', 'PATIENT');
INSERT INTO PHANQUYENTAIKHOAN VALUES ('ndnd133', 'PATIENT');
INSERT INTO PHANQUYENTAIKHOAN VALUES ('dhp134', 'PATIENT');
INSERT INTO PHANQUYENTAIKHOAN VALUES ('ddt135', 'PATIENT');
INSERT INTO PHANQUYENTAIKHOAN VALUES ('tmn136', 'PATIENT');
INSERT INTO PHANQUYENTAIKHOAN VALUES ('htn137', 'PATIENT');
INSERT INTO PHANQUYENTAIKHOAN VALUES ('bvt138', 'PATIENT');
INSERT INTO PHANQUYENTAIKHOAN VALUES ('hb139', 'PATIENT');
INSERT INTO PHANQUYENTAIKHOAN VALUES ('dvt140', 'PATIENT');
INSERT INTO PHANQUYENTAIKHOAN VALUES ('tqt141', 'PATIENT');
INSERT INTO PHANQUYENTAIKHOAN VALUES ('dth142', 'PATIENT');
INSERT INTO PHANQUYENTAIKHOAN VALUES ('gpgh143', 'PATIENT');
INSERT INTO PHANQUYENTAIKHOAN VALUES ('pdn144', 'PATIENT');
INSERT INTO PHANQUYENTAIKHOAN VALUES ('ttt145', 'PATIENT');
INSERT INTO PHANQUYENTAIKHOAN VALUES ('mtt146', 'PATIENT');
INSERT INTO PHANQUYENTAIKHOAN VALUES ('mtt147', 'PATIENT');
INSERT INTO PHANQUYENTAIKHOAN VALUES ('vcq148', 'PATIENT');
INSERT INTO PHANQUYENTAIKHOAN VALUES ('dtp149', 'PATIENT');
INSERT INTO PHANQUYENTAIKHOAN VALUES ('ddt150', 'PATIENT');
INSERT INTO PHANQUYENTAIKHOAN VALUES ('tth151', 'PATIENT');
INSERT INTO PHANQUYENTAIKHOAN VALUES ('thd152', 'PATIENT');
INSERT INTO PHANQUYENTAIKHOAN VALUES ('kvn153', 'PATIENT');
INSERT INTO PHANQUYENTAIKHOAN VALUES ('tnh154', 'PATIENT');
INSERT INTO PHANQUYENTAIKHOAN VALUES ('ptnl155', 'PATIENT');
INSERT INTO PHANQUYENTAIKHOAN VALUES ('qqh156', 'PATIENT');
INSERT INTO PHANQUYENTAIKHOAN VALUES ('tvc157', 'PATIENT');
INSERT INTO PHANQUYENTAIKHOAN VALUES ('vcp158', 'PATIENT');
INSERT INTO PHANQUYENTAIKHOAN VALUES ('vnt159', 'PATIENT');
INSERT INTO PHANQUYENTAIKHOAN VALUES ('thl160', 'PATIENT');
INSERT INTO PHANQUYENTAIKHOAN VALUES ('ctnd161', 'PATIENT');
INSERT INTO PHANQUYENTAIKHOAN VALUES ('bhn162', 'PATIENT');
INSERT INTO PHANQUYENTAIKHOAN VALUES ('chl163', 'PATIENT');
INSERT INTO PHANQUYENTAIKHOAN VALUES ('hnt164', 'PATIENT');
INSERT INTO PHANQUYENTAIKHOAN VALUES ('tphl165', 'PATIENT');
INSERT INTO PHANQUYENTAIKHOAN VALUES ('odv166', 'PATIENT');
INSERT INTO PHANQUYENTAIKHOAN VALUES ('pvqn167', 'PATIENT');
INSERT INTO PHANQUYENTAIKHOAN VALUES ('khtt168', 'PATIENT');
INSERT INTO PHANQUYENTAIKHOAN VALUES ('tnp169', 'PATIENT');
INSERT INTO PHANQUYENTAIKHOAN VALUES ('dtd170', 'PATIENT');
INSERT INTO PHANQUYENTAIKHOAN VALUES ('bhp171', 'PATIENT');
INSERT INTO PHANQUYENTAIKHOAN VALUES ('dtq172', 'PATIENT');
INSERT INTO PHANQUYENTAIKHOAN VALUES ('tth173', 'PATIENT');
INSERT INTO PHANQUYENTAIKHOAN VALUES ('tttl174', 'PATIENT');
INSERT INTO PHANQUYENTAIKHOAN VALUES ('hhmt175', 'PATIENT');
INSERT INTO PHANQUYENTAIKHOAN VALUES ('dmt176', 'PATIENT');
INSERT INTO PHANQUYENTAIKHOAN VALUES ('thv177', 'PATIENT');
INSERT INTO PHANQUYENTAIKHOAN VALUES ('vnht178', 'PATIENT');
INSERT INTO PHANQUYENTAIKHOAN VALUES ('latl179', 'PATIENT');
INSERT INTO PHANQUYENTAIKHOAN VALUES ('hpd180', 'PATIENT');
INSERT INTO PHANQUYENTAIKHOAN VALUES ('tvq181', 'PATIENT');
INSERT INTO PHANQUYENTAIKHOAN VALUES ('dhn182', 'PATIENT');
INSERT INTO PHANQUYENTAIKHOAN VALUES ('htt183', 'PATIENT');
INSERT INTO PHANQUYENTAIKHOAN VALUES ('chn184', 'PATIENT');
INSERT INTO PHANQUYENTAIKHOAN VALUES ('mph185', 'PATIENT');
INSERT INTO PHANQUYENTAIKHOAN VALUES ('vmt186', 'PATIENT');
INSERT INTO PHANQUYENTAIKHOAN VALUES ('lnd187', 'PATIENT');
INSERT INTO PHANQUYENTAIKHOAN VALUES ('hdnm188', 'PATIENT');
INSERT INTO PHANQUYENTAIKHOAN VALUES ('qvl189', 'PATIENT');
INSERT INTO PHANQUYENTAIKHOAN VALUES ('lcnd190', 'PATIENT');
INSERT INTO PHANQUYENTAIKHOAN VALUES ('tny191', 'PATIENT');
INSERT INTO PHANQUYENTAIKHOAN VALUES ('tpt192', 'PATIENT');
INSERT INTO PHANQUYENTAIKHOAN VALUES ('qttl193', 'PATIENT');
INSERT INTO PHANQUYENTAIKHOAN VALUES ('cnnl194', 'PATIENT');
INSERT INTO PHANQUYENTAIKHOAN VALUES ('ddt195', 'PATIENT');
INSERT INTO PHANQUYENTAIKHOAN VALUES ('tht196', 'PATIENT');
INSERT INTO PHANQUYENTAIKHOAN VALUES ('tmh197', 'PATIENT');
INSERT INTO PHANQUYENTAIKHOAN VALUES ('pdl198', 'PATIENT');
INSERT INTO PHANQUYENTAIKHOAN VALUES ('kdth199', 'PATIENT');
INSERT INTO PHANQUYENTAIKHOAN VALUES ('npv200', 'PATIENT');
INSERT INTO PHANQUYENTAIKHOAN VALUES ('dnth201', 'PATIENT');
INSERT INTO PHANQUYENTAIKHOAN VALUES ('cqd202', 'PATIENT');
INSERT INTO PHANQUYENTAIKHOAN VALUES ('hnq203', 'PATIENT');
INSERT INTO PHANQUYENTAIKHOAN VALUES ('vhhm204', 'PATIENT');
INSERT INTO PHANQUYENTAIKHOAN VALUES ('dhn205', 'PATIENT');
INSERT INTO PHANQUYENTAIKHOAN VALUES ('cqbn206', 'PATIENT');
INSERT INTO PHANQUYENTAIKHOAN VALUES ('hct207', 'PATIENT');
INSERT INTO PHANQUYENTAIKHOAN VALUES ('ptt208', 'PATIENT');
INSERT INTO PHANQUYENTAIKHOAN VALUES ('cdq209', 'PATIENT');
INSERT INTO PHANQUYENTAIKHOAN VALUES ('laht210', 'PATIENT');
INSERT INTO PHANQUYENTAIKHOAN VALUES ('dtth211', 'PATIENT');
INSERT INTO PHANQUYENTAIKHOAN VALUES ('mvt212', 'PATIENT');
INSERT INTO PHANQUYENTAIKHOAN VALUES ('ttv213', 'PATIENT');
INSERT INTO PHANQUYENTAIKHOAN VALUES ('tva214', 'PATIENT');
INSERT INTO PHANQUYENTAIKHOAN VALUES ('thm215', 'PATIENT');
INSERT INTO PHANQUYENTAIKHOAN VALUES ('ktt216', 'PATIENT');
INSERT INTO PHANQUYENTAIKHOAN VALUES ('vpt217', 'PATIENT');
INSERT INTO PHANQUYENTAIKHOAN VALUES ('ttnl218', 'PATIENT');
INSERT INTO PHANQUYENTAIKHOAN VALUES ('dmk219', 'PATIENT');
INSERT INTO PHANQUYENTAIKHOAN VALUES ('dhhm220', 'PATIENT');
INSERT INTO PHANQUYENTAIKHOAN VALUES ('qtny221', 'PATIENT');
INSERT INTO PHANQUYENTAIKHOAN VALUES ('bqmc222', 'PATIENT');
INSERT INTO PHANQUYENTAIKHOAN VALUES ('bmp223', 'PATIENT');
INSERT INTO PHANQUYENTAIKHOAN VALUES ('tqpa224', 'PATIENT');
INSERT INTO PHANQUYENTAIKHOAN VALUES ('cnbn225', 'PATIENT');
INSERT INTO PHANQUYENTAIKHOAN VALUES ('bvx226', 'PATIENT');
INSERT INTO PHANQUYENTAIKHOAN VALUES ('ddc227', 'PATIENT');
INSERT INTO PHANQUYENTAIKHOAN VALUES ('pvt228', 'PATIENT');
INSERT INTO PHANQUYENTAIKHOAN VALUES ('mdh229', 'PATIENT');
INSERT INTO PHANQUYENTAIKHOAN VALUES ('htd230', 'PATIENT');
INSERT INTO PHANQUYENTAIKHOAN VALUES ('hnb231', 'PATIENT');
INSERT INTO PHANQUYENTAIKHOAN VALUES ('dtb232', 'PATIENT');
INSERT INTO PHANQUYENTAIKHOAN VALUES ('mvh233', 'PATIENT');
INSERT INTO PHANQUYENTAIKHOAN VALUES ('hps234', 'PATIENT');
INSERT INTO PHANQUYENTAIKHOAN VALUES ('nvx235', 'PATIENT');
INSERT INTO PHANQUYENTAIKHOAN VALUES ('tdt236', 'PATIENT');
INSERT INTO PHANQUYENTAIKHOAN VALUES ('bmk237', 'PATIENT');
INSERT INTO PHANQUYENTAIKHOAN VALUES ('dtt238', 'PATIENT');
INSERT INTO PHANQUYENTAIKHOAN VALUES ('nht239', 'PATIENT');
INSERT INTO PHANQUYENTAIKHOAN VALUES ('ptv240', 'PATIENT');
INSERT INTO PHANQUYENTAIKHOAN VALUES ('htl241', 'PATIENT');
INSERT INTO PHANQUYENTAIKHOAN VALUES ('kvb242', 'PATIENT');
INSERT INTO PHANQUYENTAIKHOAN VALUES ('ntv243', 'PATIENT');
INSERT INTO PHANQUYENTAIKHOAN VALUES ('gtt244', 'PATIENT');
INSERT INTO PHANQUYENTAIKHOAN VALUES ('mhm245', 'PATIENT');
INSERT INTO PHANQUYENTAIKHOAN VALUES ('thh246', 'PATIENT');
INSERT INTO PHANQUYENTAIKHOAN VALUES ('tvp247', 'PATIENT');
INSERT INTO PHANQUYENTAIKHOAN VALUES ('lhn248', 'PATIENT');
INSERT INTO PHANQUYENTAIKHOAN VALUES ('phn249', 'PATIENT');
INSERT INTO PHANQUYENTAIKHOAN VALUES ('dnb250', 'PATIENT');
INSERT INTO PHANQUYENTAIKHOAN VALUES ('ddtt251', 'PATIENT');
INSERT INTO PHANQUYENTAIKHOAN VALUES ('ttm252', 'PATIENT');
INSERT INTO PHANQUYENTAIKHOAN VALUES ('cvnt253', 'PATIENT');
INSERT INTO PHANQUYENTAIKHOAN VALUES ('tqnm254', 'PATIENT');
INSERT INTO PHANQUYENTAIKHOAN VALUES ('lhk255', 'PATIENT');
INSERT INTO PHANQUYENTAIKHOAN VALUES ('tchl256', 'PATIENT');
INSERT INTO PHANQUYENTAIKHOAN VALUES ('kdc257', 'PATIENT');
INSERT INTO PHANQUYENTAIKHOAN VALUES ('vtm258', 'PATIENT');
INSERT INTO PHANQUYENTAIKHOAN VALUES ('tnd259', 'PATIENT');
INSERT INTO PHANQUYENTAIKHOAN VALUES ('ttny260', 'PATIENT');
INSERT INTO PHANQUYENTAIKHOAN VALUES ('htt261', 'PATIENT');
INSERT INTO PHANQUYENTAIKHOAN VALUES ('dhn262', 'PATIENT');
INSERT INTO PHANQUYENTAIKHOAN VALUES ('vtgh263', 'PATIENT');
INSERT INTO PHANQUYENTAIKHOAN VALUES ('tnq264', 'PATIENT');
INSERT INTO PHANQUYENTAIKHOAN VALUES ('dvna265', 'PATIENT');
INSERT INTO PHANQUYENTAIKHOAN VALUES ('dcmt266', 'PATIENT');
INSERT INTO PHANQUYENTAIKHOAN VALUES ('acy267', 'PATIENT');
INSERT INTO PHANQUYENTAIKHOAN VALUES ('cdt268', 'PATIENT');
INSERT INTO PHANQUYENTAIKHOAN VALUES ('pdb269', 'PATIENT');
INSERT INTO PHANQUYENTAIKHOAN VALUES ('ptnd270', 'PATIENT');
INSERT INTO PHANQUYENTAIKHOAN VALUES ('bvq271', 'PATIENT');
INSERT INTO PHANQUYENTAIKHOAN VALUES ('dtn272', 'PATIENT');
INSERT INTO PHANQUYENTAIKHOAN VALUES ('bva273', 'PATIENT');
INSERT INTO PHANQUYENTAIKHOAN VALUES ('hvq274', 'PATIENT');
INSERT INTO PHANQUYENTAIKHOAN VALUES ('cvht275', 'PATIENT');
INSERT INTO PHANQUYENTAIKHOAN VALUES ('thp276', 'PATIENT');
INSERT INTO PHANQUYENTAIKHOAN VALUES ('thv277', 'PATIENT');
INSERT INTO PHANQUYENTAIKHOAN VALUES ('ahn278', 'PATIENT');
INSERT INTO PHANQUYENTAIKHOAN VALUES ('lnp279', 'PATIENT');
INSERT INTO PHANQUYENTAIKHOAN VALUES ('pva280', 'PATIENT');
INSERT INTO PHANQUYENTAIKHOAN VALUES ('ttl281', 'PATIENT');
INSERT INTO PHANQUYENTAIKHOAN VALUES ('pdtt282', 'PATIENT');
INSERT INTO PHANQUYENTAIKHOAN VALUES ('ldpa283', 'PATIENT');
INSERT INTO PHANQUYENTAIKHOAN VALUES ('vvh284', 'PATIENT');
INSERT INTO PHANQUYENTAIKHOAN VALUES ('vthm285', 'PATIENT');
INSERT INTO PHANQUYENTAIKHOAN VALUES ('dda286', 'PATIENT');
INSERT INTO PHANQUYENTAIKHOAN VALUES ('ptk287', 'PATIENT');
INSERT INTO PHANQUYENTAIKHOAN VALUES ('avt288', 'PATIENT');
INSERT INTO PHANQUYENTAIKHOAN VALUES ('lnqn289', 'PATIENT');
INSERT INTO PHANQUYENTAIKHOAN VALUES ('tvh290', 'PATIENT');
INSERT INTO PHANQUYENTAIKHOAN VALUES ('hdq291', 'PATIENT');
INSERT INTO PHANQUYENTAIKHOAN VALUES ('pdb292', 'PATIENT');
INSERT INTO PHANQUYENTAIKHOAN VALUES ('dmbn293', 'PATIENT');
INSERT INTO PHANQUYENTAIKHOAN VALUES ('cvd294', 'PATIENT');
INSERT INTO PHANQUYENTAIKHOAN VALUES ('tvh295', 'PATIENT');
INSERT INTO PHANQUYENTAIKHOAN VALUES ('thh296', 'PATIENT');
INSERT INTO PHANQUYENTAIKHOAN VALUES ('dhh297', 'PATIENT');
INSERT INTO PHANQUYENTAIKHOAN VALUES ('dnh298', 'PATIENT');
INSERT INTO PHANQUYENTAIKHOAN VALUES ('acp299', 'PATIENT');
INSERT INTO PHANQUYENTAIKHOAN VALUES ('tvt300', 'PATIENT');
INSERT INTO PHANQUYENTAIKHOAN VALUES ('tdh301', 'PATIENT');
INSERT INTO PHANQUYENTAIKHOAN VALUES ('tdtt302', 'PATIENT');
INSERT INTO PHANQUYENTAIKHOAN VALUES ('lhk303', 'PATIENT');
INSERT INTO PHANQUYENTAIKHOAN VALUES ('ptnt304', 'PATIENT');
INSERT INTO PHANQUYENTAIKHOAN VALUES ('tqa305', 'PATIENT');
INSERT INTO PHANQUYENTAIKHOAN VALUES ('ntc306', 'PATIENT');
INSERT INTO PHANQUYENTAIKHOAN VALUES ('cat307', 'PATIENT');
INSERT INTO PHANQUYENTAIKHOAN VALUES ('ttht308', 'PATIENT');
INSERT INTO PHANQUYENTAIKHOAN VALUES ('tdm309', 'PATIENT');
INSERT INTO PHANQUYENTAIKHOAN VALUES ('pcn310', 'PATIENT');
INSERT INTO PHANQUYENTAIKHOAN VALUES ('tttt311', 'PATIENT');
INSERT INTO PHANQUYENTAIKHOAN VALUES ('tvh312', 'PATIENT');
INSERT INTO PHANQUYENTAIKHOAN VALUES ('dhht313', 'PATIENT');
INSERT INTO PHANQUYENTAIKHOAN VALUES ('mnhl314', 'PATIENT');
INSERT INTO PHANQUYENTAIKHOAN VALUES ('nhn315', 'PATIENT');
INSERT INTO PHANQUYENTAIKHOAN VALUES ('btp316', 'PATIENT');
INSERT INTO PHANQUYENTAIKHOAN VALUES ('lnh317', 'PATIENT');
INSERT INTO PHANQUYENTAIKHOAN VALUES ('cnt318', 'PATIENT');
INSERT INTO PHANQUYENTAIKHOAN VALUES ('tqa319', 'PATIENT');
INSERT INTO PHANQUYENTAIKHOAN VALUES ('nht320', 'PATIENT');
INSERT INTO PHANQUYENTAIKHOAN VALUES ('dvd321', 'PATIENT');
INSERT INTO PHANQUYENTAIKHOAN VALUES ('thhm322', 'PATIENT');
INSERT INTO PHANQUYENTAIKHOAN VALUES ('snl323', 'PATIENT');
INSERT INTO PHANQUYENTAIKHOAN VALUES ('vhna324', 'PATIENT');
INSERT INTO PHANQUYENTAIKHOAN VALUES ('pth325', 'PATIENT');
INSERT INTO PHANQUYENTAIKHOAN VALUES ('hvp326', 'PATIENT');
INSERT INTO PHANQUYENTAIKHOAN VALUES ('vvmt327', 'PATIENT');
INSERT INTO PHANQUYENTAIKHOAN VALUES ('ntd328', 'PATIENT');
INSERT INTO PHANQUYENTAIKHOAN VALUES ('thh329', 'PATIENT');
INSERT INTO PHANQUYENTAIKHOAN VALUES ('gct330', 'PATIENT');
INSERT INTO PHANQUYENTAIKHOAN VALUES ('hha331', 'PATIENT');
INSERT INTO PHANQUYENTAIKHOAN VALUES ('btt332', 'PATIENT');
INSERT INTO PHANQUYENTAIKHOAN VALUES ('thl333', 'PATIENT');
INSERT INTO PHANQUYENTAIKHOAN VALUES ('qma334', 'PATIENT');
INSERT INTO PHANQUYENTAIKHOAN VALUES ('lhk335', 'PATIENT');
INSERT INTO PHANQUYENTAIKHOAN VALUES ('cnqa336', 'PATIENT');
INSERT INTO PHANQUYENTAIKHOAN VALUES ('lth337', 'PATIENT');
INSERT INTO PHANQUYENTAIKHOAN VALUES ('thht338', 'PATIENT');
INSERT INTO PHANQUYENTAIKHOAN VALUES ('ptl339', 'PATIENT');
INSERT INTO PHANQUYENTAIKHOAN VALUES ('dmq340', 'PATIENT');
INSERT INTO PHANQUYENTAIKHOAN VALUES ('cmd341', 'PATIENT');
INSERT INTO PHANQUYENTAIKHOAN VALUES ('hvna342', 'PATIENT');
INSERT INTO PHANQUYENTAIKHOAN VALUES ('tdt343', 'PATIENT');
INSERT INTO PHANQUYENTAIKHOAN VALUES ('cnl344', 'PATIENT');
INSERT INTO PHANQUYENTAIKHOAN VALUES ('bhc345', 'PATIENT');
INSERT INTO PHANQUYENTAIKHOAN VALUES ('ndh346', 'PATIENT');
INSERT INTO PHANQUYENTAIKHOAN VALUES ('qhq347', 'PATIENT');
INSERT INTO PHANQUYENTAIKHOAN VALUES ('bhk348', 'PATIENT');
INSERT INTO PHANQUYENTAIKHOAN VALUES ('hcm349', 'PATIENT');
INSERT INTO PHANQUYENTAIKHOAN VALUES ('dhh350', 'PATIENT');
INSERT INTO PHANQUYENTAIKHOAN VALUES ('capa351', 'PATIENT');
INSERT INTO PHANQUYENTAIKHOAN VALUES ('dtk352', 'PATIENT');
INSERT INTO PHANQUYENTAIKHOAN VALUES ('utp353', 'PATIENT');
INSERT INTO PHANQUYENTAIKHOAN VALUES ('ghh354', 'PATIENT');
INSERT INTO PHANQUYENTAIKHOAN VALUES ('ktp355', 'PATIENT');
INSERT INTO PHANQUYENTAIKHOAN VALUES ('gtqa356', 'PATIENT');
INSERT INTO PHANQUYENTAIKHOAN VALUES ('ptk357', 'PATIENT');
INSERT INTO PHANQUYENTAIKHOAN VALUES ('tha358', 'PATIENT');
INSERT INTO PHANQUYENTAIKHOAN VALUES ('tna359', 'PATIENT');
INSERT INTO PHANQUYENTAIKHOAN VALUES ('tct360', 'PATIENT');
INSERT INTO PHANQUYENTAIKHOAN VALUES ('nvl361', 'PATIENT');
INSERT INTO PHANQUYENTAIKHOAN VALUES ('vhq362', 'PATIENT');
INSERT INTO PHANQUYENTAIKHOAN VALUES ('ktt363', 'PATIENT');
INSERT INTO PHANQUYENTAIKHOAN VALUES ('ptn364', 'PATIENT');
INSERT INTO PHANQUYENTAIKHOAN VALUES ('tta365', 'PATIENT');
INSERT INTO PHANQUYENTAIKHOAN VALUES ('ktd366', 'PATIENT');
INSERT INTO PHANQUYENTAIKHOAN VALUES ('phn367', 'PATIENT');
INSERT INTO PHANQUYENTAIKHOAN VALUES ('lvt368', 'PATIENT');
INSERT INTO PHANQUYENTAIKHOAN VALUES ('ddl369', 'PATIENT');
INSERT INTO PHANQUYENTAIKHOAN VALUES ('svh370', 'PATIENT');
INSERT INTO PHANQUYENTAIKHOAN VALUES ('dpth371', 'PATIENT');
INSERT INTO PHANQUYENTAIKHOAN VALUES ('uvh372', 'PATIENT');
INSERT INTO PHANQUYENTAIKHOAN VALUES ('ltn373', 'PATIENT');
INSERT INTO PHANQUYENTAIKHOAN VALUES ('tth374', 'PATIENT');
INSERT INTO PHANQUYENTAIKHOAN VALUES ('dvn375', 'PATIENT');
INSERT INTO PHANQUYENTAIKHOAN VALUES ('khl376', 'PATIENT');
INSERT INTO PHANQUYENTAIKHOAN VALUES ('qdd377', 'PATIENT');
INSERT INTO PHANQUYENTAIKHOAN VALUES ('ttmc378', 'PATIENT');
INSERT INTO PHANQUYENTAIKHOAN VALUES ('cctl379', 'PATIENT');
INSERT INTO PHANQUYENTAIKHOAN VALUES ('tvp380', 'PATIENT');
INSERT INTO PHANQUYENTAIKHOAN VALUES ('ttd381', 'PATIENT');
INSERT INTO PHANQUYENTAIKHOAN VALUES ('kcn382', 'PATIENT');
INSERT INTO PHANQUYENTAIKHOAN VALUES ('nhh383', 'PATIENT');
INSERT INTO PHANQUYENTAIKHOAN VALUES ('ltq384', 'PATIENT');
INSERT INTO PHANQUYENTAIKHOAN VALUES ('phk385', 'PATIENT');
INSERT INTO PHANQUYENTAIKHOAN VALUES ('dvt386', 'PATIENT');
INSERT INTO PHANQUYENTAIKHOAN VALUES ('kdh387', 'PATIENT');
INSERT INTO PHANQUYENTAIKHOAN VALUES ('lth388', 'PATIENT');
INSERT INTO PHANQUYENTAIKHOAN VALUES ('lvd389', 'PATIENT');
INSERT INTO PHANQUYENTAIKHOAN VALUES ('nvt390', 'PATIENT');
INSERT INTO PHANQUYENTAIKHOAN VALUES ('lcd391', 'PATIENT');
INSERT INTO PHANQUYENTAIKHOAN VALUES ('mth392', 'PATIENT');
INSERT INTO PHANQUYENTAIKHOAN VALUES ('hhhm393', 'PATIENT');
INSERT INTO PHANQUYENTAIKHOAN VALUES ('shv394', 'PATIENT');
INSERT INTO PHANQUYENTAIKHOAN VALUES ('hhk395', 'PATIENT');
INSERT INTO PHANQUYENTAIKHOAN VALUES ('bnp396', 'PATIENT');
INSERT INTO PHANQUYENTAIKHOAN VALUES ('dhmt397', 'PATIENT');
INSERT INTO PHANQUYENTAIKHOAN VALUES ('sdp398', 'PATIENT');
INSERT INTO PHANQUYENTAIKHOAN VALUES ('tdq399', 'PATIENT');
INSERT INTO PHANQUYENTAIKHOAN VALUES ('phd400', 'PATIENT');
INSERT INTO PHANQUYENTAIKHOAN VALUES ('hdy401', 'PATIENT');
INSERT INTO PHANQUYENTAIKHOAN VALUES ('thh402', 'PATIENT');
INSERT INTO PHANQUYENTAIKHOAN VALUES ('vtq403', 'PATIENT');
INSERT INTO PHANQUYENTAIKHOAN VALUES ('nhht404', 'PATIENT');
INSERT INTO PHANQUYENTAIKHOAN VALUES ('vvq405', 'PATIENT');
INSERT INTO PHANQUYENTAIKHOAN VALUES ('dhn406', 'PATIENT');
INSERT INTO PHANQUYENTAIKHOAN VALUES ('ttgh407', 'PATIENT');
INSERT INTO PHANQUYENTAIKHOAN VALUES ('dnn408', 'PATIENT');
INSERT INTO PHANQUYENTAIKHOAN VALUES ('cmth409', 'PATIENT');
INSERT INTO PHANQUYENTAIKHOAN VALUES ('hhh410', 'PATIENT');
INSERT INTO PHANQUYENTAIKHOAN VALUES ('ktl411', 'PATIENT');
INSERT INTO PHANQUYENTAIKHOAN VALUES ('vpn412', 'PATIENT');
INSERT INTO PHANQUYENTAIKHOAN VALUES ('dhd413', 'PATIENT');
INSERT INTO PHANQUYENTAIKHOAN VALUES ('chk414', 'PATIENT');
INSERT INTO PHANQUYENTAIKHOAN VALUES ('vnn415', 'PATIENT');
INSERT INTO PHANQUYENTAIKHOAN VALUES ('thb416', 'PATIENT');
INSERT INTO PHANQUYENTAIKHOAN VALUES ('pnk417', 'PATIENT');
INSERT INTO PHANQUYENTAIKHOAN VALUES ('tcq418', 'PATIENT');
INSERT INTO PHANQUYENTAIKHOAN VALUES ('tpgh419', 'PATIENT');
INSERT INTO PHANQUYENTAIKHOAN VALUES ('vtbn420', 'PATIENT');
INSERT INTO PHANQUYENTAIKHOAN VALUES ('dha421', 'PATIENT');
INSERT INTO PHANQUYENTAIKHOAN VALUES ('opna422', 'PATIENT');
INSERT INTO PHANQUYENTAIKHOAN VALUES ('dts423', 'PATIENT');
INSERT INTO PHANQUYENTAIKHOAN VALUES ('ahv424', 'PATIENT');
INSERT INTO PHANQUYENTAIKHOAN VALUES ('dth425', 'PATIENT');
INSERT INTO PHANQUYENTAIKHOAN VALUES ('cnh426', 'PATIENT');
INSERT INTO PHANQUYENTAIKHOAN VALUES ('pdl427', 'PATIENT');
INSERT INTO PHANQUYENTAIKHOAN VALUES ('ktl428', 'PATIENT');
INSERT INTO PHANQUYENTAIKHOAN VALUES ('tpl429', 'PATIENT');
INSERT INTO PHANQUYENTAIKHOAN VALUES ('lhq430', 'PATIENT');
INSERT INTO PHANQUYENTAIKHOAN VALUES ('khn431', 'PATIENT');
INSERT INTO PHANQUYENTAIKHOAN VALUES ('ltnm432', 'PATIENT');
INSERT INTO PHANQUYENTAIKHOAN VALUES ('gch433', 'PATIENT');
INSERT INTO PHANQUYENTAIKHOAN VALUES ('hhh434', 'PATIENT');
INSERT INTO PHANQUYENTAIKHOAN VALUES ('ltnl435', 'PATIENT');
INSERT INTO PHANQUYENTAIKHOAN VALUES ('vtqn436', 'PATIENT');
INSERT INTO PHANQUYENTAIKHOAN VALUES ('hna437', 'PATIENT');
INSERT INTO PHANQUYENTAIKHOAN VALUES ('ptt438', 'PATIENT');
INSERT INTO PHANQUYENTAIKHOAN VALUES ('dvq439', 'PATIENT');
INSERT INTO PHANQUYENTAIKHOAN VALUES ('bdk440', 'PATIENT');
INSERT INTO PHANQUYENTAIKHOAN VALUES ('mhq441', 'PATIENT');
INSERT INTO PHANQUYENTAIKHOAN VALUES ('dta442', 'PATIENT');
INSERT INTO PHANQUYENTAIKHOAN VALUES ('ttt443', 'PATIENT');
INSERT INTO PHANQUYENTAIKHOAN VALUES ('dtpa444', 'PATIENT');
INSERT INTO PHANQUYENTAIKHOAN VALUES ('ttmp445', 'PATIENT');
INSERT INTO PHANQUYENTAIKHOAN VALUES ('ddv446', 'PATIENT');
INSERT INTO PHANQUYENTAIKHOAN VALUES ('pth447', 'PATIENT');
INSERT INTO PHANQUYENTAIKHOAN VALUES ('hhn448', 'PATIENT');
INSERT INTO PHANQUYENTAIKHOAN VALUES ('tmt449', 'PATIENT');
INSERT INTO PHANQUYENTAIKHOAN VALUES ('phth450', 'PATIENT');
INSERT INTO PHANQUYENTAIKHOAN VALUES ('ctk451', 'PATIENT');
INSERT INTO PHANQUYENTAIKHOAN VALUES ('hvp452', 'PATIENT');
INSERT INTO PHANQUYENTAIKHOAN VALUES ('ltt453', 'PATIENT');
INSERT INTO PHANQUYENTAIKHOAN VALUES ('mts454', 'PATIENT');
INSERT INTO PHANQUYENTAIKHOAN VALUES ('dvny455', 'PATIENT');
INSERT INTO PHANQUYENTAIKHOAN VALUES ('thh456', 'PATIENT');
INSERT INTO PHANQUYENTAIKHOAN VALUES ('vhn457', 'PATIENT');
INSERT INTO PHANQUYENTAIKHOAN VALUES ('val458', 'PATIENT');
INSERT INTO PHANQUYENTAIKHOAN VALUES ('udh459', 'PATIENT');
INSERT INTO PHANQUYENTAIKHOAN VALUES ('pnd460', 'PATIENT');
INSERT INTO PHANQUYENTAIKHOAN VALUES ('vmhl461', 'PATIENT');
INSERT INTO PHANQUYENTAIKHOAN VALUES ('btt462', 'PATIENT');
INSERT INTO PHANQUYENTAIKHOAN VALUES ('dtt463', 'PATIENT');
INSERT INTO PHANQUYENTAIKHOAN VALUES ('dtl464', 'PATIENT');
INSERT INTO PHANQUYENTAIKHOAN VALUES ('stq465', 'PATIENT');
INSERT INTO PHANQUYENTAIKHOAN VALUES ('qmd466', 'PATIENT');
INSERT INTO PHANQUYENTAIKHOAN VALUES ('dth467', 'PATIENT');
INSERT INTO PHANQUYENTAIKHOAN VALUES ('lmk468', 'PATIENT');
INSERT INTO PHANQUYENTAIKHOAN VALUES ('kdt469', 'PATIENT');
INSERT INTO PHANQUYENTAIKHOAN VALUES ('vnd470', 'PATIENT');
INSERT INTO PHANQUYENTAIKHOAN VALUES ('ntn471', 'PATIENT');
INSERT INTO PHANQUYENTAIKHOAN VALUES ('cht472', 'PATIENT');
INSERT INTO PHANQUYENTAIKHOAN VALUES ('hdnl473', 'PATIENT');
INSERT INTO PHANQUYENTAIKHOAN VALUES ('kva474', 'PATIENT');
INSERT INTO PHANQUYENTAIKHOAN VALUES ('dnm475', 'PATIENT');
INSERT INTO PHANQUYENTAIKHOAN VALUES ('kdnm476', 'PATIENT');
INSERT INTO PHANQUYENTAIKHOAN VALUES ('ghv477', 'PATIENT');
INSERT INTO PHANQUYENTAIKHOAN VALUES ('cvb478', 'PATIENT');
INSERT INTO PHANQUYENTAIKHOAN VALUES ('qch479', 'PATIENT');
INSERT INTO PHANQUYENTAIKHOAN VALUES ('qvb480', 'PATIENT');
INSERT INTO PHANQUYENTAIKHOAN VALUES ('dha481', 'PATIENT');
INSERT INTO PHANQUYENTAIKHOAN VALUES ('ttl482', 'PATIENT');
INSERT INTO PHANQUYENTAIKHOAN VALUES ('tth483', 'PATIENT');
INSERT INTO PHANQUYENTAIKHOAN VALUES ('lhnd484', 'PATIENT');
INSERT INTO PHANQUYENTAIKHOAN VALUES ('lhht485', 'PATIENT');
INSERT INTO PHANQUYENTAIKHOAN VALUES ('pvs486', 'PATIENT');
INSERT INTO PHANQUYENTAIKHOAN VALUES ('thq487', 'PATIENT');
INSERT INTO PHANQUYENTAIKHOAN VALUES ('tav488', 'PATIENT');
INSERT INTO PHANQUYENTAIKHOAN VALUES ('ttd489', 'PATIENT');
INSERT INTO PHANQUYENTAIKHOAN VALUES ('ndn490', 'PATIENT');
INSERT INTO PHANQUYENTAIKHOAN VALUES ('ndk491', 'PATIENT');
INSERT INTO PHANQUYENTAIKHOAN VALUES ('tdp492', 'PATIENT');
INSERT INTO PHANQUYENTAIKHOAN VALUES ('sty493', 'PATIENT');
INSERT INTO PHANQUYENTAIKHOAN VALUES ('ltn494', 'PATIENT');
INSERT INTO PHANQUYENTAIKHOAN VALUES ('pcn495', 'PATIENT');
INSERT INTO PHANQUYENTAIKHOAN VALUES ('lct496', 'PATIENT');
INSERT INTO PHANQUYENTAIKHOAN VALUES ('tvq497', 'PATIENT');
INSERT INTO PHANQUYENTAIKHOAN VALUES ('ctnt498', 'PATIENT');
INSERT INTO PHANQUYENTAIKHOAN VALUES ('nqt499', 'PATIENT');
INSERT INTO PHANQUYENTAIKHOAN VALUES ('ltl500', 'PATIENT');
INSERT INTO PHANQUYENTAIKHOAN VALUES ('tvk501', 'PATIENT');


INSERT INTO CHUYENKHOA VALUES ('CK0001', N'Chuyên khoa Da li?u');
INSERT INTO CHUYENKHOA VALUES ('CK0002', N'Chuyên khoa Gan');
INSERT INTO CHUYENKHOA VALUES ('CK0003', N'Chuyên khoa Ký sinh trùng');
INSERT INTO CHUYENKHOA VALUES ('CK0004', N'Chuyên khoa Nhi khoa');
INSERT INTO CHUYENKHOA VALUES ('CK0005', N'Chuyên khoa HIV/AIDS');
INSERT INTO CHUYENKHOA VALUES ('CK0006', N'Chuyên khoa Hô h?p');
INSERT INTO CHUYENKHOA VALUES ('CK0007', N'Chuyên khoa Tiêu hóa');
INSERT INTO CHUYENKHOA VALUES ('CK0008', N'Chuyên khoa Huy?t h?c');
INSERT INTO CHUYENKHOA VALUES ('CK0009', N'Chuyên khoa Th?n kinh');


INSERT INTO HOCVI VALUES ('BS.CKII', N'Bác s? chuyên khoa II', 3 );
INSERT INTO HOCVI VALUES ('BS.CKI', N'Bác s? chuyên khoa I', 3 );
INSERT INTO HOCVI VALUES ('DS', N'D??c s?', 5 );
INSERT INTO HOCVI VALUES ('BSNT', N'Bác s? n?i trú', 4 );
INSERT INTO HOCVI VALUES ('CN', N'C? nhân', 6 );
INSERT INTO HOCVI VALUES ('BSCC', N'Bác s? cao c?p', 3 );
INSERT INTO HOCVI VALUES ('TS', N'Ti?n s?', 1 );
INSERT INTO HOCVI VALUES ('THS', N'Th?c s?', 2 );
INSERT INTO HOCVI VALUES ('BS', N'Bác s?', 4 );


INSERT INTO PHONG VALUES ('A31', N'Phòng khám chuyên khoa ký sinh trùng', N'T?ng 3 khu A');
INSERT INTO PHONG VALUES ('A42', N'Phòng khám h?u Covid-19', N'T?ng 4 khu A');
INSERT INTO PHONG VALUES ('B14', N'Phòng khám B?nh truy?n nhi?m ??c bi?t', N'T?ng 3 khu B');
INSERT INTO PHONG VALUES ('F33', N'Phòng ch?ng ??c tr? em và ng??i l?n', N'T?ng 3 khu F');
INSERT INTO PHONG VALUES ('A14', N'Phòng h?i s?c tích c?c', N'T?ng 1 khu A');
INSERT INTO PHONG VALUES ('P24', N'Phòng tiêm ch?ng ng?a d?ch v?', N'T?ng 2 khu P');
INSERT INTO PHONG VALUES ('B32', N'Phòng khám và ?i?u tr? các b?nh nhi?m vi khu?n', N'T?ng 3 khu B');
INSERT INTO PHONG VALUES ('A21', N'Phòng khám b?nh truy?n nhi?m gan', N'T?ng 2 khu A');
INSERT INTO PHONG VALUES ('A34', N'Phòng xét nghi?m HIV', N'T?ng 3 khu A');
INSERT INTO PHONG VALUES ('B11', N'Phòng khám chuyên khoa n?i - nhi - nhi?m', N'T?ng 1 khu B');
INSERT INTO PHONG VALUES ('B31', N'Phòng khám b?nh truy?n nhi?m ngoài da', N'T?ng 3 khu B');
INSERT INTO PHONG VALUES ('C31', N'Phòng khám b?nh l?u - giang mai', N'T?ng 3 khu C');
INSERT INTO PHONG VALUES ('A11', N'Phòng khám b?nh lây nhi?m ???ng hô h?p', N'T?ng 1 khu A');
INSERT INTO PHONG VALUES ('B33', N'Phòng khám b?nh lây nhi?m do ký sinh trùng', N'T?ng 3 khu B');
INSERT INTO PHONG VALUES ('A22', N'Phòng s? khám b?nh c?p ?? 1', N'T?ng 2 khu A');
INSERT INTO PHONG VALUES ('P31', N'Phòng xét nghi?m t?ng quát', N'T?ng 3 khu P');
INSERT INTO PHONG VALUES ('B34', N'Phòng ki?m tra ??nh k?', N'T?ng 3 khu B');
INSERT INTO PHONG VALUES ('F31', N'Phòng khám b?nh s?t rét', N'T?ng 3 khu F');
INSERT INTO PHONG VALUES ('A35', N'Phòng khám b?nh viêm não', N'T?ng 3 khu A');
INSERT INTO PHONG VALUES ('A12', N'Phòng khám b?nh truy?n nhi?m do vi rút', N'T?ng 1 khu A');

