CREATE TABLE TAIKHOAN(
    TENTAIKHOAN     VARCHAR2(20) NOT NULL,
    MATKHAU         VARCHAR(30) NOT NULL,
    
    CONSTRAINT P_TAIKHOAN PRIMARY KEY (TENTAIKHOAN)
);

CREATE TABLE QUYEN(
    MAQUYEN         VARCHAR2(10) NOT NULL,
    QUYEN           NVARCHAR2(50) NOT NULL,
    
    CONSTRAINT P_QUYEN PRIMARY KEY (MAQUYEN)
);

CREATE TABLE PHANQUYENTAIKHOAN(
    TENTAIKHOAN     VARCHAR2(20) NOT NULL,
    MAQUYEN         VARCHAR2(10) NOT NULL,
    
    CONSTRAINT P_PHANQUYENTAIKHOAN PRIMARY KEY (TENTAIKHOAN, MAQUYEN),
    CONSTRAINT F_PQTK_TK FOREIGN KEY (TENTAIKHOAN) REFERENCES TAIKHOAN(TENTAIKHOAN),
    CONSTRAINT F_PQTK_Q FOREIGN KEY (MAQUYEN) REFERENCES QUYEN(MAQUYEN)
);

CREATE TABLE CHUYENKHOA(
    MACHUYENKHOA    VARCHAR2(10) NOT NULL,
    TENCHUYENKHOA   NVARCHAR2(30),
    
    CONSTRAINT P_CHUYENKHOA PRIMARY KEY (MACHUYENKHOA)
);

CREATE TABLE BACSI(
    MABACSI         VARCHAR2(10) NOT NULL,
    HOTEN   		NVARCHAR2(30),
	GIOITINH		NVARCHAR2(3),
    HOCHAM          NVARCHAR2(30),
    ANHDAIDIEN      VARCHAR2(20),
    GIOITHIEU       NCLOB,
    MACHUYENKHOA    VARCHAR2(10),
    TRANGTHAI       NVARCHAR2(20),
    NGAYCAPNHAT     DATE,
    TAIKHOAN        VARCHAR2(20),
    
    CONSTRAINT P_BACSI PRIMARY KEY (MABACSI),
    CONSTRAINT F_BS_CK FOREIGN KEY (MACHUYENKHOA) REFERENCES CHUYENKHOA(MACHUYENKHOA),
    CONSTRAINT F_BS_TK FOREIGN KEY (TAIKHOAN) REFERENCES TAIKHOAN(TENTAIKHOAN)
);

CREATE TABLE HOCVI(
    MAHOCVI         VARCHAR2(10) NOT NULL,
    TENHOCVI        NVARCHAR2(30),
    BACHOCVI        NUMBER,
    
    CONSTRAINT P_HOCVI PRIMARY KEY (MAHOCVI)
);

CREATE TABLE HOCVIBACSI(
    MABACSI         VARCHAR2(10) NOT NULL,
    MAHOCVI         VARCHAR2(10) NOT NULL,
    
    CONSTRAINT P_HV_BS PRIMARY KEY (MABACSI, MAHOCVI),
    CONSTRAINT F_BVBS_BS FOREIGN KEY (MABACSI) REFERENCES BACSI(MABACSI),
    CONSTRAINT F_BVBS_HV FOREIGN KEY (MAHOCVI) REFERENCES HOCVI(MAHOCVI)
);

CREATE TABLE PHONG(
    MAPHONG         VARCHAR2(10) NOT NULL,
    TENPHONG        NVARCHAR2(70),
    VITRI           NVARCHAR2(40),
    
    CONSTRAINT P_PHONG PRIMARY KEY (MAPHONG)
);

CREATE TABLE LICHLAMVIEC(
    MALICH          VARCHAR2(10) NOT NULL,
    MABACSI         VARCHAR2(10) NOT NULL,
    MAPHONG         VARCHAR2(10) NOT NULL,
    NGAYLAM         DATE NOT NULL,
    
    CONSTRAINT P_LLV PRIMARY KEY (MALICH),
    CONSTRAINT F_LLV_BS FOREIGN KEY (MABACSI) REFERENCES BACSI(MABACSI),
    CONSTRAINT F_LLV_P FOREIGN KEY (MAPHONG) REFERENCES PHONG(MAPHONG)
);

CREATE TABLE BENHNHAN(
    MABENHNHAN      VARCHAR2(10) NOT NULL,
    HOTEN   		NVARCHAR2(30),
	GIOITINH		NVARCHAR2(3),
    DIACHI          NVARCHAR2(100),
    NAMSINH         NUMBER,
    TAIKHOAN        VARCHAR2(20),
    DIENTHOAI       VARCHAR2(10),
    
    CONSTRAINT P_BENHNHAN PRIMARY KEY (MABENHNHAN),
    CONSTRAINT F_BN_TK FOREIGN KEY (TAIKHOAN) REFERENCES TAIKHOAN(TENTAIKHOAN)
);


CREATE TABLE NHANVIEN(
    MANHANVIEN      VARCHAR2(10) NOT NULL,
    HOTEN           NVARCHAR2(30),
    BOPHAN          NVARCHAR2(30),
    TAIKHOAN        VARCHAR2(20),
    
    CONSTRAINT P_NHANVIEN PRIMARY KEY (MANHANVIEN),
    CONSTRAINT F_NV_TK FOREIGN KEY (TAIKHOAN) REFERENCES TAIKHOAN(TENTAIKHOAN)
);

CREATE TABLE PHIEUDANGKY(
    MAPHIEUDANGKY       VARCHAR2(10) NOT NULL,
    NGAYLAP             DATE,
    MABHYT              VARCHAR2(20),
    TRANGTHAITHANHTOAN  NVARCHAR2(20),
    MABENHNHAN          VARCHAR2(10),
    NVLAP               VARCHAR2(10),
    NVTHANHTOAN         VARCHAR2(10),
    LICHLAMVIEC         VARCHAR2(10),
    TINHTRANGSUCKHOE    NVARCHAR2(100),
    STTTIEPNHAN         NUMBER,
    STTKHAM             NUMBER,
    HINHTHUCDANGKY      NVARCHAR2(40),

    CONSTRAINT P_PHIEUDANGKY PRIMARY KEY (MAPHIEUDANGKY),
    CONSTRAINT F_PDK_BN FOREIGN KEY (MABENHNHAN) REFERENCES BENHNHAN(MABENHNHAN),
    CONSTRAINT F_PDK_L FOREIGN KEY (LICHLAMVIEC) REFERENCES LICHLAMVIEC(MALICH),
    CONSTRAINT F_PDK_NV FOREIGN KEY (NVLAP) REFERENCES NHANVIEN(MANHANVIEN),
    CONSTRAINT F_PDK_NVTT FOREIGN KEY (NVTHANHTOAN) REFERENCES NHANVIEN(MANHANVIEN)
);



CREATE TABLE PHIEUKHAM(
    MAPHIEUKHAM         VARCHAR2(10) NOT NULL,
    NGAYLAP             DATE,  
    LOIDAN              NVARCHAR2(100),
    MAPHIEUDANGKY       VARCHAR2(10),
    CANNANG             NUMBER,
    CHIEUCAO            NUMBER,
    HUYETAPTAMTHU       NUMBER,
    HUYETAPTAMTRUONG    NUMBER,
    
    CONSTRAINT P_PHIEUKHAM PRIMARY KEY (MAPHIEUKHAM),
    CONSTRAINT F_PK_PDK FOREIGN KEY (MAPHIEUDANGKY) REFERENCES PHIEUDANGKY(MAPHIEUDANGKY)
);

CREATE TABLE BENH(
    MABENH      VARCHAR2(10) NOT NULL,
    TENBENH     NVARCHAR2(50),
    
    CONSTRAINT P_BENH PRIMARY KEY (MABENH)
);

CREATE TABLE CHITIETCHANDOAN(
    MAPHIEUKHAM     VARCHAR2(10) NOT NULL,
    MABENH          VARCHAR2(10) NOT NULL,
    
    CONSTRAINT P_CHITIETCHANDOAN PRIMARY KEY (MAPHIEUKHAM, MABENH),
    CONSTRAINT F_CTCD_PK FOREIGN KEY (MAPHIEUKHAM) REFERENCES PHIEUKHAM(MAPHIEUKHAM),
    CONSTRAINT F_CTCD_B FOREIGN KEY (MABENH) REFERENCES BENH(MABENH)
);

CREATE TABLE TOATHUOC(
    MATOATHUOC          VARCHAR2(10) NOT NULL,
    MAPHIEUKHAM         VARCHAR2(10),
    TRANGTHAITHANHTOAN  NVARCHAR2(20),
    TONGTIEN            NUMBER,
    
    CONSTRAINT P_TOATHUOC PRIMARY KEY (MATOATHUOC),
    CONSTRAINT F_TT_PK FOREIGN KEY (MAPHIEUKHAM) REFERENCES PHIEUKHAM(MAPHIEUKHAM)
);

CREATE TABLE THUOC(
    MATHUOC         VARCHAR2(10) NOT NULL,
    TENTHUOC        NVARCHAR2(50),
    QCDONGGOI       NVARCHAR2(30),
    DONVITINH       NVARCHAR2(10),
    DONGIA          NUMBER,
    TONKHO          NUMBER,
    
    CONSTRAINT P_THUOC PRIMARY KEY (MATHUOC)
);

CREATE TABLE CHITIETTOATHUOC(
    MATOATHUOC      VARCHAR2(10) NOT NULL,
    MATHUOC         VARCHAR2(10) NOT NULL,
    DONGIA          NUMBER,
    SOLUONG         NUMBER,
    GHICHU          NVARCHAR2(50),
    
    CONSTRAINT P_CHITIETTOATHUOC PRIMARY KEY (MATOATHUOC, MATHUOC),
    CONSTRAINT F_CTTT_TT FOREIGN KEY (MATOATHUOC) REFERENCES TOATHUOC(MATOATHUOC),
    CONSTRAINT F_CTTT_T FOREIGN KEY (MATHUOC) REFERENCES THUOC(MATHUOC)
);



INSERT INTO TAIKHOAN VALUES ('quanly', 'admin');
INSERT INTO TAIKHOAN VALUES ('nhuquynh', '123');
INSERT INTO TAIKHOAN VALUES ('thanhtruc', '123');
INSERT INTO TAIKHOAN VALUES ('ductruong', '12345');
INSERT INTO TAIKHOAN VALUES ('baongan', '12345');
INSERT INTO TAIKHOAN VALUES ('ttd1', '123');
INSERT INTO TAIKHOAN VALUES ('tvh2', '123');
INSERT INTO TAIKHOAN VALUES ('nvn3', '123');
INSERT INTO TAIKHOAN VALUES ('dtt5', '123');
INSERT INTO TAIKHOAN VALUES ('httt6', '123');
INSERT INTO TAIKHOAN VALUES ('tko7', '123');
INSERT INTO TAIKHOAN VALUES ('tdm8', '123');
INSERT INTO TAIKHOAN VALUES ('vttd9', '123');
INSERT INTO TAIKHOAN VALUES ('tnh11', '123');
INSERT INTO TAIKHOAN VALUES ('ntlh12', '123');
INSERT INTO TAIKHOAN VALUES ('ttd13', '123');
INSERT INTO TAIKHOAN VALUES ('ndt14', '123');
INSERT INTO TAIKHOAN VALUES ('tttt15', '123');
INSERT INTO TAIKHOAN VALUES ('hvmm16', '123');
INSERT INTO TAIKHOAN VALUES ('ndh17', '123');
INSERT INTO TAIKHOAN VALUES ('ntc18', '123');
INSERT INTO TAIKHOAN VALUES ('dqh20', '123');
INSERT INTO TAIKHOAN VALUES ('lxn21', '123');
INSERT INTO TAIKHOAN VALUES ('nptl22', '123');
INSERT INTO TAIKHOAN VALUES ('nts23', '123');
INSERT INTO TAIKHOAN VALUES ('lth24', '123');
INSERT INTO TAIKHOAN VALUES ('tnt25', '123');
INSERT INTO TAIKHOAN VALUES ('cdn26', '123');
INSERT INTO TAIKHOAN VALUES ('nqc27', '123');
INSERT INTO TAIKHOAN VALUES ('tqa28', '123');
INSERT INTO TAIKHOAN VALUES ('tav29', '123');
INSERT INTO TAIKHOAN VALUES ('htkq30', '123');
INSERT INTO TAIKHOAN VALUES ('nqn31', '123');
INSERT INTO TAIKHOAN VALUES ('dtt32', '123');
INSERT INTO TAIKHOAN VALUES ('htl33', '123');
INSERT INTO TAIKHOAN VALUES ('mmt34', '123');
INSERT INTO TAIKHOAN VALUES ('lqh35', '123');
INSERT INTO TAIKHOAN VALUES ('nvn36', '123');
INSERT INTO TAIKHOAN VALUES ('dtd37', '123');
INSERT INTO TAIKHOAN VALUES ('ttnl38', '123');
INSERT INTO TAIKHOAN VALUES ('tdh39', '123');
INSERT INTO TAIKHOAN VALUES ('ctn40', '123');
INSERT INTO TAIKHOAN VALUES ('tdh41', '123');
INSERT INTO TAIKHOAN VALUES ('ltla42', '123');
INSERT INTO TAIKHOAN VALUES ('nvl43', '123');
INSERT INTO TAIKHOAN VALUES ('lvk44', '123');
INSERT INTO TAIKHOAN VALUES ('lnm45', '123');
INSERT INTO TAIKHOAN VALUES ('qtbt46', '123');
INSERT INTO TAIKHOAN VALUES ('ptx47', '123');
INSERT INTO TAIKHOAN VALUES ('ptpt48', '123');
INSERT INTO TAIKHOAN VALUES ('nqk49', '123');
INSERT INTO TAIKHOAN VALUES ('dcl50', '123');
INSERT INTO TAIKHOAN VALUES ('tttp1', '666');
INSERT INTO TAIKHOAN VALUES ('nqt2', '666');
INSERT INTO TAIKHOAN VALUES ('dhnt3', '666');
INSERT INTO TAIKHOAN VALUES ('tvbn4', '666');
INSERT INTO TAIKHOAN VALUES ('mqhm5', '666');
INSERT INTO TAIKHOAN VALUES ('tda6', '666');
INSERT INTO TAIKHOAN VALUES ('gpq7', '666');
INSERT INTO TAIKHOAN VALUES ('pcd8', '666');
INSERT INTO TAIKHOAN VALUES ('tvx9', '666');
INSERT INTO TAIKHOAN VALUES ('pttl10', '666');
INSERT INTO TAIKHOAN VALUES ('tmh11', '666');
INSERT INTO TAIKHOAN VALUES ('phna12', '666');
INSERT INTO TAIKHOAN VALUES ('lhth13', '666');
INSERT INTO TAIKHOAN VALUES ('thv14', '666');
INSERT INTO TAIKHOAN VALUES ('vnq15', '666');
INSERT INTO TAIKHOAN VALUES ('npb16', '666');
INSERT INTO TAIKHOAN VALUES ('shn17', '666');
INSERT INTO TAIKHOAN VALUES ('vtk18', '666');
INSERT INTO TAIKHOAN VALUES ('htl19', '666');
INSERT INTO TAIKHOAN VALUES ('cdp20', '666');
INSERT INTO TAIKHOAN VALUES ('tdl21', '666');
INSERT INTO TAIKHOAN VALUES ('tvk22', '666');
INSERT INTO TAIKHOAN VALUES ('chmc23', '666');
INSERT INTO TAIKHOAN VALUES ('tqt24', '666');
INSERT INTO TAIKHOAN VALUES ('nht25', '666');
INSERT INTO TAIKHOAN VALUES ('thv26', '666');
INSERT INTO TAIKHOAN VALUES ('nnp27', '666');
INSERT INTO TAIKHOAN VALUES ('tpt28', '666');
INSERT INTO TAIKHOAN VALUES ('thtl29', '666');
INSERT INTO TAIKHOAN VALUES ('pnnl30', '666');
INSERT INTO TAIKHOAN VALUES ('vhv31', '666');
INSERT INTO TAIKHOAN VALUES ('htv32', '666');
INSERT INTO TAIKHOAN VALUES ('dtqn33', '666');
INSERT INTO TAIKHOAN VALUES ('ltv34', '666');
INSERT INTO TAIKHOAN VALUES ('gvv35', '666');
INSERT INTO TAIKHOAN VALUES ('dthm36', '666');
INSERT INTO TAIKHOAN VALUES ('vpth37', '666');
INSERT INTO TAIKHOAN VALUES ('chnt38', '666');
INSERT INTO TAIKHOAN VALUES ('vtt39', '666');
INSERT INTO TAIKHOAN VALUES ('lht40', '666');
INSERT INTO TAIKHOAN VALUES ('dvnd41', '666');
INSERT INTO TAIKHOAN VALUES ('ndh42', '666');
INSERT INTO TAIKHOAN VALUES ('mvt43', '666');
INSERT INTO TAIKHOAN VALUES ('dab44', '666');
INSERT INTO TAIKHOAN VALUES ('tht45', '666');
INSERT INTO TAIKHOAN VALUES ('mvp46', '666');
INSERT INTO TAIKHOAN VALUES ('kta47', '666');
INSERT INTO TAIKHOAN VALUES ('phna48', '666');
INSERT INTO TAIKHOAN VALUES ('ott49', '666');
INSERT INTO TAIKHOAN VALUES ('ndl50', '666');
INSERT INTO TAIKHOAN VALUES ('khp51', '666');
INSERT INTO TAIKHOAN VALUES ('pvth52', '666');
INSERT INTO TAIKHOAN VALUES ('tch53', '666');
INSERT INTO TAIKHOAN VALUES ('dny54', '666');
INSERT INTO TAIKHOAN VALUES ('damt55', '666');
INSERT INTO TAIKHOAN VALUES ('thh56', '666');
INSERT INTO TAIKHOAN VALUES ('lvl57', '666');
INSERT INTO TAIKHOAN VALUES ('hct58', '666');
INSERT INTO TAIKHOAN VALUES ('tth59', '666');
INSERT INTO TAIKHOAN VALUES ('mpl60', '666');
INSERT INTO TAIKHOAN VALUES ('tvk61', '666');
INSERT INTO TAIKHOAN VALUES ('chn62', '666');
INSERT INTO TAIKHOAN VALUES ('qvd63', '666');
INSERT INTO TAIKHOAN VALUES ('pdt64', '666');
INSERT INTO TAIKHOAN VALUES ('kqa65', '666');
INSERT INTO TAIKHOAN VALUES ('vhl66', '666');
INSERT INTO TAIKHOAN VALUES ('ktp67', '666');
INSERT INTO TAIKHOAN VALUES ('tdht68', '666');
INSERT INTO TAIKHOAN VALUES ('ntt69', '666');
INSERT INTO TAIKHOAN VALUES ('stk70', '666');
INSERT INTO TAIKHOAN VALUES ('bpq71', '666');
INSERT INTO TAIKHOAN VALUES ('thl72', '666');
INSERT INTO TAIKHOAN VALUES ('vvt73', '666');
INSERT INTO TAIKHOAN VALUES ('thp74', '666');
INSERT INTO TAIKHOAN VALUES ('btp75', '666');
INSERT INTO TAIKHOAN VALUES ('lhtl76', '666');
INSERT INTO TAIKHOAN VALUES ('vny77', '666');
INSERT INTO TAIKHOAN VALUES ('kntt78', '666');
INSERT INTO TAIKHOAN VALUES ('vhnm79', '666');
INSERT INTO TAIKHOAN VALUES ('khk80', '666');
INSERT INTO TAIKHOAN VALUES ('tdm81', '666');
INSERT INTO TAIKHOAN VALUES ('dcnt82', '666');
INSERT INTO TAIKHOAN VALUES ('kqny83', '666');
INSERT INTO TAIKHOAN VALUES ('nph84', '666');
INSERT INTO TAIKHOAN VALUES ('ctl85', '666');
INSERT INTO TAIKHOAN VALUES ('ovl86', '666');
INSERT INTO TAIKHOAN VALUES ('nhnd87', '666');
INSERT INTO TAIKHOAN VALUES ('vtmp88', '666');
INSERT INTO TAIKHOAN VALUES ('ktd89', '666');
INSERT INTO TAIKHOAN VALUES ('mvny90', '666');
INSERT INTO TAIKHOAN VALUES ('ppnm91', '666');
INSERT INTO TAIKHOAN VALUES ('cagh92', '666');
INSERT INTO TAIKHOAN VALUES ('kht93', '666');
INSERT INTO TAIKHOAN VALUES ('dtt94', '666');
INSERT INTO TAIKHOAN VALUES ('bmd95', '666');
INSERT INTO TAIKHOAN VALUES ('kcq96', '666');
INSERT INTO TAIKHOAN VALUES ('tth97', '666');
INSERT INTO TAIKHOAN VALUES ('uhv98', '666');
INSERT INTO TAIKHOAN VALUES ('ttb99', '666');
INSERT INTO TAIKHOAN VALUES ('tdtl100', '666');
INSERT INTO TAIKHOAN VALUES ('pht101', '666');
INSERT INTO TAIKHOAN VALUES ('ltt102', '666');
INSERT INTO TAIKHOAN VALUES ('bhnd103', '666');
INSERT INTO TAIKHOAN VALUES ('dtht104', '666');
INSERT INTO TAIKHOAN VALUES ('ntt105', '666');
INSERT INTO TAIKHOAN VALUES ('tvh106', '666');
INSERT INTO TAIKHOAN VALUES ('pttl107', '666');
INSERT INTO TAIKHOAN VALUES ('dmb108', '666');
INSERT INTO TAIKHOAN VALUES ('thq109', '666');
INSERT INTO TAIKHOAN VALUES ('kqa110', '666');
INSERT INTO TAIKHOAN VALUES ('bvv111', '666');
INSERT INTO TAIKHOAN VALUES ('chl112', '666');
INSERT INTO TAIKHOAN VALUES ('vhd113', '666');
INSERT INTO TAIKHOAN VALUES ('bvp114', '666');
INSERT INTO TAIKHOAN VALUES ('ttq115', '666');
INSERT INTO TAIKHOAN VALUES ('vtt116', '666');
INSERT INTO TAIKHOAN VALUES ('ctnm117', '666');
INSERT INTO TAIKHOAN VALUES ('dty118', '666');
INSERT INTO TAIKHOAN VALUES ('btpa119', '666');
INSERT INTO TAIKHOAN VALUES ('dvtl120', '666');
INSERT INTO TAIKHOAN VALUES ('tqk121', '666');
INSERT INTO TAIKHOAN VALUES ('ktv122', '666');
INSERT INTO TAIKHOAN VALUES ('chk123', '666');
INSERT INTO TAIKHOAN VALUES ('kvnm124', '666');
INSERT INTO TAIKHOAN VALUES ('knt125', '666');
INSERT INTO TAIKHOAN VALUES ('tnt126', '666');
INSERT INTO TAIKHOAN VALUES ('hnm127', '666');
INSERT INTO TAIKHOAN VALUES ('bdl128', '666');
INSERT INTO TAIKHOAN VALUES ('ttk129', '666');
INSERT INTO TAIKHOAN VALUES ('vttl130', '666');
INSERT INTO TAIKHOAN VALUES ('knh131', '666');
INSERT INTO TAIKHOAN VALUES ('nnt132', '666');
INSERT INTO TAIKHOAN VALUES ('ndnd133', '666');
INSERT INTO TAIKHOAN VALUES ('dhp134', '666');
INSERT INTO TAIKHOAN VALUES ('ddt135', '666');
INSERT INTO TAIKHOAN VALUES ('tmn136', '666');
INSERT INTO TAIKHOAN VALUES ('htn137', '666');
INSERT INTO TAIKHOAN VALUES ('bvt138', '666');
INSERT INTO TAIKHOAN VALUES ('hb139', '666');
INSERT INTO TAIKHOAN VALUES ('dvt140', '666');
INSERT INTO TAIKHOAN VALUES ('tqt141', '666');
INSERT INTO TAIKHOAN VALUES ('dth142', '666');
INSERT INTO TAIKHOAN VALUES ('gpgh143', '666');
INSERT INTO TAIKHOAN VALUES ('pdn144', '666');
INSERT INTO TAIKHOAN VALUES ('ttt145', '666');
INSERT INTO TAIKHOAN VALUES ('mtt146', '666');
INSERT INTO TAIKHOAN VALUES ('mtt147', '666');
INSERT INTO TAIKHOAN VALUES ('vcq148', '666');
INSERT INTO TAIKHOAN VALUES ('dtp149', '666');
INSERT INTO TAIKHOAN VALUES ('ddt150', '666');
INSERT INTO TAIKHOAN VALUES ('tth151', '666');
INSERT INTO TAIKHOAN VALUES ('thd152', '666');
INSERT INTO TAIKHOAN VALUES ('kvn153', '666');
INSERT INTO TAIKHOAN VALUES ('tnh154', '666');
INSERT INTO TAIKHOAN VALUES ('ptnl155', '666');
INSERT INTO TAIKHOAN VALUES ('qqh156', '666');
INSERT INTO TAIKHOAN VALUES ('tvc157', '666');
INSERT INTO TAIKHOAN VALUES ('vcp158', '666');
INSERT INTO TAIKHOAN VALUES ('vnt159', '666');
INSERT INTO TAIKHOAN VALUES ('thl160', '666');
INSERT INTO TAIKHOAN VALUES ('ctnd161', '666');
INSERT INTO TAIKHOAN VALUES ('bhn162', '666');
INSERT INTO TAIKHOAN VALUES ('chl163', '666');
INSERT INTO TAIKHOAN VALUES ('hnt164', '666');
INSERT INTO TAIKHOAN VALUES ('tphl165', '666');
INSERT INTO TAIKHOAN VALUES ('odv166', '666');
INSERT INTO TAIKHOAN VALUES ('pvqn167', '666');
INSERT INTO TAIKHOAN VALUES ('khtt168', '666');
INSERT INTO TAIKHOAN VALUES ('tnp169', '666');
INSERT INTO TAIKHOAN VALUES ('dtd170', '666');
INSERT INTO TAIKHOAN VALUES ('bhp171', '666');
INSERT INTO TAIKHOAN VALUES ('dtq172', '666');
INSERT INTO TAIKHOAN VALUES ('tth173', '666');
INSERT INTO TAIKHOAN VALUES ('tttl174', '666');
INSERT INTO TAIKHOAN VALUES ('hhmt175', '666');
INSERT INTO TAIKHOAN VALUES ('dmt176', '666');
INSERT INTO TAIKHOAN VALUES ('thv177', '666');
INSERT INTO TAIKHOAN VALUES ('vnht178', '666');
INSERT INTO TAIKHOAN VALUES ('latl179', '666');
INSERT INTO TAIKHOAN VALUES ('hpd180', '666');
INSERT INTO TAIKHOAN VALUES ('tvq181', '666');
INSERT INTO TAIKHOAN VALUES ('dhn182', '666');
INSERT INTO TAIKHOAN VALUES ('htt183', '666');
INSERT INTO TAIKHOAN VALUES ('chn184', '666');
INSERT INTO TAIKHOAN VALUES ('mph185', '666');
INSERT INTO TAIKHOAN VALUES ('vmt186', '666');
INSERT INTO TAIKHOAN VALUES ('lnd187', '666');
INSERT INTO TAIKHOAN VALUES ('hdnm188', '666');
INSERT INTO TAIKHOAN VALUES ('qvl189', '666');
INSERT INTO TAIKHOAN VALUES ('lcnd190', '666');
INSERT INTO TAIKHOAN VALUES ('tny191', '666');
INSERT INTO TAIKHOAN VALUES ('tpt192', '666');
INSERT INTO TAIKHOAN VALUES ('qttl193', '666');
INSERT INTO TAIKHOAN VALUES ('cnnl194', '666');
INSERT INTO TAIKHOAN VALUES ('ddt195', '666');
INSERT INTO TAIKHOAN VALUES ('tht196', '666');
INSERT INTO TAIKHOAN VALUES ('tmh197', '666');
INSERT INTO TAIKHOAN VALUES ('pdl198', '666');
INSERT INTO TAIKHOAN VALUES ('kdth199', '666');
INSERT INTO TAIKHOAN VALUES ('npv200', '666');
INSERT INTO TAIKHOAN VALUES ('dnth201', '666');
INSERT INTO TAIKHOAN VALUES ('cqd202', '666');
INSERT INTO TAIKHOAN VALUES ('hnq203', '666');
INSERT INTO TAIKHOAN VALUES ('vhhm204', '666');
INSERT INTO TAIKHOAN VALUES ('dhn205', '666');
INSERT INTO TAIKHOAN VALUES ('cqbn206', '666');
INSERT INTO TAIKHOAN VALUES ('hct207', '666');
INSERT INTO TAIKHOAN VALUES ('ptt208', '666');
INSERT INTO TAIKHOAN VALUES ('cdq209', '666');
INSERT INTO TAIKHOAN VALUES ('laht210', '666');
INSERT INTO TAIKHOAN VALUES ('dtth211', '666');
INSERT INTO TAIKHOAN VALUES ('mvt212', '666');
INSERT INTO TAIKHOAN VALUES ('ttv213', '666');
INSERT INTO TAIKHOAN VALUES ('tva214', '666');
INSERT INTO TAIKHOAN VALUES ('thm215', '666');
INSERT INTO TAIKHOAN VALUES ('ktt216', '666');
INSERT INTO TAIKHOAN VALUES ('vpt217', '666');
INSERT INTO TAIKHOAN VALUES ('ttnl218', '666');
INSERT INTO TAIKHOAN VALUES ('dmk219', '666');
INSERT INTO TAIKHOAN VALUES ('dhhm220', '666');
INSERT INTO TAIKHOAN VALUES ('qtny221', '666');
INSERT INTO TAIKHOAN VALUES ('bqmc222', '666');
INSERT INTO TAIKHOAN VALUES ('bmp223', '666');
INSERT INTO TAIKHOAN VALUES ('tqpa224', '666');
INSERT INTO TAIKHOAN VALUES ('cnbn225', '666');
INSERT INTO TAIKHOAN VALUES ('bvx226', '666');
INSERT INTO TAIKHOAN VALUES ('ddc227', '666');
INSERT INTO TAIKHOAN VALUES ('pvt228', '666');
INSERT INTO TAIKHOAN VALUES ('mdh229', '666');
INSERT INTO TAIKHOAN VALUES ('htd230', '666');
INSERT INTO TAIKHOAN VALUES ('hnb231', '666');
INSERT INTO TAIKHOAN VALUES ('dtb232', '666');
INSERT INTO TAIKHOAN VALUES ('mvh233', '666');
INSERT INTO TAIKHOAN VALUES ('hps234', '666');
INSERT INTO TAIKHOAN VALUES ('nvx235', '666');
INSERT INTO TAIKHOAN VALUES ('tdt236', '666');
INSERT INTO TAIKHOAN VALUES ('bmk237', '666');
INSERT INTO TAIKHOAN VALUES ('dtt238', '666');
INSERT INTO TAIKHOAN VALUES ('nht239', '666');
INSERT INTO TAIKHOAN VALUES ('ptv240', '666');
INSERT INTO TAIKHOAN VALUES ('htl241', '666');
INSERT INTO TAIKHOAN VALUES ('kvb242', '666');
INSERT INTO TAIKHOAN VALUES ('ntv243', '666');
INSERT INTO TAIKHOAN VALUES ('gtt244', '666');
INSERT INTO TAIKHOAN VALUES ('mhm245', '666');
INSERT INTO TAIKHOAN VALUES ('thh246', '666');
INSERT INTO TAIKHOAN VALUES ('tvp247', '666');
INSERT INTO TAIKHOAN VALUES ('lhn248', '666');
INSERT INTO TAIKHOAN VALUES ('phn249', '666');
INSERT INTO TAIKHOAN VALUES ('dnb250', '666');
INSERT INTO TAIKHOAN VALUES ('ddtt251', '666');
INSERT INTO TAIKHOAN VALUES ('ttm252', '666');
INSERT INTO TAIKHOAN VALUES ('cvnt253', '666');
INSERT INTO TAIKHOAN VALUES ('tqnm254', '666');
INSERT INTO TAIKHOAN VALUES ('lhk255', '666');
INSERT INTO TAIKHOAN VALUES ('tchl256', '666');
INSERT INTO TAIKHOAN VALUES ('kdc257', '666');
INSERT INTO TAIKHOAN VALUES ('vtm258', '666');
INSERT INTO TAIKHOAN VALUES ('tnd259', '666');
INSERT INTO TAIKHOAN VALUES ('ttny260', '666');
INSERT INTO TAIKHOAN VALUES ('htt261', '666');
INSERT INTO TAIKHOAN VALUES ('dhn262', '666');
INSERT INTO TAIKHOAN VALUES ('vtgh263', '666');
INSERT INTO TAIKHOAN VALUES ('tnq264', '666');
INSERT INTO TAIKHOAN VALUES ('dvna265', '666');
INSERT INTO TAIKHOAN VALUES ('dcmt266', '666');
INSERT INTO TAIKHOAN VALUES ('acy267', '666');
INSERT INTO TAIKHOAN VALUES ('cdt268', '666');
INSERT INTO TAIKHOAN VALUES ('pdb269', '666');
INSERT INTO TAIKHOAN VALUES ('ptnd270', '666');
INSERT INTO TAIKHOAN VALUES ('bvq271', '666');
INSERT INTO TAIKHOAN VALUES ('dtn272', '666');
INSERT INTO TAIKHOAN VALUES ('bva273', '666');
INSERT INTO TAIKHOAN VALUES ('hvq274', '666');
INSERT INTO TAIKHOAN VALUES ('cvht275', '666');
INSERT INTO TAIKHOAN VALUES ('thp276', '666');
INSERT INTO TAIKHOAN VALUES ('thv277', '666');
INSERT INTO TAIKHOAN VALUES ('ahn278', '666');
INSERT INTO TAIKHOAN VALUES ('lnp279', '666');
INSERT INTO TAIKHOAN VALUES ('pva280', '666');
INSERT INTO TAIKHOAN VALUES ('ttl281', '666');
INSERT INTO TAIKHOAN VALUES ('pdtt282', '666');
INSERT INTO TAIKHOAN VALUES ('ldpa283', '666');
INSERT INTO TAIKHOAN VALUES ('vvh284', '666');
INSERT INTO TAIKHOAN VALUES ('vthm285', '666');
INSERT INTO TAIKHOAN VALUES ('dda286', '666');
INSERT INTO TAIKHOAN VALUES ('ptk287', '666');
INSERT INTO TAIKHOAN VALUES ('avt288', '666');
INSERT INTO TAIKHOAN VALUES ('lnqn289', '666');
INSERT INTO TAIKHOAN VALUES ('tvh290', '666');
INSERT INTO TAIKHOAN VALUES ('hdq291', '666');
INSERT INTO TAIKHOAN VALUES ('pdb292', '666');
INSERT INTO TAIKHOAN VALUES ('dmbn293', '666');
INSERT INTO TAIKHOAN VALUES ('cvd294', '666');
INSERT INTO TAIKHOAN VALUES ('tvh295', '666');
INSERT INTO TAIKHOAN VALUES ('thh296', '666');
INSERT INTO TAIKHOAN VALUES ('dhh297', '666');
INSERT INTO TAIKHOAN VALUES ('dnh298', '666');
INSERT INTO TAIKHOAN VALUES ('acp299', '666');
INSERT INTO TAIKHOAN VALUES ('tvt300', '666');
INSERT INTO TAIKHOAN VALUES ('tdh301', '666');
INSERT INTO TAIKHOAN VALUES ('tdtt302', '666');
INSERT INTO TAIKHOAN VALUES ('lhk303', '666');
INSERT INTO TAIKHOAN VALUES ('ptnt304', '666');
INSERT INTO TAIKHOAN VALUES ('tqa305', '666');
INSERT INTO TAIKHOAN VALUES ('ntc306', '666');
INSERT INTO TAIKHOAN VALUES ('cat307', '666');
INSERT INTO TAIKHOAN VALUES ('ttht308', '666');
INSERT INTO TAIKHOAN VALUES ('tdm309', '666');
INSERT INTO TAIKHOAN VALUES ('pcn310', '666');
INSERT INTO TAIKHOAN VALUES ('tttt311', '666');
INSERT INTO TAIKHOAN VALUES ('tvh312', '666');
INSERT INTO TAIKHOAN VALUES ('dhht313', '666');
INSERT INTO TAIKHOAN VALUES ('mnhl314', '666');
INSERT INTO TAIKHOAN VALUES ('nhn315', '666');
INSERT INTO TAIKHOAN VALUES ('btp316', '666');
INSERT INTO TAIKHOAN VALUES ('lnh317', '666');
INSERT INTO TAIKHOAN VALUES ('cnt318', '666');
INSERT INTO TAIKHOAN VALUES ('tqa319', '666');
INSERT INTO TAIKHOAN VALUES ('nht320', '666');
INSERT INTO TAIKHOAN VALUES ('dvd321', '666');
INSERT INTO TAIKHOAN VALUES ('thhm322', '666');
INSERT INTO TAIKHOAN VALUES ('snl323', '666');
INSERT INTO TAIKHOAN VALUES ('vhna324', '666');
INSERT INTO TAIKHOAN VALUES ('pth325', '666');
INSERT INTO TAIKHOAN VALUES ('hvp326', '666');
INSERT INTO TAIKHOAN VALUES ('vvmt327', '666');
INSERT INTO TAIKHOAN VALUES ('ntd328', '666');
INSERT INTO TAIKHOAN VALUES ('thh329', '666');
INSERT INTO TAIKHOAN VALUES ('gct330', '666');
INSERT INTO TAIKHOAN VALUES ('hha331', '666');
INSERT INTO TAIKHOAN VALUES ('btt332', '666');
INSERT INTO TAIKHOAN VALUES ('thl333', '666');
INSERT INTO TAIKHOAN VALUES ('qma334', '666');
INSERT INTO TAIKHOAN VALUES ('lhk335', '666');
INSERT INTO TAIKHOAN VALUES ('cnqa336', '666');
INSERT INTO TAIKHOAN VALUES ('lth337', '666');
INSERT INTO TAIKHOAN VALUES ('thht338', '666');
INSERT INTO TAIKHOAN VALUES ('ptl339', '666');
INSERT INTO TAIKHOAN VALUES ('dmq340', '666');
INSERT INTO TAIKHOAN VALUES ('cmd341', '666');
INSERT INTO TAIKHOAN VALUES ('hvna342', '666');
INSERT INTO TAIKHOAN VALUES ('tdt343', '666');
INSERT INTO TAIKHOAN VALUES ('cnl344', '666');
INSERT INTO TAIKHOAN VALUES ('bhc345', '666');
INSERT INTO TAIKHOAN VALUES ('ndh346', '666');
INSERT INTO TAIKHOAN VALUES ('qhq347', '666');
INSERT INTO TAIKHOAN VALUES ('bhk348', '666');
INSERT INTO TAIKHOAN VALUES ('hcm349', '666');
INSERT INTO TAIKHOAN VALUES ('dhh350', '666');
INSERT INTO TAIKHOAN VALUES ('capa351', '666');
INSERT INTO TAIKHOAN VALUES ('dtk352', '666');
INSERT INTO TAIKHOAN VALUES ('utp353', '666');
INSERT INTO TAIKHOAN VALUES ('ghh354', '666');
INSERT INTO TAIKHOAN VALUES ('ktp355', '666');
INSERT INTO TAIKHOAN VALUES ('gtqa356', '666');
INSERT INTO TAIKHOAN VALUES ('ptk357', '666');
INSERT INTO TAIKHOAN VALUES ('tha358', '666');
INSERT INTO TAIKHOAN VALUES ('tna359', '666');
INSERT INTO TAIKHOAN VALUES ('tct360', '666');
INSERT INTO TAIKHOAN VALUES ('nvl361', '666');
INSERT INTO TAIKHOAN VALUES ('vhq362', '666');
INSERT INTO TAIKHOAN VALUES ('ktt363', '666');
INSERT INTO TAIKHOAN VALUES ('ptn364', '666');
INSERT INTO TAIKHOAN VALUES ('tta365', '666');
INSERT INTO TAIKHOAN VALUES ('ktd366', '666');
INSERT INTO TAIKHOAN VALUES ('phn367', '666');
INSERT INTO TAIKHOAN VALUES ('lvt368', '666');
INSERT INTO TAIKHOAN VALUES ('ddl369', '666');
INSERT INTO TAIKHOAN VALUES ('svh370', '666');
INSERT INTO TAIKHOAN VALUES ('dpth371', '666');
INSERT INTO TAIKHOAN VALUES ('uvh372', '666');
INSERT INTO TAIKHOAN VALUES ('ltn373', '666');
INSERT INTO TAIKHOAN VALUES ('tth374', '666');
INSERT INTO TAIKHOAN VALUES ('dvn375', '666');
INSERT INTO TAIKHOAN VALUES ('khl376', '666');
INSERT INTO TAIKHOAN VALUES ('qdd377', '666');
INSERT INTO TAIKHOAN VALUES ('ttmc378', '666');
INSERT INTO TAIKHOAN VALUES ('cctl379', '666');
INSERT INTO TAIKHOAN VALUES ('tvp380', '666');
INSERT INTO TAIKHOAN VALUES ('ttd381', '666');
INSERT INTO TAIKHOAN VALUES ('kcn382', '666');
INSERT INTO TAIKHOAN VALUES ('nhh383', '666');
INSERT INTO TAIKHOAN VALUES ('ltq384', '666');
INSERT INTO TAIKHOAN VALUES ('phk385', '666');
INSERT INTO TAIKHOAN VALUES ('dvt386', '666');
INSERT INTO TAIKHOAN VALUES ('kdh387', '666');
INSERT INTO TAIKHOAN VALUES ('lth388', '666');
INSERT INTO TAIKHOAN VALUES ('lvd389', '666');
INSERT INTO TAIKHOAN VALUES ('nvt390', '666');
INSERT INTO TAIKHOAN VALUES ('lcd391', '666');
INSERT INTO TAIKHOAN VALUES ('mth392', '666');
INSERT INTO TAIKHOAN VALUES ('hhhm393', '666');
INSERT INTO TAIKHOAN VALUES ('shv394', '666');
INSERT INTO TAIKHOAN VALUES ('hhk395', '666');
INSERT INTO TAIKHOAN VALUES ('bnp396', '666');
INSERT INTO TAIKHOAN VALUES ('dhmt397', '666');
INSERT INTO TAIKHOAN VALUES ('sdp398', '666');
INSERT INTO TAIKHOAN VALUES ('tdq399', '666');
INSERT INTO TAIKHOAN VALUES ('phd400', '666');
INSERT INTO TAIKHOAN VALUES ('hdy401', '666');
INSERT INTO TAIKHOAN VALUES ('thh402', '666');
INSERT INTO TAIKHOAN VALUES ('vtq403', '666');
INSERT INTO TAIKHOAN VALUES ('nhht404', '666');
INSERT INTO TAIKHOAN VALUES ('vvq405', '666');
INSERT INTO TAIKHOAN VALUES ('dhn406', '666');
INSERT INTO TAIKHOAN VALUES ('ttgh407', '666');
INSERT INTO TAIKHOAN VALUES ('dnn408', '666');
INSERT INTO TAIKHOAN VALUES ('cmth409', '666');
INSERT INTO TAIKHOAN VALUES ('hhh410', '666');
INSERT INTO TAIKHOAN VALUES ('ktl411', '666');
INSERT INTO TAIKHOAN VALUES ('vpn412', '666');
INSERT INTO TAIKHOAN VALUES ('dhd413', '666');
INSERT INTO TAIKHOAN VALUES ('chk414', '666');
INSERT INTO TAIKHOAN VALUES ('vnn415', '666');
INSERT INTO TAIKHOAN VALUES ('thb416', '666');
INSERT INTO TAIKHOAN VALUES ('pnk417', '666');
INSERT INTO TAIKHOAN VALUES ('tcq418', '666');
INSERT INTO TAIKHOAN VALUES ('tpgh419', '666');
INSERT INTO TAIKHOAN VALUES ('vtbn420', '666');
INSERT INTO TAIKHOAN VALUES ('dha421', '666');
INSERT INTO TAIKHOAN VALUES ('opna422', '666');
INSERT INTO TAIKHOAN VALUES ('dts423', '666');
INSERT INTO TAIKHOAN VALUES ('ahv424', '666');
INSERT INTO TAIKHOAN VALUES ('dth425', '666');
INSERT INTO TAIKHOAN VALUES ('cnh426', '666');
INSERT INTO TAIKHOAN VALUES ('pdl427', '666');
INSERT INTO TAIKHOAN VALUES ('ktl428', '666');
INSERT INTO TAIKHOAN VALUES ('tpl429', '666');
INSERT INTO TAIKHOAN VALUES ('lhq430', '666');
INSERT INTO TAIKHOAN VALUES ('khn431', '666');
INSERT INTO TAIKHOAN VALUES ('ltnm432', '666');
INSERT INTO TAIKHOAN VALUES ('gch433', '666');
INSERT INTO TAIKHOAN VALUES ('hhh434', '666');
INSERT INTO TAIKHOAN VALUES ('ltnl435', '666');
INSERT INTO TAIKHOAN VALUES ('vtqn436', '666');
INSERT INTO TAIKHOAN VALUES ('hna437', '666');
INSERT INTO TAIKHOAN VALUES ('ptt438', '666');
INSERT INTO TAIKHOAN VALUES ('dvq439', '666');
INSERT INTO TAIKHOAN VALUES ('bdk440', '666');
INSERT INTO TAIKHOAN VALUES ('mhq441', '666');
INSERT INTO TAIKHOAN VALUES ('dta442', '666');
INSERT INTO TAIKHOAN VALUES ('ttt443', '666');
INSERT INTO TAIKHOAN VALUES ('dtpa444', '666');
INSERT INTO TAIKHOAN VALUES ('ttmp445', '666');
INSERT INTO TAIKHOAN VALUES ('ddv446', '666');
INSERT INTO TAIKHOAN VALUES ('pth447', '666');
INSERT INTO TAIKHOAN VALUES ('hhn448', '666');
INSERT INTO TAIKHOAN VALUES ('tmt449', '666');
INSERT INTO TAIKHOAN VALUES ('phth450', '666');
INSERT INTO TAIKHOAN VALUES ('ctk451', '666');
INSERT INTO TAIKHOAN VALUES ('hvp452', '666');
INSERT INTO TAIKHOAN VALUES ('ltt453', '666');
INSERT INTO TAIKHOAN VALUES ('mts454', '666');
INSERT INTO TAIKHOAN VALUES ('dvny455', '666');
INSERT INTO TAIKHOAN VALUES ('thh456', '666');
INSERT INTO TAIKHOAN VALUES ('vhn457', '666');
INSERT INTO TAIKHOAN VALUES ('val458', '666');
INSERT INTO TAIKHOAN VALUES ('udh459', '666');
INSERT INTO TAIKHOAN VALUES ('pnd460', '666');
INSERT INTO TAIKHOAN VALUES ('vmhl461', '666');
INSERT INTO TAIKHOAN VALUES ('btt462', '666');
INSERT INTO TAIKHOAN VALUES ('dtt463', '666');
INSERT INTO TAIKHOAN VALUES ('dtl464', '666');
INSERT INTO TAIKHOAN VALUES ('stq465', '666');
INSERT INTO TAIKHOAN VALUES ('qmd466', '666');
INSERT INTO TAIKHOAN VALUES ('dth467', '666');
INSERT INTO TAIKHOAN VALUES ('lmk468', '666');
INSERT INTO TAIKHOAN VALUES ('kdt469', '666');
INSERT INTO TAIKHOAN VALUES ('vnd470', '666');
INSERT INTO TAIKHOAN VALUES ('ntn471', '666');
INSERT INTO TAIKHOAN VALUES ('cht472', '666');
INSERT INTO TAIKHOAN VALUES ('hdnl473', '666');
INSERT INTO TAIKHOAN VALUES ('kva474', '666');
INSERT INTO TAIKHOAN VALUES ('dnm475', '666');
INSERT INTO TAIKHOAN VALUES ('kdnm476', '666');
INSERT INTO TAIKHOAN VALUES ('ghv477', '666');
INSERT INTO TAIKHOAN VALUES ('cvb478', '666');
INSERT INTO TAIKHOAN VALUES ('qch479', '666');
INSERT INTO TAIKHOAN VALUES ('qvb480', '666');
INSERT INTO TAIKHOAN VALUES ('dha481', '666');
INSERT INTO TAIKHOAN VALUES ('ttl482', '666');
INSERT INTO TAIKHOAN VALUES ('tth483', '666');
INSERT INTO TAIKHOAN VALUES ('lhnd484', '666');
INSERT INTO TAIKHOAN VALUES ('lhht485', '666');
INSERT INTO TAIKHOAN VALUES ('pvs486', '666');
INSERT INTO TAIKHOAN VALUES ('thq487', '666');
INSERT INTO TAIKHOAN VALUES ('tav488', '666');
INSERT INTO TAIKHOAN VALUES ('ttd489', '666');
INSERT INTO TAIKHOAN VALUES ('ndn490', '666');
INSERT INTO TAIKHOAN VALUES ('ndk491', '666');
INSERT INTO TAIKHOAN VALUES ('tdp492', '666');
INSERT INTO TAIKHOAN VALUES ('sty493', '666');
INSERT INTO TAIKHOAN VALUES ('ltn494', '666');
INSERT INTO TAIKHOAN VALUES ('pcn495', '666');
INSERT INTO TAIKHOAN VALUES ('lct496', '666');
INSERT INTO TAIKHOAN VALUES ('tvq497', '666');
INSERT INTO TAIKHOAN VALUES ('ctnt498', '666');
INSERT INTO TAIKHOAN VALUES ('nqt499', '666');
INSERT INTO TAIKHOAN VALUES ('ltl500', '666');
INSERT INTO TAIKHOAN VALUES ('tvk501', '666');


INSERT INTO QUYEN VALUES ('ADMIN', N'Quy?n dành cho qu?n lý');
INSERT INTO QUYEN VALUES ('PATIENT', N'Quy?n dành cho b?nh nhân');
INSERT INTO QUYEN VALUES ('CASHIER', N'Quy?n dành cho nhân viên thu ngân');
INSERT INTO QUYEN VALUES ('RECEIVING', N'Quy?n dành cho nhân viên Ti?p nh?n');
INSERT INTO QUYEN VALUES ('DOCTOR', N'Quy?n dành cho bác s?');

INSERT INTO PHANQUYENTAIKHOAN VALUES ('quanly', 'ADMIN');
INSERT INTO PHANQUYENTAIKHOAN VALUES ('nhuquynh', 'CASHIER');
INSERT INTO PHANQUYENTAIKHOAN VALUES ('thanhtruc', 'CASHIER');
INSERT INTO PHANQUYENTAIKHOAN VALUES ('ductruong', 'RECEIVING');
INSERT INTO PHANQUYENTAIKHOAN VALUES ('baongan', 'RECEIVING');
INSERT INTO PHANQUYENTAIKHOAN VALUES ('ttd1', 'DOCTOR');
INSERT INTO PHANQUYENTAIKHOAN VALUES ('tvh2', 'DOCTOR');
INSERT INTO PHANQUYENTAIKHOAN VALUES ('nvn3', 'DOCTOR');
INSERT INTO PHANQUYENTAIKHOAN VALUES ('dtt5', 'DOCTOR');
INSERT INTO PHANQUYENTAIKHOAN VALUES ('httt6', 'DOCTOR');
INSERT INTO PHANQUYENTAIKHOAN VALUES ('tko7', 'DOCTOR');
INSERT INTO PHANQUYENTAIKHOAN VALUES ('tdm8', 'DOCTOR');
INSERT INTO PHANQUYENTAIKHOAN VALUES ('vttd9', 'DOCTOR');
INSERT INTO PHANQUYENTAIKHOAN VALUES ('tnh11', 'DOCTOR');
INSERT INTO PHANQUYENTAIKHOAN VALUES ('ntlh12', 'DOCTOR');
INSERT INTO PHANQUYENTAIKHOAN VALUES ('ttd13', 'DOCTOR');
INSERT INTO PHANQUYENTAIKHOAN VALUES ('ndt14', 'DOCTOR');
INSERT INTO PHANQUYENTAIKHOAN VALUES ('tttt15', 'DOCTOR');
INSERT INTO PHANQUYENTAIKHOAN VALUES ('hvmm16', 'DOCTOR');
INSERT INTO PHANQUYENTAIKHOAN VALUES ('ndh17', 'DOCTOR');
INSERT INTO PHANQUYENTAIKHOAN VALUES ('ntc18', 'DOCTOR');
INSERT INTO PHANQUYENTAIKHOAN VALUES ('dqh20', 'DOCTOR');
INSERT INTO PHANQUYENTAIKHOAN VALUES ('lxn21', 'DOCTOR');
INSERT INTO PHANQUYENTAIKHOAN VALUES ('nptl22', 'DOCTOR');
INSERT INTO PHANQUYENTAIKHOAN VALUES ('nts23', 'DOCTOR');
INSERT INTO PHANQUYENTAIKHOAN VALUES ('lth24', 'DOCTOR');
INSERT INTO PHANQUYENTAIKHOAN VALUES ('tnt25', 'DOCTOR');
INSERT INTO PHANQUYENTAIKHOAN VALUES ('cdn26', 'DOCTOR');
INSERT INTO PHANQUYENTAIKHOAN VALUES ('nqc27', 'DOCTOR');
INSERT INTO PHANQUYENTAIKHOAN VALUES ('tqa28', 'DOCTOR');
INSERT INTO PHANQUYENTAIKHOAN VALUES ('tav29', 'DOCTOR');
INSERT INTO PHANQUYENTAIKHOAN VALUES ('htkq30', 'DOCTOR');
INSERT INTO PHANQUYENTAIKHOAN VALUES ('nqn31', 'DOCTOR');
INSERT INTO PHANQUYENTAIKHOAN VALUES ('dtt32', 'DOCTOR');
INSERT INTO PHANQUYENTAIKHOAN VALUES ('htl33', 'DOCTOR');
INSERT INTO PHANQUYENTAIKHOAN VALUES ('mmt34', 'DOCTOR');
INSERT INTO PHANQUYENTAIKHOAN VALUES ('lqh35', 'DOCTOR');
INSERT INTO PHANQUYENTAIKHOAN VALUES ('nvn36', 'DOCTOR');
INSERT INTO PHANQUYENTAIKHOAN VALUES ('dtd37', 'DOCTOR');
INSERT INTO PHANQUYENTAIKHOAN VALUES ('ttnl38', 'DOCTOR');
INSERT INTO PHANQUYENTAIKHOAN VALUES ('tdh39', 'DOCTOR');
INSERT INTO PHANQUYENTAIKHOAN VALUES ('ctn40', 'DOCTOR');
INSERT INTO PHANQUYENTAIKHOAN VALUES ('tdh41', 'DOCTOR');
INSERT INTO PHANQUYENTAIKHOAN VALUES ('ltla42', 'DOCTOR');
INSERT INTO PHANQUYENTAIKHOAN VALUES ('nvl43', 'DOCTOR');
INSERT INTO PHANQUYENTAIKHOAN VALUES ('lvk44', 'DOCTOR');
INSERT INTO PHANQUYENTAIKHOAN VALUES ('lnm45', 'DOCTOR');
INSERT INTO PHANQUYENTAIKHOAN VALUES ('qtbt46', 'DOCTOR');
INSERT INTO PHANQUYENTAIKHOAN VALUES ('ptx47', 'DOCTOR');
INSERT INTO PHANQUYENTAIKHOAN VALUES ('ptpt48', 'DOCTOR');
INSERT INTO PHANQUYENTAIKHOAN VALUES ('nqk49', 'DOCTOR');
INSERT INTO PHANQUYENTAIKHOAN VALUES ('dcl50', 'DOCTOR');
INSERT INTO PHANQUYENTAIKHOAN VALUES ('tttp1', 'PATIENT');
INSERT INTO PHANQUYENTAIKHOAN VALUES ('nqt2', 'PATIENT');
INSERT INTO PHANQUYENTAIKHOAN VALUES ('dhnt3', 'PATIENT');
INSERT INTO PHANQUYENTAIKHOAN VALUES ('tvbn4', 'PATIENT');
INSERT INTO PHANQUYENTAIKHOAN VALUES ('mqhm5', 'PATIENT');
INSERT INTO PHANQUYENTAIKHOAN VALUES ('tda6', 'PATIENT');
INSERT INTO PHANQUYENTAIKHOAN VALUES ('gpq7', 'PATIENT');
INSERT INTO PHANQUYENTAIKHOAN VALUES ('pcd8', 'PATIENT');
INSERT INTO PHANQUYENTAIKHOAN VALUES ('tvx9', 'PATIENT');
INSERT INTO PHANQUYENTAIKHOAN VALUES ('pttl10', 'PATIENT');
INSERT INTO PHANQUYENTAIKHOAN VALUES ('tmh11', 'PATIENT');
INSERT INTO PHANQUYENTAIKHOAN VALUES ('phna12', 'PATIENT');
INSERT INTO PHANQUYENTAIKHOAN VALUES ('lhth13', 'PATIENT');
INSERT INTO PHANQUYENTAIKHOAN VALUES ('thv14', 'PATIENT');
INSERT INTO PHANQUYENTAIKHOAN VALUES ('vnq15', 'PATIENT');
INSERT INTO PHANQUYENTAIKHOAN VALUES ('npb16', 'PATIENT');
INSERT INTO PHANQUYENTAIKHOAN VALUES ('shn17', 'PATIENT');
INSERT INTO PHANQUYENTAIKHOAN VALUES ('vtk18', 'PATIENT');
INSERT INTO PHANQUYENTAIKHOAN VALUES ('htl19', 'PATIENT');
INSERT INTO PHANQUYENTAIKHOAN VALUES ('cdp20', 'PATIENT');
INSERT INTO PHANQUYENTAIKHOAN VALUES ('tdl21', 'PATIENT');
INSERT INTO PHANQUYENTAIKHOAN VALUES ('tvk22', 'PATIENT');
INSERT INTO PHANQUYENTAIKHOAN VALUES ('chmc23', 'PATIENT');
INSERT INTO PHANQUYENTAIKHOAN VALUES ('tqt24', 'PATIENT');
INSERT INTO PHANQUYENTAIKHOAN VALUES ('nht25', 'PATIENT');
INSERT INTO PHANQUYENTAIKHOAN VALUES ('thv26', 'PATIENT');
INSERT INTO PHANQUYENTAIKHOAN VALUES ('nnp27', 'PATIENT');
INSERT INTO PHANQUYENTAIKHOAN VALUES ('tpt28', 'PATIENT');
INSERT INTO PHANQUYENTAIKHOAN VALUES ('thtl29', 'PATIENT');
INSERT INTO PHANQUYENTAIKHOAN VALUES ('pnnl30', 'PATIENT');
INSERT INTO PHANQUYENTAIKHOAN VALUES ('vhv31', 'PATIENT');
INSERT INTO PHANQUYENTAIKHOAN VALUES ('htv32', 'PATIENT');
INSERT INTO PHANQUYENTAIKHOAN VALUES ('dtqn33', 'PATIENT');
INSERT INTO PHANQUYENTAIKHOAN VALUES ('ltv34', 'PATIENT');
INSERT INTO PHANQUYENTAIKHOAN VALUES ('gvv35', 'PATIENT');
INSERT INTO PHANQUYENTAIKHOAN VALUES ('dthm36', 'PATIENT');
INSERT INTO PHANQUYENTAIKHOAN VALUES ('vpth37', 'PATIENT');
INSERT INTO PHANQUYENTAIKHOAN VALUES ('chnt38', 'PATIENT');
INSERT INTO PHANQUYENTAIKHOAN VALUES ('vtt39', 'PATIENT');
INSERT INTO PHANQUYENTAIKHOAN VALUES ('lht40', 'PATIENT');
INSERT INTO PHANQUYENTAIKHOAN VALUES ('dvnd41', 'PATIENT');
INSERT INTO PHANQUYENTAIKHOAN VALUES ('ndh42', 'PATIENT');
INSERT INTO PHANQUYENTAIKHOAN VALUES ('mvt43', 'PATIENT');
INSERT INTO PHANQUYENTAIKHOAN VALUES ('dab44', 'PATIENT');
INSERT INTO PHANQUYENTAIKHOAN VALUES ('tht45', 'PATIENT');
INSERT INTO PHANQUYENTAIKHOAN VALUES ('mvp46', 'PATIENT');
INSERT INTO PHANQUYENTAIKHOAN VALUES ('kta47', 'PATIENT');
INSERT INTO PHANQUYENTAIKHOAN VALUES ('phna48', 'PATIENT');
INSERT INTO PHANQUYENTAIKHOAN VALUES ('ott49', 'PATIENT');
INSERT INTO PHANQUYENTAIKHOAN VALUES ('ndl50', 'PATIENT');
INSERT INTO PHANQUYENTAIKHOAN VALUES ('khp51', 'PATIENT');
INSERT INTO PHANQUYENTAIKHOAN VALUES ('pvth52', 'PATIENT');
INSERT INTO PHANQUYENTAIKHOAN VALUES ('tch53', 'PATIENT');
INSERT INTO PHANQUYENTAIKHOAN VALUES ('dny54', 'PATIENT');
INSERT INTO PHANQUYENTAIKHOAN VALUES ('damt55', 'PATIENT');
INSERT INTO PHANQUYENTAIKHOAN VALUES ('thh56', 'PATIENT');
INSERT INTO PHANQUYENTAIKHOAN VALUES ('lvl57', 'PATIENT');
INSERT INTO PHANQUYENTAIKHOAN VALUES ('hct58', 'PATIENT');
INSERT INTO PHANQUYENTAIKHOAN VALUES ('tth59', 'PATIENT');
INSERT INTO PHANQUYENTAIKHOAN VALUES ('mpl60', 'PATIENT');
INSERT INTO PHANQUYENTAIKHOAN VALUES ('tvk61', 'PATIENT');
INSERT INTO PHANQUYENTAIKHOAN VALUES ('chn62', 'PATIENT');
INSERT INTO PHANQUYENTAIKHOAN VALUES ('qvd63', 'PATIENT');
INSERT INTO PHANQUYENTAIKHOAN VALUES ('pdt64', 'PATIENT');
INSERT INTO PHANQUYENTAIKHOAN VALUES ('kqa65', 'PATIENT');
INSERT INTO PHANQUYENTAIKHOAN VALUES ('vhl66', 'PATIENT');
INSERT INTO PHANQUYENTAIKHOAN VALUES ('ktp67', 'PATIENT');
INSERT INTO PHANQUYENTAIKHOAN VALUES ('tdht68', 'PATIENT');
INSERT INTO PHANQUYENTAIKHOAN VALUES ('ntt69', 'PATIENT');
INSERT INTO PHANQUYENTAIKHOAN VALUES ('stk70', 'PATIENT');
INSERT INTO PHANQUYENTAIKHOAN VALUES ('bpq71', 'PATIENT');
INSERT INTO PHANQUYENTAIKHOAN VALUES ('thl72', 'PATIENT');
INSERT INTO PHANQUYENTAIKHOAN VALUES ('vvt73', 'PATIENT');
INSERT INTO PHANQUYENTAIKHOAN VALUES ('thp74', 'PATIENT');
INSERT INTO PHANQUYENTAIKHOAN VALUES ('btp75', 'PATIENT');
INSERT INTO PHANQUYENTAIKHOAN VALUES ('lhtl76', 'PATIENT');
INSERT INTO PHANQUYENTAIKHOAN VALUES ('vny77', 'PATIENT');
INSERT INTO PHANQUYENTAIKHOAN VALUES ('kntt78', 'PATIENT');
INSERT INTO PHANQUYENTAIKHOAN VALUES ('vhnm79', 'PATIENT');
INSERT INTO PHANQUYENTAIKHOAN VALUES ('khk80', 'PATIENT');
INSERT INTO PHANQUYENTAIKHOAN VALUES ('tdm81', 'PATIENT');
INSERT INTO PHANQUYENTAIKHOAN VALUES ('dcnt82', 'PATIENT');
INSERT INTO PHANQUYENTAIKHOAN VALUES ('kqny83', 'PATIENT');
INSERT INTO PHANQUYENTAIKHOAN VALUES ('nph84', 'PATIENT');
INSERT INTO PHANQUYENTAIKHOAN VALUES ('ctl85', 'PATIENT');
INSERT INTO PHANQUYENTAIKHOAN VALUES ('ovl86', 'PATIENT');
INSERT INTO PHANQUYENTAIKHOAN VALUES ('nhnd87', 'PATIENT');
INSERT INTO PHANQUYENTAIKHOAN VALUES ('vtmp88', 'PATIENT');
INSERT INTO PHANQUYENTAIKHOAN VALUES ('ktd89', 'PATIENT');
INSERT INTO PHANQUYENTAIKHOAN VALUES ('mvny90', 'PATIENT');
INSERT INTO PHANQUYENTAIKHOAN VALUES ('ppnm91', 'PATIENT');
INSERT INTO PHANQUYENTAIKHOAN VALUES ('cagh92', 'PATIENT');
INSERT INTO PHANQUYENTAIKHOAN VALUES ('kht93', 'PATIENT');
INSERT INTO PHANQUYENTAIKHOAN VALUES ('dtt94', 'PATIENT');
INSERT INTO PHANQUYENTAIKHOAN VALUES ('bmd95', 'PATIENT');
INSERT INTO PHANQUYENTAIKHOAN VALUES ('kcq96', 'PATIENT');
INSERT INTO PHANQUYENTAIKHOAN VALUES ('tth97', 'PATIENT');
INSERT INTO PHANQUYENTAIKHOAN VALUES ('uhv98', 'PATIENT');
INSERT INTO PHANQUYENTAIKHOAN VALUES ('ttb99', 'PATIENT');
INSERT INTO PHANQUYENTAIKHOAN VALUES ('tdtl100', 'PATIENT');
INSERT INTO PHANQUYENTAIKHOAN VALUES ('pht101', 'PATIENT');
INSERT INTO PHANQUYENTAIKHOAN VALUES ('ltt102', 'PATIENT');
INSERT INTO PHANQUYENTAIKHOAN VALUES ('bhnd103', 'PATIENT');
INSERT INTO PHANQUYENTAIKHOAN VALUES ('dtht104', 'PATIENT');
INSERT INTO PHANQUYENTAIKHOAN VALUES ('ntt105', 'PATIENT');
INSERT INTO PHANQUYENTAIKHOAN VALUES ('tvh106', 'PATIENT');
INSERT INTO PHANQUYENTAIKHOAN VALUES ('pttl107', 'PATIENT');
INSERT INTO PHANQUYENTAIKHOAN VALUES ('dmb108', 'PATIENT');
INSERT INTO PHANQUYENTAIKHOAN VALUES ('thq109', 'PATIENT');
INSERT INTO PHANQUYENTAIKHOAN VALUES ('kqa110', 'PATIENT');
INSERT INTO PHANQUYENTAIKHOAN VALUES ('bvv111', 'PATIENT');
INSERT INTO PHANQUYENTAIKHOAN VALUES ('chl112', 'PATIENT');
INSERT INTO PHANQUYENTAIKHOAN VALUES ('vhd113', 'PATIENT');
INSERT INTO PHANQUYENTAIKHOAN VALUES ('bvp114', 'PATIENT');
INSERT INTO PHANQUYENTAIKHOAN VALUES ('ttq115', 'PATIENT');
INSERT INTO PHANQUYENTAIKHOAN VALUES ('vtt116', 'PATIENT');
INSERT INTO PHANQUYENTAIKHOAN VALUES ('ctnm117', 'PATIENT');
INSERT INTO PHANQUYENTAIKHOAN VALUES ('dty118', 'PATIENT');
INSERT INTO PHANQUYENTAIKHOAN VALUES ('btpa119', 'PATIENT');
INSERT INTO PHANQUYENTAIKHOAN VALUES ('dvtl120', 'PATIENT');
INSERT INTO PHANQUYENTAIKHOAN VALUES ('tqk121', 'PATIENT');
INSERT INTO PHANQUYENTAIKHOAN VALUES ('ktv122', 'PATIENT');
INSERT INTO PHANQUYENTAIKHOAN VALUES ('chk123', 'PATIENT');
INSERT INTO PHANQUYENTAIKHOAN VALUES ('kvnm124', 'PATIENT');
INSERT INTO PHANQUYENTAIKHOAN VALUES ('knt125', 'PATIENT');
INSERT INTO PHANQUYENTAIKHOAN VALUES ('tnt126', 'PATIENT');
INSERT INTO PHANQUYENTAIKHOAN VALUES ('hnm127', 'PATIENT');
INSERT INTO PHANQUYENTAIKHOAN VALUES ('bdl128', 'PATIENT');
INSERT INTO PHANQUYENTAIKHOAN VALUES ('ttk129', 'PATIENT');
INSERT INTO PHANQUYENTAIKHOAN VALUES ('vttl130', 'PATIENT');
INSERT INTO PHANQUYENTAIKHOAN VALUES ('knh131', 'PATIENT');
INSERT INTO PHANQUYENTAIKHOAN VALUES ('nnt132', 'PATIENT');
INSERT INTO PHANQUYENTAIKHOAN VALUES ('ndnd133', 'PATIENT');
INSERT INTO PHANQUYENTAIKHOAN VALUES ('dhp134', 'PATIENT');
INSERT INTO PHANQUYENTAIKHOAN VALUES ('ddt135', 'PATIENT');
INSERT INTO PHANQUYENTAIKHOAN VALUES ('tmn136', 'PATIENT');
INSERT INTO PHANQUYENTAIKHOAN VALUES ('htn137', 'PATIENT');
INSERT INTO PHANQUYENTAIKHOAN VALUES ('bvt138', 'PATIENT');
INSERT INTO PHANQUYENTAIKHOAN VALUES ('hb139', 'PATIENT');
INSERT INTO PHANQUYENTAIKHOAN VALUES ('dvt140', 'PATIENT');
INSERT INTO PHANQUYENTAIKHOAN VALUES ('tqt141', 'PATIENT');
INSERT INTO PHANQUYENTAIKHOAN VALUES ('dth142', 'PATIENT');
INSERT INTO PHANQUYENTAIKHOAN VALUES ('gpgh143', 'PATIENT');
INSERT INTO PHANQUYENTAIKHOAN VALUES ('pdn144', 'PATIENT');
INSERT INTO PHANQUYENTAIKHOAN VALUES ('ttt145', 'PATIENT');
INSERT INTO PHANQUYENTAIKHOAN VALUES ('mtt146', 'PATIENT');
INSERT INTO PHANQUYENTAIKHOAN VALUES ('mtt147', 'PATIENT');
INSERT INTO PHANQUYENTAIKHOAN VALUES ('vcq148', 'PATIENT');
INSERT INTO PHANQUYENTAIKHOAN VALUES ('dtp149', 'PATIENT');
INSERT INTO PHANQUYENTAIKHOAN VALUES ('ddt150', 'PATIENT');
INSERT INTO PHANQUYENTAIKHOAN VALUES ('tth151', 'PATIENT');
INSERT INTO PHANQUYENTAIKHOAN VALUES ('thd152', 'PATIENT');
INSERT INTO PHANQUYENTAIKHOAN VALUES ('kvn153', 'PATIENT');
INSERT INTO PHANQUYENTAIKHOAN VALUES ('tnh154', 'PATIENT');
INSERT INTO PHANQUYENTAIKHOAN VALUES ('ptnl155', 'PATIENT');
INSERT INTO PHANQUYENTAIKHOAN VALUES ('qqh156', 'PATIENT');
INSERT INTO PHANQUYENTAIKHOAN VALUES ('tvc157', 'PATIENT');
INSERT INTO PHANQUYENTAIKHOAN VALUES ('vcp158', 'PATIENT');
INSERT INTO PHANQUYENTAIKHOAN VALUES ('vnt159', 'PATIENT');
INSERT INTO PHANQUYENTAIKHOAN VALUES ('thl160', 'PATIENT');
INSERT INTO PHANQUYENTAIKHOAN VALUES ('ctnd161', 'PATIENT');
INSERT INTO PHANQUYENTAIKHOAN VALUES ('bhn162', 'PATIENT');
INSERT INTO PHANQUYENTAIKHOAN VALUES ('chl163', 'PATIENT');
INSERT INTO PHANQUYENTAIKHOAN VALUES ('hnt164', 'PATIENT');
INSERT INTO PHANQUYENTAIKHOAN VALUES ('tphl165', 'PATIENT');
INSERT INTO PHANQUYENTAIKHOAN VALUES ('odv166', 'PATIENT');
INSERT INTO PHANQUYENTAIKHOAN VALUES ('pvqn167', 'PATIENT');
INSERT INTO PHANQUYENTAIKHOAN VALUES ('khtt168', 'PATIENT');
INSERT INTO PHANQUYENTAIKHOAN VALUES ('tnp169', 'PATIENT');
INSERT INTO PHANQUYENTAIKHOAN VALUES ('dtd170', 'PATIENT');
INSERT INTO PHANQUYENTAIKHOAN VALUES ('bhp171', 'PATIENT');
INSERT INTO PHANQUYENTAIKHOAN VALUES ('dtq172', 'PATIENT');
INSERT INTO PHANQUYENTAIKHOAN VALUES ('tth173', 'PATIENT');
INSERT INTO PHANQUYENTAIKHOAN VALUES ('tttl174', 'PATIENT');
INSERT INTO PHANQUYENTAIKHOAN VALUES ('hhmt175', 'PATIENT');
INSERT INTO PHANQUYENTAIKHOAN VALUES ('dmt176', 'PATIENT');
INSERT INTO PHANQUYENTAIKHOAN VALUES ('thv177', 'PATIENT');
INSERT INTO PHANQUYENTAIKHOAN VALUES ('vnht178', 'PATIENT');
INSERT INTO PHANQUYENTAIKHOAN VALUES ('latl179', 'PATIENT');
INSERT INTO PHANQUYENTAIKHOAN VALUES ('hpd180', 'PATIENT');
INSERT INTO PHANQUYENTAIKHOAN VALUES ('tvq181', 'PATIENT');
INSERT INTO PHANQUYENTAIKHOAN VALUES ('dhn182', 'PATIENT');
INSERT INTO PHANQUYENTAIKHOAN VALUES ('htt183', 'PATIENT');
INSERT INTO PHANQUYENTAIKHOAN VALUES ('chn184', 'PATIENT');
INSERT INTO PHANQUYENTAIKHOAN VALUES ('mph185', 'PATIENT');
INSERT INTO PHANQUYENTAIKHOAN VALUES ('vmt186', 'PATIENT');
INSERT INTO PHANQUYENTAIKHOAN VALUES ('lnd187', 'PATIENT');
INSERT INTO PHANQUYENTAIKHOAN VALUES ('hdnm188', 'PATIENT');
INSERT INTO PHANQUYENTAIKHOAN VALUES ('qvl189', 'PATIENT');
INSERT INTO PHANQUYENTAIKHOAN VALUES ('lcnd190', 'PATIENT');
INSERT INTO PHANQUYENTAIKHOAN VALUES ('tny191', 'PATIENT');
INSERT INTO PHANQUYENTAIKHOAN VALUES ('tpt192', 'PATIENT');
INSERT INTO PHANQUYENTAIKHOAN VALUES ('qttl193', 'PATIENT');
INSERT INTO PHANQUYENTAIKHOAN VALUES ('cnnl194', 'PATIENT');
INSERT INTO PHANQUYENTAIKHOAN VALUES ('ddt195', 'PATIENT');
INSERT INTO PHANQUYENTAIKHOAN VALUES ('tht196', 'PATIENT');
INSERT INTO PHANQUYENTAIKHOAN VALUES ('tmh197', 'PATIENT');
INSERT INTO PHANQUYENTAIKHOAN VALUES ('pdl198', 'PATIENT');
INSERT INTO PHANQUYENTAIKHOAN VALUES ('kdth199', 'PATIENT');
INSERT INTO PHANQUYENTAIKHOAN VALUES ('npv200', 'PATIENT');
INSERT INTO PHANQUYENTAIKHOAN VALUES ('dnth201', 'PATIENT');
INSERT INTO PHANQUYENTAIKHOAN VALUES ('cqd202', 'PATIENT');
INSERT INTO PHANQUYENTAIKHOAN VALUES ('hnq203', 'PATIENT');
INSERT INTO PHANQUYENTAIKHOAN VALUES ('vhhm204', 'PATIENT');
INSERT INTO PHANQUYENTAIKHOAN VALUES ('dhn205', 'PATIENT');
INSERT INTO PHANQUYENTAIKHOAN VALUES ('cqbn206', 'PATIENT');
INSERT INTO PHANQUYENTAIKHOAN VALUES ('hct207', 'PATIENT');
INSERT INTO PHANQUYENTAIKHOAN VALUES ('ptt208', 'PATIENT');
INSERT INTO PHANQUYENTAIKHOAN VALUES ('cdq209', 'PATIENT');
INSERT INTO PHANQUYENTAIKHOAN VALUES ('laht210', 'PATIENT');
INSERT INTO PHANQUYENTAIKHOAN VALUES ('dtth211', 'PATIENT');
INSERT INTO PHANQUYENTAIKHOAN VALUES ('mvt212', 'PATIENT');
INSERT INTO PHANQUYENTAIKHOAN VALUES ('ttv213', 'PATIENT');
INSERT INTO PHANQUYENTAIKHOAN VALUES ('tva214', 'PATIENT');
INSERT INTO PHANQUYENTAIKHOAN VALUES ('thm215', 'PATIENT');
INSERT INTO PHANQUYENTAIKHOAN VALUES ('ktt216', 'PATIENT');
INSERT INTO PHANQUYENTAIKHOAN VALUES ('vpt217', 'PATIENT');
INSERT INTO PHANQUYENTAIKHOAN VALUES ('ttnl218', 'PATIENT');
INSERT INTO PHANQUYENTAIKHOAN VALUES ('dmk219', 'PATIENT');
INSERT INTO PHANQUYENTAIKHOAN VALUES ('dhhm220', 'PATIENT');
INSERT INTO PHANQUYENTAIKHOAN VALUES ('qtny221', 'PATIENT');
INSERT INTO PHANQUYENTAIKHOAN VALUES ('bqmc222', 'PATIENT');
INSERT INTO PHANQUYENTAIKHOAN VALUES ('bmp223', 'PATIENT');
INSERT INTO PHANQUYENTAIKHOAN VALUES ('tqpa224', 'PATIENT');
INSERT INTO PHANQUYENTAIKHOAN VALUES ('cnbn225', 'PATIENT');
INSERT INTO PHANQUYENTAIKHOAN VALUES ('bvx226', 'PATIENT');
INSERT INTO PHANQUYENTAIKHOAN VALUES ('ddc227', 'PATIENT');
INSERT INTO PHANQUYENTAIKHOAN VALUES ('pvt228', 'PATIENT');
INSERT INTO PHANQUYENTAIKHOAN VALUES ('mdh229', 'PATIENT');
INSERT INTO PHANQUYENTAIKHOAN VALUES ('htd230', 'PATIENT');
INSERT INTO PHANQUYENTAIKHOAN VALUES ('hnb231', 'PATIENT');
INSERT INTO PHANQUYENTAIKHOAN VALUES ('dtb232', 'PATIENT');
INSERT INTO PHANQUYENTAIKHOAN VALUES ('mvh233', 'PATIENT');
INSERT INTO PHANQUYENTAIKHOAN VALUES ('hps234', 'PATIENT');
INSERT INTO PHANQUYENTAIKHOAN VALUES ('nvx235', 'PATIENT');
INSERT INTO PHANQUYENTAIKHOAN VALUES ('tdt236', 'PATIENT');
INSERT INTO PHANQUYENTAIKHOAN VALUES ('bmk237', 'PATIENT');
INSERT INTO PHANQUYENTAIKHOAN VALUES ('dtt238', 'PATIENT');
INSERT INTO PHANQUYENTAIKHOAN VALUES ('nht239', 'PATIENT');
INSERT INTO PHANQUYENTAIKHOAN VALUES ('ptv240', 'PATIENT');
INSERT INTO PHANQUYENTAIKHOAN VALUES ('htl241', 'PATIENT');
INSERT INTO PHANQUYENTAIKHOAN VALUES ('kvb242', 'PATIENT');
INSERT INTO PHANQUYENTAIKHOAN VALUES ('ntv243', 'PATIENT');
INSERT INTO PHANQUYENTAIKHOAN VALUES ('gtt244', 'PATIENT');
INSERT INTO PHANQUYENTAIKHOAN VALUES ('mhm245', 'PATIENT');
INSERT INTO PHANQUYENTAIKHOAN VALUES ('thh246', 'PATIENT');
INSERT INTO PHANQUYENTAIKHOAN VALUES ('tvp247', 'PATIENT');
INSERT INTO PHANQUYENTAIKHOAN VALUES ('lhn248', 'PATIENT');
INSERT INTO PHANQUYENTAIKHOAN VALUES ('phn249', 'PATIENT');
INSERT INTO PHANQUYENTAIKHOAN VALUES ('dnb250', 'PATIENT');
INSERT INTO PHANQUYENTAIKHOAN VALUES ('ddtt251', 'PATIENT');
INSERT INTO PHANQUYENTAIKHOAN VALUES ('ttm252', 'PATIENT');
INSERT INTO PHANQUYENTAIKHOAN VALUES ('cvnt253', 'PATIENT');
INSERT INTO PHANQUYENTAIKHOAN VALUES ('tqnm254', 'PATIENT');
INSERT INTO PHANQUYENTAIKHOAN VALUES ('lhk255', 'PATIENT');
INSERT INTO PHANQUYENTAIKHOAN VALUES ('tchl256', 'PATIENT');
INSERT INTO PHANQUYENTAIKHOAN VALUES ('kdc257', 'PATIENT');
INSERT INTO PHANQUYENTAIKHOAN VALUES ('vtm258', 'PATIENT');
INSERT INTO PHANQUYENTAIKHOAN VALUES ('tnd259', 'PATIENT');
INSERT INTO PHANQUYENTAIKHOAN VALUES ('ttny260', 'PATIENT');
INSERT INTO PHANQUYENTAIKHOAN VALUES ('htt261', 'PATIENT');
INSERT INTO PHANQUYENTAIKHOAN VALUES ('dhn262', 'PATIENT');
INSERT INTO PHANQUYENTAIKHOAN VALUES ('vtgh263', 'PATIENT');
INSERT INTO PHANQUYENTAIKHOAN VALUES ('tnq264', 'PATIENT');
INSERT INTO PHANQUYENTAIKHOAN VALUES ('dvna265', 'PATIENT');
INSERT INTO PHANQUYENTAIKHOAN VALUES ('dcmt266', 'PATIENT');
INSERT INTO PHANQUYENTAIKHOAN VALUES ('acy267', 'PATIENT');
INSERT INTO PHANQUYENTAIKHOAN VALUES ('cdt268', 'PATIENT');
INSERT INTO PHANQUYENTAIKHOAN VALUES ('pdb269', 'PATIENT');
INSERT INTO PHANQUYENTAIKHOAN VALUES ('ptnd270', 'PATIENT');
INSERT INTO PHANQUYENTAIKHOAN VALUES ('bvq271', 'PATIENT');
INSERT INTO PHANQUYENTAIKHOAN VALUES ('dtn272', 'PATIENT');
INSERT INTO PHANQUYENTAIKHOAN VALUES ('bva273', 'PATIENT');
INSERT INTO PHANQUYENTAIKHOAN VALUES ('hvq274', 'PATIENT');
INSERT INTO PHANQUYENTAIKHOAN VALUES ('cvht275', 'PATIENT');
INSERT INTO PHANQUYENTAIKHOAN VALUES ('thp276', 'PATIENT');
INSERT INTO PHANQUYENTAIKHOAN VALUES ('thv277', 'PATIENT');
INSERT INTO PHANQUYENTAIKHOAN VALUES ('ahn278', 'PATIENT');
INSERT INTO PHANQUYENTAIKHOAN VALUES ('lnp279', 'PATIENT');
INSERT INTO PHANQUYENTAIKHOAN VALUES ('pva280', 'PATIENT');
INSERT INTO PHANQUYENTAIKHOAN VALUES ('ttl281', 'PATIENT');
INSERT INTO PHANQUYENTAIKHOAN VALUES ('pdtt282', 'PATIENT');
INSERT INTO PHANQUYENTAIKHOAN VALUES ('ldpa283', 'PATIENT');
INSERT INTO PHANQUYENTAIKHOAN VALUES ('vvh284', 'PATIENT');
INSERT INTO PHANQUYENTAIKHOAN VALUES ('vthm285', 'PATIENT');
INSERT INTO PHANQUYENTAIKHOAN VALUES ('dda286', 'PATIENT');
INSERT INTO PHANQUYENTAIKHOAN VALUES ('ptk287', 'PATIENT');
INSERT INTO PHANQUYENTAIKHOAN VALUES ('avt288', 'PATIENT');
INSERT INTO PHANQUYENTAIKHOAN VALUES ('lnqn289', 'PATIENT');
INSERT INTO PHANQUYENTAIKHOAN VALUES ('tvh290', 'PATIENT');
INSERT INTO PHANQUYENTAIKHOAN VALUES ('hdq291', 'PATIENT');
INSERT INTO PHANQUYENTAIKHOAN VALUES ('pdb292', 'PATIENT');
INSERT INTO PHANQUYENTAIKHOAN VALUES ('dmbn293', 'PATIENT');
INSERT INTO PHANQUYENTAIKHOAN VALUES ('cvd294', 'PATIENT');
INSERT INTO PHANQUYENTAIKHOAN VALUES ('tvh295', 'PATIENT');
INSERT INTO PHANQUYENTAIKHOAN VALUES ('thh296', 'PATIENT');
INSERT INTO PHANQUYENTAIKHOAN VALUES ('dhh297', 'PATIENT');
INSERT INTO PHANQUYENTAIKHOAN VALUES ('dnh298', 'PATIENT');
INSERT INTO PHANQUYENTAIKHOAN VALUES ('acp299', 'PATIENT');
INSERT INTO PHANQUYENTAIKHOAN VALUES ('tvt300', 'PATIENT');
INSERT INTO PHANQUYENTAIKHOAN VALUES ('tdh301', 'PATIENT');
INSERT INTO PHANQUYENTAIKHOAN VALUES ('tdtt302', 'PATIENT');
INSERT INTO PHANQUYENTAIKHOAN VALUES ('lhk303', 'PATIENT');
INSERT INTO PHANQUYENTAIKHOAN VALUES ('ptnt304', 'PATIENT');
INSERT INTO PHANQUYENTAIKHOAN VALUES ('tqa305', 'PATIENT');
INSERT INTO PHANQUYENTAIKHOAN VALUES ('ntc306', 'PATIENT');
INSERT INTO PHANQUYENTAIKHOAN VALUES ('cat307', 'PATIENT');
INSERT INTO PHANQUYENTAIKHOAN VALUES ('ttht308', 'PATIENT');
INSERT INTO PHANQUYENTAIKHOAN VALUES ('tdm309', 'PATIENT');
INSERT INTO PHANQUYENTAIKHOAN VALUES ('pcn310', 'PATIENT');
INSERT INTO PHANQUYENTAIKHOAN VALUES ('tttt311', 'PATIENT');
INSERT INTO PHANQUYENTAIKHOAN VALUES ('tvh312', 'PATIENT');
INSERT INTO PHANQUYENTAIKHOAN VALUES ('dhht313', 'PATIENT');
INSERT INTO PHANQUYENTAIKHOAN VALUES ('mnhl314', 'PATIENT');
INSERT INTO PHANQUYENTAIKHOAN VALUES ('nhn315', 'PATIENT');
INSERT INTO PHANQUYENTAIKHOAN VALUES ('btp316', 'PATIENT');
INSERT INTO PHANQUYENTAIKHOAN VALUES ('lnh317', 'PATIENT');
INSERT INTO PHANQUYENTAIKHOAN VALUES ('cnt318', 'PATIENT');
INSERT INTO PHANQUYENTAIKHOAN VALUES ('tqa319', 'PATIENT');
INSERT INTO PHANQUYENTAIKHOAN VALUES ('nht320', 'PATIENT');
INSERT INTO PHANQUYENTAIKHOAN VALUES ('dvd321', 'PATIENT');
INSERT INTO PHANQUYENTAIKHOAN VALUES ('thhm322', 'PATIENT');
INSERT INTO PHANQUYENTAIKHOAN VALUES ('snl323', 'PATIENT');
INSERT INTO PHANQUYENTAIKHOAN VALUES ('vhna324', 'PATIENT');
INSERT INTO PHANQUYENTAIKHOAN VALUES ('pth325', 'PATIENT');
INSERT INTO PHANQUYENTAIKHOAN VALUES ('hvp326', 'PATIENT');
INSERT INTO PHANQUYENTAIKHOAN VALUES ('vvmt327', 'PATIENT');
INSERT INTO PHANQUYENTAIKHOAN VALUES ('ntd328', 'PATIENT');
INSERT INTO PHANQUYENTAIKHOAN VALUES ('thh329', 'PATIENT');
INSERT INTO PHANQUYENTAIKHOAN VALUES ('gct330', 'PATIENT');
INSERT INTO PHANQUYENTAIKHOAN VALUES ('hha331', 'PATIENT');
INSERT INTO PHANQUYENTAIKHOAN VALUES ('btt332', 'PATIENT');
INSERT INTO PHANQUYENTAIKHOAN VALUES ('thl333', 'PATIENT');
INSERT INTO PHANQUYENTAIKHOAN VALUES ('qma334', 'PATIENT');
INSERT INTO PHANQUYENTAIKHOAN VALUES ('lhk335', 'PATIENT');
INSERT INTO PHANQUYENTAIKHOAN VALUES ('cnqa336', 'PATIENT');
INSERT INTO PHANQUYENTAIKHOAN VALUES ('lth337', 'PATIENT');
INSERT INTO PHANQUYENTAIKHOAN VALUES ('thht338', 'PATIENT');
INSERT INTO PHANQUYENTAIKHOAN VALUES ('ptl339', 'PATIENT');
INSERT INTO PHANQUYENTAIKHOAN VALUES ('dmq340', 'PATIENT');
INSERT INTO PHANQUYENTAIKHOAN VALUES ('cmd341', 'PATIENT');
INSERT INTO PHANQUYENTAIKHOAN VALUES ('hvna342', 'PATIENT');
INSERT INTO PHANQUYENTAIKHOAN VALUES ('tdt343', 'PATIENT');
INSERT INTO PHANQUYENTAIKHOAN VALUES ('cnl344', 'PATIENT');
INSERT INTO PHANQUYENTAIKHOAN VALUES ('bhc345', 'PATIENT');
INSERT INTO PHANQUYENTAIKHOAN VALUES ('ndh346', 'PATIENT');
INSERT INTO PHANQUYENTAIKHOAN VALUES ('qhq347', 'PATIENT');
INSERT INTO PHANQUYENTAIKHOAN VALUES ('bhk348', 'PATIENT');
INSERT INTO PHANQUYENTAIKHOAN VALUES ('hcm349', 'PATIENT');
INSERT INTO PHANQUYENTAIKHOAN VALUES ('dhh350', 'PATIENT');
INSERT INTO PHANQUYENTAIKHOAN VALUES ('capa351', 'PATIENT');
INSERT INTO PHANQUYENTAIKHOAN VALUES ('dtk352', 'PATIENT');
INSERT INTO PHANQUYENTAIKHOAN VALUES ('utp353', 'PATIENT');
INSERT INTO PHANQUYENTAIKHOAN VALUES ('ghh354', 'PATIENT');
INSERT INTO PHANQUYENTAIKHOAN VALUES ('ktp355', 'PATIENT');
INSERT INTO PHANQUYENTAIKHOAN VALUES ('gtqa356', 'PATIENT');
INSERT INTO PHANQUYENTAIKHOAN VALUES ('ptk357', 'PATIENT');
INSERT INTO PHANQUYENTAIKHOAN VALUES ('tha358', 'PATIENT');
INSERT INTO PHANQUYENTAIKHOAN VALUES ('tna359', 'PATIENT');
INSERT INTO PHANQUYENTAIKHOAN VALUES ('tct360', 'PATIENT');
INSERT INTO PHANQUYENTAIKHOAN VALUES ('nvl361', 'PATIENT');
INSERT INTO PHANQUYENTAIKHOAN VALUES ('vhq362', 'PATIENT');
INSERT INTO PHANQUYENTAIKHOAN VALUES ('ktt363', 'PATIENT');
INSERT INTO PHANQUYENTAIKHOAN VALUES ('ptn364', 'PATIENT');
INSERT INTO PHANQUYENTAIKHOAN VALUES ('tta365', 'PATIENT');
INSERT INTO PHANQUYENTAIKHOAN VALUES ('ktd366', 'PATIENT');
INSERT INTO PHANQUYENTAIKHOAN VALUES ('phn367', 'PATIENT');
INSERT INTO PHANQUYENTAIKHOAN VALUES ('lvt368', 'PATIENT');
INSERT INTO PHANQUYENTAIKHOAN VALUES ('ddl369', 'PATIENT');
INSERT INTO PHANQUYENTAIKHOAN VALUES ('svh370', 'PATIENT');
INSERT INTO PHANQUYENTAIKHOAN VALUES ('dpth371', 'PATIENT');
INSERT INTO PHANQUYENTAIKHOAN VALUES ('uvh372', 'PATIENT');
INSERT INTO PHANQUYENTAIKHOAN VALUES ('ltn373', 'PATIENT');
INSERT INTO PHANQUYENTAIKHOAN VALUES ('tth374', 'PATIENT');
INSERT INTO PHANQUYENTAIKHOAN VALUES ('dvn375', 'PATIENT');
INSERT INTO PHANQUYENTAIKHOAN VALUES ('khl376', 'PATIENT');
INSERT INTO PHANQUYENTAIKHOAN VALUES ('qdd377', 'PATIENT');
INSERT INTO PHANQUYENTAIKHOAN VALUES ('ttmc378', 'PATIENT');
INSERT INTO PHANQUYENTAIKHOAN VALUES ('cctl379', 'PATIENT');
INSERT INTO PHANQUYENTAIKHOAN VALUES ('tvp380', 'PATIENT');
INSERT INTO PHANQUYENTAIKHOAN VALUES ('ttd381', 'PATIENT');
INSERT INTO PHANQUYENTAIKHOAN VALUES ('kcn382', 'PATIENT');
INSERT INTO PHANQUYENTAIKHOAN VALUES ('nhh383', 'PATIENT');
INSERT INTO PHANQUYENTAIKHOAN VALUES ('ltq384', 'PATIENT');
INSERT INTO PHANQUYENTAIKHOAN VALUES ('phk385', 'PATIENT');
INSERT INTO PHANQUYENTAIKHOAN VALUES ('dvt386', 'PATIENT');
INSERT INTO PHANQUYENTAIKHOAN VALUES ('kdh387', 'PATIENT');
INSERT INTO PHANQUYENTAIKHOAN VALUES ('lth388', 'PATIENT');
INSERT INTO PHANQUYENTAIKHOAN VALUES ('lvd389', 'PATIENT');
INSERT INTO PHANQUYENTAIKHOAN VALUES ('nvt390', 'PATIENT');
INSERT INTO PHANQUYENTAIKHOAN VALUES ('lcd391', 'PATIENT');
INSERT INTO PHANQUYENTAIKHOAN VALUES ('mth392', 'PATIENT');
INSERT INTO PHANQUYENTAIKHOAN VALUES ('hhhm393', 'PATIENT');
INSERT INTO PHANQUYENTAIKHOAN VALUES ('shv394', 'PATIENT');
INSERT INTO PHANQUYENTAIKHOAN VALUES ('hhk395', 'PATIENT');
INSERT INTO PHANQUYENTAIKHOAN VALUES ('bnp396', 'PATIENT');
INSERT INTO PHANQUYENTAIKHOAN VALUES ('dhmt397', 'PATIENT');
INSERT INTO PHANQUYENTAIKHOAN VALUES ('sdp398', 'PATIENT');
INSERT INTO PHANQUYENTAIKHOAN VALUES ('tdq399', 'PATIENT');
INSERT INTO PHANQUYENTAIKHOAN VALUES ('phd400', 'PATIENT');
INSERT INTO PHANQUYENTAIKHOAN VALUES ('hdy401', 'PATIENT');
INSERT INTO PHANQUYENTAIKHOAN VALUES ('thh402', 'PATIENT');
INSERT INTO PHANQUYENTAIKHOAN VALUES ('vtq403', 'PATIENT');
INSERT INTO PHANQUYENTAIKHOAN VALUES ('nhht404', 'PATIENT');
INSERT INTO PHANQUYENTAIKHOAN VALUES ('vvq405', 'PATIENT');
INSERT INTO PHANQUYENTAIKHOAN VALUES ('dhn406', 'PATIENT');
INSERT INTO PHANQUYENTAIKHOAN VALUES ('ttgh407', 'PATIENT');
INSERT INTO PHANQUYENTAIKHOAN VALUES ('dnn408', 'PATIENT');
INSERT INTO PHANQUYENTAIKHOAN VALUES ('cmth409', 'PATIENT');
INSERT INTO PHANQUYENTAIKHOAN VALUES ('hhh410', 'PATIENT');
INSERT INTO PHANQUYENTAIKHOAN VALUES ('ktl411', 'PATIENT');
INSERT INTO PHANQUYENTAIKHOAN VALUES ('vpn412', 'PATIENT');
INSERT INTO PHANQUYENTAIKHOAN VALUES ('dhd413', 'PATIENT');
INSERT INTO PHANQUYENTAIKHOAN VALUES ('chk414', 'PATIENT');
INSERT INTO PHANQUYENTAIKHOAN VALUES ('vnn415', 'PATIENT');
INSERT INTO PHANQUYENTAIKHOAN VALUES ('thb416', 'PATIENT');
INSERT INTO PHANQUYENTAIKHOAN VALUES ('pnk417', 'PATIENT');
INSERT INTO PHANQUYENTAIKHOAN VALUES ('tcq418', 'PATIENT');
INSERT INTO PHANQUYENTAIKHOAN VALUES ('tpgh419', 'PATIENT');
INSERT INTO PHANQUYENTAIKHOAN VALUES ('vtbn420', 'PATIENT');
INSERT INTO PHANQUYENTAIKHOAN VALUES ('dha421', 'PATIENT');
INSERT INTO PHANQUYENTAIKHOAN VALUES ('opna422', 'PATIENT');
INSERT INTO PHANQUYENTAIKHOAN VALUES ('dts423', 'PATIENT');
INSERT INTO PHANQUYENTAIKHOAN VALUES ('ahv424', 'PATIENT');
INSERT INTO PHANQUYENTAIKHOAN VALUES ('dth425', 'PATIENT');
INSERT INTO PHANQUYENTAIKHOAN VALUES ('cnh426', 'PATIENT');
INSERT INTO PHANQUYENTAIKHOAN VALUES ('pdl427', 'PATIENT');
INSERT INTO PHANQUYENTAIKHOAN VALUES ('ktl428', 'PATIENT');
INSERT INTO PHANQUYENTAIKHOAN VALUES ('tpl429', 'PATIENT');
INSERT INTO PHANQUYENTAIKHOAN VALUES ('lhq430', 'PATIENT');
INSERT INTO PHANQUYENTAIKHOAN VALUES ('khn431', 'PATIENT');
INSERT INTO PHANQUYENTAIKHOAN VALUES ('ltnm432', 'PATIENT');
INSERT INTO PHANQUYENTAIKHOAN VALUES ('gch433', 'PATIENT');
INSERT INTO PHANQUYENTAIKHOAN VALUES ('hhh434', 'PATIENT');
INSERT INTO PHANQUYENTAIKHOAN VALUES ('ltnl435', 'PATIENT');
INSERT INTO PHANQUYENTAIKHOAN VALUES ('vtqn436', 'PATIENT');
INSERT INTO PHANQUYENTAIKHOAN VALUES ('hna437', 'PATIENT');
INSERT INTO PHANQUYENTAIKHOAN VALUES ('ptt438', 'PATIENT');
INSERT INTO PHANQUYENTAIKHOAN VALUES ('dvq439', 'PATIENT');
INSERT INTO PHANQUYENTAIKHOAN VALUES ('bdk440', 'PATIENT');
INSERT INTO PHANQUYENTAIKHOAN VALUES ('mhq441', 'PATIENT');
INSERT INTO PHANQUYENTAIKHOAN VALUES ('dta442', 'PATIENT');
INSERT INTO PHANQUYENTAIKHOAN VALUES ('ttt443', 'PATIENT');
INSERT INTO PHANQUYENTAIKHOAN VALUES ('dtpa444', 'PATIENT');
INSERT INTO PHANQUYENTAIKHOAN VALUES ('ttmp445', 'PATIENT');
INSERT INTO PHANQUYENTAIKHOAN VALUES ('ddv446', 'PATIENT');
INSERT INTO PHANQUYENTAIKHOAN VALUES ('pth447', 'PATIENT');
INSERT INTO PHANQUYENTAIKHOAN VALUES ('hhn448', 'PATIENT');
INSERT INTO PHANQUYENTAIKHOAN VALUES ('tmt449', 'PATIENT');
INSERT INTO PHANQUYENTAIKHOAN VALUES ('phth450', 'PATIENT');
INSERT INTO PHANQUYENTAIKHOAN VALUES ('ctk451', 'PATIENT');
INSERT INTO PHANQUYENTAIKHOAN VALUES ('hvp452', 'PATIENT');
INSERT INTO PHANQUYENTAIKHOAN VALUES ('ltt453', 'PATIENT');
INSERT INTO PHANQUYENTAIKHOAN VALUES ('mts454', 'PATIENT');
INSERT INTO PHANQUYENTAIKHOAN VALUES ('dvny455', 'PATIENT');
INSERT INTO PHANQUYENTAIKHOAN VALUES ('thh456', 'PATIENT');
INSERT INTO PHANQUYENTAIKHOAN VALUES ('vhn457', 'PATIENT');
INSERT INTO PHANQUYENTAIKHOAN VALUES ('val458', 'PATIENT');
INSERT INTO PHANQUYENTAIKHOAN VALUES ('udh459', 'PATIENT');
INSERT INTO PHANQUYENTAIKHOAN VALUES ('pnd460', 'PATIENT');
INSERT INTO PHANQUYENTAIKHOAN VALUES ('vmhl461', 'PATIENT');
INSERT INTO PHANQUYENTAIKHOAN VALUES ('btt462', 'PATIENT');
INSERT INTO PHANQUYENTAIKHOAN VALUES ('dtt463', 'PATIENT');
INSERT INTO PHANQUYENTAIKHOAN VALUES ('dtl464', 'PATIENT');
INSERT INTO PHANQUYENTAIKHOAN VALUES ('stq465', 'PATIENT');
INSERT INTO PHANQUYENTAIKHOAN VALUES ('qmd466', 'PATIENT');
INSERT INTO PHANQUYENTAIKHOAN VALUES ('dth467', 'PATIENT');
INSERT INTO PHANQUYENTAIKHOAN VALUES ('lmk468', 'PATIENT');
INSERT INTO PHANQUYENTAIKHOAN VALUES ('kdt469', 'PATIENT');
INSERT INTO PHANQUYENTAIKHOAN VALUES ('vnd470', 'PATIENT');
INSERT INTO PHANQUYENTAIKHOAN VALUES ('ntn471', 'PATIENT');
INSERT INTO PHANQUYENTAIKHOAN VALUES ('cht472', 'PATIENT');
INSERT INTO PHANQUYENTAIKHOAN VALUES ('hdnl473', 'PATIENT');
INSERT INTO PHANQUYENTAIKHOAN VALUES ('kva474', 'PATIENT');
INSERT INTO PHANQUYENTAIKHOAN VALUES ('dnm475', 'PATIENT');
INSERT INTO PHANQUYENTAIKHOAN VALUES ('kdnm476', 'PATIENT');
INSERT INTO PHANQUYENTAIKHOAN VALUES ('ghv477', 'PATIENT');
INSERT INTO PHANQUYENTAIKHOAN VALUES ('cvb478', 'PATIENT');
INSERT INTO PHANQUYENTAIKHOAN VALUES ('qch479', 'PATIENT');
INSERT INTO PHANQUYENTAIKHOAN VALUES ('qvb480', 'PATIENT');
INSERT INTO PHANQUYENTAIKHOAN VALUES ('dha481', 'PATIENT');
INSERT INTO PHANQUYENTAIKHOAN VALUES ('ttl482', 'PATIENT');
INSERT INTO PHANQUYENTAIKHOAN VALUES ('tth483', 'PATIENT');
INSERT INTO PHANQUYENTAIKHOAN VALUES ('lhnd484', 'PATIENT');
INSERT INTO PHANQUYENTAIKHOAN VALUES ('lhht485', 'PATIENT');
INSERT INTO PHANQUYENTAIKHOAN VALUES ('pvs486', 'PATIENT');
INSERT INTO PHANQUYENTAIKHOAN VALUES ('thq487', 'PATIENT');
INSERT INTO PHANQUYENTAIKHOAN VALUES ('tav488', 'PATIENT');
INSERT INTO PHANQUYENTAIKHOAN VALUES ('ttd489', 'PATIENT');
INSERT INTO PHANQUYENTAIKHOAN VALUES ('ndn490', 'PATIENT');
INSERT INTO PHANQUYENTAIKHOAN VALUES ('ndk491', 'PATIENT');
INSERT INTO PHANQUYENTAIKHOAN VALUES ('tdp492', 'PATIENT');
INSERT INTO PHANQUYENTAIKHOAN VALUES ('sty493', 'PATIENT');
INSERT INTO PHANQUYENTAIKHOAN VALUES ('ltn494', 'PATIENT');
INSERT INTO PHANQUYENTAIKHOAN VALUES ('pcn495', 'PATIENT');
INSERT INTO PHANQUYENTAIKHOAN VALUES ('lct496', 'PATIENT');
INSERT INTO PHANQUYENTAIKHOAN VALUES ('tvq497', 'PATIENT');
INSERT INTO PHANQUYENTAIKHOAN VALUES ('ctnt498', 'PATIENT');
INSERT INTO PHANQUYENTAIKHOAN VALUES ('nqt499', 'PATIENT');
INSERT INTO PHANQUYENTAIKHOAN VALUES ('ltl500', 'PATIENT');
INSERT INTO PHANQUYENTAIKHOAN VALUES ('tvk501', 'PATIENT');


INSERT INTO CHUYENKHOA VALUES ('CK0001', N'Chuyên khoa Da li?u');
INSERT INTO CHUYENKHOA VALUES ('CK0002', N'Chuyên khoa Gan');
INSERT INTO CHUYENKHOA VALUES ('CK0003', N'Chuyên khoa Ký sinh trùng');
INSERT INTO CHUYENKHOA VALUES ('CK0004', N'Chuyên khoa Nhi khoa');
INSERT INTO CHUYENKHOA VALUES ('CK0005', N'Chuyên khoa HIV/AIDS');
INSERT INTO CHUYENKHOA VALUES ('CK0006', N'Chuyên khoa Hô h?p');
INSERT INTO CHUYENKHOA VALUES ('CK0007', N'Chuyên khoa Tiêu hóa');
INSERT INTO CHUYENKHOA VALUES ('CK0008', N'Chuyên khoa Huy?t h?c');
INSERT INTO CHUYENKHOA VALUES ('CK0009', N'Chuyên khoa Th?n kinh');


INSERT INTO HOCVI VALUES ('BS.CKII', N'Bác s? chuyên khoa II', 3 );
INSERT INTO HOCVI VALUES ('BS.CKI', N'Bác s? chuyên khoa I', 3 );
INSERT INTO HOCVI VALUES ('DS', N'D??c s?', 5 );
INSERT INTO HOCVI VALUES ('BSNT', N'Bác s? n?i trú', 4 );
INSERT INTO HOCVI VALUES ('CN', N'C? nhân', 6 );
INSERT INTO HOCVI VALUES ('BSCC', N'Bác s? cao c?p', 3 );
INSERT INTO HOCVI VALUES ('TS', N'Ti?n s?', 1 );
INSERT INTO HOCVI VALUES ('THS', N'Th?c s?', 2 );
INSERT INTO HOCVI VALUES ('BS', N'Bác s?', 4 );


INSERT INTO PHONG VALUES ('A31', N'Phòng khám chuyên khoa ký sinh trùng', N'T?ng 3 khu A');
INSERT INTO PHONG VALUES ('A42', N'Phòng khám h?u Covid-19', N'T?ng 4 khu A');
INSERT INTO PHONG VALUES ('B14', N'Phòng khám B?nh truy?n nhi?m ??c bi?t', N'T?ng 3 khu B');
INSERT INTO PHONG VALUES ('F33', N'Phòng ch?ng ??c tr? em và ng??i l?n', N'T?ng 3 khu F');
INSERT INTO PHONG VALUES ('A14', N'Phòng h?i s?c tích c?c', N'T?ng 1 khu A');
INSERT INTO PHONG VALUES ('P24', N'Phòng tiêm ch?ng ng?a d?ch v?', N'T?ng 2 khu P');
INSERT INTO PHONG VALUES ('B32', N'Phòng khám và ?i?u tr? các b?nh nhi?m vi khu?n', N'T?ng 3 khu B');
INSERT INTO PHONG VALUES ('A21', N'Phòng khám b?nh truy?n nhi?m gan', N'T?ng 2 khu A');
INSERT INTO PHONG VALUES ('A34', N'Phòng xét nghi?m HIV', N'T?ng 3 khu A');
INSERT INTO PHONG VALUES ('B11', N'Phòng khám chuyên khoa n?i - nhi - nhi?m', N'T?ng 1 khu B');
INSERT INTO PHONG VALUES ('B31', N'Phòng khám b?nh truy?n nhi?m ngoài da', N'T?ng 3 khu B');
INSERT INTO PHONG VALUES ('C31', N'Phòng khám b?nh l?u - giang mai', N'T?ng 3 khu C');
INSERT INTO PHONG VALUES ('A11', N'Phòng khám b?nh lây nhi?m ???ng hô h?p', N'T?ng 1 khu A');
INSERT INTO PHONG VALUES ('B33', N'Phòng khám b?nh lây nhi?m do ký sinh trùng', N'T?ng 3 khu B');
INSERT INTO PHONG VALUES ('A22', N'Phòng s? khám b?nh c?p ?? 1', N'T?ng 2 khu A');
INSERT INTO PHONG VALUES ('P31', N'Phòng xét nghi?m t?ng quát', N'T?ng 3 khu P');
INSERT INTO PHONG VALUES ('B34', N'Phòng ki?m tra ??nh k?', N'T?ng 3 khu B');
INSERT INTO PHONG VALUES ('F31', N'Phòng khám b?nh s?t rét', N'T?ng 3 khu F');
INSERT INTO PHONG VALUES ('A35', N'Phòng khám b?nh viêm não', N'T?ng 3 khu A');
INSERT INTO PHONG VALUES ('A12', N'Phòng khám b?nh truy?n nhi?m do vi rút', N'T?ng 1 khu A');


INSERT INTO BENH VALUES ('B0001', N'Cúm');
INSERT INTO BENH VALUES ('B0002', N'Viêm ph?i');
INSERT INTO BENH VALUES ('B0003', N'Lao');
INSERT INTO BENH VALUES ('B0004', N'COVID-19');
INSERT INTO BENH VALUES ('B0005', N'S?i');
INSERT INTO BENH VALUES ('B0006', N'Quai b?');
INSERT INTO BENH VALUES ('B0007', N'Rubella');
INSERT INTO BENH VALUES ('B0008', N'Thu? ??u');
INSERT INTO BENH VALUES ('B0009', N'Ho gà');
INSERT INTO BENH VALUES ('B0010', N'Viêm não Nh?t B?n');
INSERT INTO BENH VALUES ('B0011', N'Tay chân mi?ng');
INSERT INTO BENH VALUES ('B0012', N'B?nh d?i');
INSERT INTO BENH VALUES ('B0013', N'?au m?t h?t ');
INSERT INTO BENH VALUES ('B0014', N'T?');
INSERT INTO BENH VALUES ('B0015', N'Th??ng hàn');
INSERT INTO BENH VALUES ('B0016', N'L?');
INSERT INTO BENH VALUES ('B0017', N'Viêm gan A');
INSERT INTO BENH VALUES ('B0018', N'Viêm gan B');
INSERT INTO BENH VALUES ('B0019', N'Viêm gan C');
INSERT INTO BENH VALUES ('B0020', N'Rotavirus');
INSERT INTO BENH VALUES ('B0021', N'HIV/AIDS');
INSERT INTO BENH VALUES ('B0022', N'B?nh l?u');
INSERT INTO BENH VALUES ('B0023', N'Giang mai');
INSERT INTO BENH VALUES ('B0024', N'Chlamydia');
INSERT INTO BENH VALUES ('B0025', N'M?n cóc sinh d?c');
INSERT INTO BENH VALUES ('B0026', N'S?t xu?t huy?t');
INSERT INTO BENH VALUES ('B0027', N'S?t rét');
INSERT INTO BENH VALUES ('B0028', N'Zika');
INSERT INTO BENH VALUES ('B0029', N'S?t vàng da');
INSERT INTO BENH VALUES ('B0030', N'Viêm da do virus');
INSERT INTO BENH VALUES ('B0031', N'Viêm k?t m?c');
INSERT INTO BENH VALUES ('B0032', N'Nhi?m n?m da');
INSERT INTO BENH VALUES ('B0033', N'Than');
INSERT INTO BENH VALUES ('B0034', N'Viêm màng não do não mô c?u');
INSERT INTO BENH VALUES ('B0035', N'U?n ván');
INSERT INTO BENH VALUES ('B0036', N'Phong');
INSERT INTO BENH VALUES ('B0037', N'B?nh d?ch h?ch');
INSERT INTO BENH VALUES ('B0038', N'Ebola');
INSERT INTO BENH VALUES ('B0039', N'Marburg');
INSERT INTO BENH VALUES ('B0040', N'Viêm gan E');
INSERT INTO BENH VALUES ('B0041', N'Hantavirus');
INSERT INTO BENH VALUES ('B0042', N'Giun ??a');
INSERT INTO BENH VALUES ('B0043', N'Sán lá gan');
INSERT INTO BENH VALUES ('B0044', N'Sán dây');
INSERT INTO BENH VALUES ('B0045', N'Nhi?m n?m Coccidioides');
INSERT INTO BENH VALUES ('B0046', N'Nhi?m n?m Histoplasma');
INSERT INTO BENH VALUES ('B0047', N'Nhi?m n?m Cryptococcus');
INSERT INTO BENH VALUES ('B0048', N'Khác');


INSERT INTO THUOC VALUES ('T0001', N'Acetylcystein', N'V? 10 viên', N'Viên', 50000, 26);
INSERT INTO THUOC VALUES ('T0002', N'Avircrem', N'H?p 1 tuýp 5g', N'Tuýp', 7000, 131);
INSERT INTO THUOC VALUES ('T0003', N'Salonpas pain relief patch', N'h?p 1 bao x 5 mi?ng', N'H?p', 49000, 147);
INSERT INTO THUOC VALUES ('T0004', N'Dung d?ch Natri clorid 0,9%', N'Chai 500ml', N'Chai', 25000, 46);
INSERT INTO THUOC VALUES ('T0005', N'Farzincol', N'L? 100 viên', N'L?', 11000, 255);
INSERT INTO THUOC VALUES ('T0006', N'Phosphalugel', N'H?p 26 gói', N'Gói', 56000, 147);
INSERT INTO THUOC VALUES ('T0007', N'Eszopiclone', N'H?p 3 v? x 10 viên', N'V?', 120000, 89);
INSERT INTO THUOC VALUES ('T0008', N'5-Fluorouracil Ebewe', N'H?p 1 l? 5ml', N'L?', 21800, 96);
INSERT INTO THUOC VALUES ('T0009', N'Aecysmux', N'Chai 100 viên', N'Viên', 30000, 205);
INSERT INTO THUOC VALUES ('T0010', N'Isotretinoin', N'H?p 3 v? x 10 viên', N'Viên', 12000, 194);
INSERT INTO THUOC VALUES ('T0011', N'Chymotrypsin', N'H?p 2 v? x 10 viên', N'Viên', 158000, 33);
INSERT INTO THUOC VALUES ('T0012', N'Aradine', N'H?p 1 l?', N'L?', 12000, 84);
INSERT INTO THUOC VALUES ('T0013', N'Bactronil', N'Tuýp 5g', N'Tuýp', 1526000, 161);
INSERT INTO THUOC VALUES ('T0014', N'Beratan', N'Chai 100 viên', N'Viên', 12000, 38);
INSERT INTO THUOC VALUES ('T0015', N'Cadipiride', N'H?p 10 v? x 10 viên', N'Viên', 150000, 264);
INSERT INTO THUOC VALUES ('T0016', N'Paracetamol', N'H?p 20 gói x 15g', N'Gói', 599000, 261);
INSERT INTO THUOC VALUES ('T0017', N'AB-Intimus', N'H?p 1 v? x 7 viên', N'H?p', 811000, 137);
INSERT INTO THUOC VALUES ('T0018', N'Pravastatin Dwp', N'V? 10 viên', N'Viên', 389000, 236);
INSERT INTO THUOC VALUES ('T0019', N'Perindopril Plus Dwp', N'H?p 1 tuýp 5g', N'Tuýp', 369000, 205);
INSERT INTO THUOC VALUES ('T0020', N'Nebivolol Plus', N'h?p 1 bao x 5 mi?ng', N'H?p', 189000, 200);
INSERT INTO THUOC VALUES ('T0021', N'Irbesartan Dwp', N'Chai 500ml', N'Chai', 789000, 243);
INSERT INTO THUOC VALUES ('T0022', N'Calcivin', N'L? 100 viên', N'L?', 559000, 441);
INSERT INTO THUOC VALUES ('T0023', N'Saxagliptin', N'H?p 26 gói', N'Gói', 484000, 383);
INSERT INTO THUOC VALUES ('T0024', N'Mebizemib', N'H?p 3 v? x 10 viên', N'V?', 639000, 334);
INSERT INTO THUOC VALUES ('T0025', N'Toduet', N'H?p 1 l? 5ml', N'L?', 439000, 272);
INSERT INTO THUOC VALUES ('T0026', N'Methylprednisolon', N'Chai 100 viên', N'Viên', 490000, 21);
INSERT INTO THUOC VALUES ('T0027', N'Lazimidin', N'H?p 3 v? x 10 viên', N'Viên', 239000, 19);
INSERT INTO THUOC VALUES ('T0028', N'Infloxin', N'H?p 2 v? x 10 viên', N'Viên', 369000, 249);
INSERT INTO THUOC VALUES ('T0029', N'Glutathion', N'H?p 1 l?', N'L?', 169000, 3);
INSERT INTO THUOC VALUES ('T0030', N'Gliglutin', N'Tuýp 5g', N'Tuýp', 569000, 104);
INSERT INTO THUOC VALUES ('T0031', N'Colistimethate sodium', N'Chai 100 viên', N'Viên', 399000, 147);
INSERT INTO THUOC VALUES ('T0032', N'Bimesta', N'H?p 10 v? x 10 viên', N'Viên', 169000, 46);
INSERT INTO THUOC VALUES ('T0033', N'Aciste', N'H?p 20 gói x 15g', N'Gói', 16900, 255);
INSERT INTO THUOC VALUES ('T0034', N'Bfavits', N'H?p 1 v? x 7 viên', N'H?p', 169000, 147);
INSERT INTO THUOC VALUES ('T0035', N'Aciste 2 MIU', N'H?p 1 cái', N'Que', 169000, 89);
INSERT INTO THUOC VALUES ('T0036', N'Methobam', N'H?p 20 mi?ng', N'H?p', 769000, 96);
INSERT INTO THUOC VALUES ('T0037', N'Sun Pharmaceutical Industries  ', N'Túi 25g', N'Túi', 169000, 205);
INSERT INTO THUOC VALUES ('T0038', N'Dr. Reddys Laboratories  ', N'Gói 5 cái', N'Gói', 869000, 194);
INSERT INTO THUOC VALUES ('T0039', N'Divis Laboratories  ', N'H?p 20 ?ng x 10ml', N'H?p', 1569000, 33);
INSERT INTO THUOC VALUES ('T0040', N'Cipla  ', N'H?p 2 v? x 15 viên', N'H?p', 899000, 84);
INSERT INTO THUOC VALUES ('T0041', N'Biocon  ', N'H?p 60 viên', N'H?p', 1629000, 161);
INSERT INTO THUOC VALUES ('T0042', N'Aurobindo Pharma  ', N'H?p 60 viên', N'Viên', 169000, 38);
INSERT INTO THUOC VALUES ('T0043', N'Torrent Pharmaceuticals  ', N'H?p 60 viên', N'H?p', 499000, 264);
INSERT INTO THUOC VALUES ('T0044', N'Lupin  ', N'H?p 1 máy', N'Máy', 279000, 261);
INSERT INTO THUOC VALUES ('T0045', N'Cadila Healthcare  ', N'H?p 1 cái', N'Cái', 169000, 137);
INSERT INTO THUOC VALUES ('T0046', N'Abbott India  ', N'H?p 100 chi?c', N'Cái', 99000, 236);
INSERT INTO THUOC VALUES ('T0047', N'Alkem Laboratories  ', N'H?p 100 cái', N'Cái', 399000, 205);
INSERT INTO THUOC VALUES ('T0048', N'Glaxosmithkline Pharmaceuticals  ', N'V? 10 viên', N'Viên', 830000, 200);
INSERT INTO THUOC VALUES ('T0049', N'Ipca Laboratories  ', N'H?p 1 tuýp 5g', N'Tuýp', 222000, 243);
INSERT INTO THUOC VALUES ('T0050', N'Alembic Pharmaceuticals  ', N'h?p 1 bao x 5 mi?ng', N'H?p', 569000, 441);
INSERT INTO THUOC VALUES ('T0051', N'Glenmark Pharmaceuticals  ', N'Chai 500ml', N'Chai', 769000, 383);
INSERT INTO THUOC VALUES ('T0052', N'JB Chemicals và Pharmaceuticals  ', N'L? 100 viên', N'L?', 869000, 334);
INSERT INTO THUOC VALUES ('T0053', N'Sun Pharmaceutical Industries  ', N'H?p 26 gói', N'Gói', 129000, 272);
INSERT INTO THUOC VALUES ('T0054', N'Dr. Reddys Laboratories  ', N'H?p 3 v? x 10 viên', N'V?', 269000, 21);
INSERT INTO THUOC VALUES ('T0055', N'Divis Laboratories  ', N'H?p 1 l? 5ml', N'L?', 45000, 19);
INSERT INTO THUOC VALUES ('T0056', N'Cipla  ', N'Chai 100 viên', N'Viên', 669000, 249);
INSERT INTO THUOC VALUES ('T0057', N'Biocon  ', N'H?p 3 v? x 10 viên', N'Viên', 559000, 3);
INSERT INTO THUOC VALUES ('T0058', N'Aurobindo Pharma  ', N'H?p 2 v? x 10 viên', N'Viên', 369000, 104);
INSERT INTO THUOC VALUES ('T0059', N'Torrent Pharmaceuticals  ', N'H?p 1 l?', N'L?', 69000, 147);
INSERT INTO THUOC VALUES ('T0060', N'Lupin  ', N'Tuýp 5g', N'Tuýp', 1690000, 46);
INSERT INTO THUOC VALUES ('T0061', N'Cadila Healthcare  ', N'Chai 100 viên', N'Viên', 369000, 255);
INSERT INTO THUOC VALUES ('T0062', N'Abbott India  ', N'H?p 10 v? x 10 viên', N'Viên', 269000, 147);
INSERT INTO THUOC VALUES ('T0063', N'Alkem Laboratories  ', N'H?p 20 gói x 15g', N'Gói', 69000, 89);
INSERT INTO THUOC VALUES ('T0064', N'Glaxosmithkline Pharmaceuticals  ', N'H?p 1 v? x 7 viên', N'H?p', 169000, 96);
INSERT INTO THUOC VALUES ('T0065', N'Ipca Laboratories  ', N'H?p 1 cái', N'Que', 169000, 205);
INSERT INTO THUOC VALUES ('T0066', N'Alembic Pharmaceuticals  ', N'H?p 20 mi?ng', N'H?p', 550000, 194);
INSERT INTO THUOC VALUES ('T0067', N'Glenmark Pharmaceuticals  ', N'Túi 25g', N'Túi', 750000, 33);
INSERT INTO THUOC VALUES ('T0068', N'JB Chemicals và Pharmaceuticals  ', N'Gói 5 cái', N'Gói', 300000, 84);
INSERT INTO THUOC VALUES ('T0069', N'Sun Pharmaceutical Industries  ', N'H?p 20 ?ng x 10ml', N'H?p', 299000, 161);
INSERT INTO THUOC VALUES ('T0070', N'Dr. Reddys Laboratories  ', N'H?p 2 v? x 15 viên', N'H?p', 140000, 38);
INSERT INTO THUOC VALUES ('T0071', N'Divis Laboratories  ', N'H?p 60 viên', N'H?p', 700000, 264);
INSERT INTO THUOC VALUES ('T0072', N'Cipla  ', N'H?p 60 viên', N'Viên', 500000, 261);
INSERT INTO THUOC VALUES ('T0073', N'Biocon  ', N'H?p 60 viên', N'H?p', 404000, 137);
INSERT INTO THUOC VALUES ('T0074', N'Aurobindo Pharma  ', N'H?p 1 máy', N'Máy', 600000, 236);
INSERT INTO THUOC VALUES ('T0075', N'Torrent Pharmaceuticals  ', N'H?p 1 cái', N'Cái', 400000, 205);
INSERT INTO THUOC VALUES ('T0076', N'Lupin  ', N'H?p 100 chi?c', N'Cái', 450000, 200);
INSERT INTO THUOC VALUES ('T0077', N'Cadila Healthcare  ', N'H?p 100 cái', N'Cái', 200000, 243);
INSERT INTO THUOC VALUES ('T0078', N'Abbott India  ', N'V? 10 viên', N'Viên', 360000, 441);
INSERT INTO THUOC VALUES ('T0079', N'Alkem Laboratories  ', N'H?p 1 tuýp 5g', N'Tuýp', 160000, 383);
INSERT INTO THUOC VALUES ('T0080', N'Glaxosmithkline Pharmaceuticals  ', N'h?p 1 bao x 5 mi?ng', N'H?p', 560000, 334);
INSERT INTO THUOC VALUES ('T0081', N'Ipca Laboratories  ', N'Chai 500ml', N'Chai', 389000, 272);
INSERT INTO THUOC VALUES ('T0082', N'Alembic Pharmaceuticals  ', N'L? 100 viên', N'L?', 160000, 21);
INSERT INTO THUOC VALUES ('T0083', N'Glenmark Pharmaceuticals  ', N'H?p 26 gói', N'Gói', 15000, 19);
INSERT INTO THUOC VALUES ('T0084', N'JB Chemicals và Pharmaceuticals  ', N'H?p 3 v? x 10 viên', N'V?', 160000, 249);
INSERT INTO THUOC VALUES ('T0085', N'Sun Pharmaceutical Industries  ', N'H?p 1 l? 5ml', N'L?', 160000, 3);
INSERT INTO THUOC VALUES ('T0086', N'Dr. Reddys Laboratories  ', N'Chai 100 viên', N'Viên', 760000, 104);
INSERT INTO THUOC VALUES ('T0087', N'Divis Laboratories  ', N'H?p 3 v? x 10 viên', N'Viên', 160000, 147);
INSERT INTO THUOC VALUES ('T0088', N'Cipla  ', N'H?p 2 v? x 10 viên', N'Viên', 760000, 46);
INSERT INTO THUOC VALUES ('T0089', N'Biocon  ', N'H?p 1 l?', N'L?', 1460000, 255);
INSERT INTO THUOC VALUES ('T0090', N'Aurobindo Pharma  ', N'Tuýp 5g', N'Tuýp', 860000, 147);
INSERT INTO THUOC VALUES ('T0091', N'Torrent Pharmaceuticals  ', N'Chai 100 viên', N'Viên', 1600000, 89);
INSERT INTO THUOC VALUES ('T0092', N'Lupin  ', N'H?p 10 v? x 10 viên', N'Viên', 160000, 96);
INSERT INTO THUOC VALUES ('T0093', N'Cadila Healthcare  ', N'H?p 20 gói x 15g', N'Gói', 400000, 205);
INSERT INTO THUOC VALUES ('T0094', N'Abbott India  ', N'H?p 1 v? x 7 viên', N'H?p', 250000, 194);
INSERT INTO THUOC VALUES ('T0095', N'Alkem Laboratories  ', N'H?p 1 cái', N'Que', 160000, 33);
INSERT INTO THUOC VALUES ('T0096', N'Glaxosmithkline Pharmaceuticals  ', N'H?p 20 mi?ng', N'H?p', 90000, 84);
INSERT INTO THUOC VALUES ('T0097', N'Ipca Laboratories  ', N'Túi 25g', N'Túi', 390000, 161);
INSERT INTO THUOC VALUES ('T0098', N'Alembic Pharmaceuticals  ', N'Gói 5 cái', N'Gói', 760000, 38);
INSERT INTO THUOC VALUES ('T0099', N'Glenmark Pharmaceuticals  ', N'H?p 20 ?ng x 10ml', N'H?p', 160000, 264);
INSERT INTO THUOC VALUES ('T0100', N'JB Chemicals và Pharmaceuticals  ', N'H?p 2 v? x 15 viên', N'H?p', 560000, 261);
INSERT INTO THUOC VALUES ('T0101', N'Sun Pharmaceutical Industries  ', N'H?p 60 viên', N'H?p', 760000, 137);
INSERT INTO THUOC VALUES ('T0102', N'Dr. Reddys Laboratories  ', N'H?p 60 viên', N'Viên', 860000, 236);
INSERT INTO THUOC VALUES ('T0103', N'Divis Laboratories  ', N'H?p 60 viên', N'H?p', 120000, 205);
INSERT INTO THUOC VALUES ('T0104', N'Cipla  ', N'H?p 1 máy', N'Máy', 260000, 200);
INSERT INTO THUOC VALUES ('T0105', N'Biocon  ', N'H?p 1 cái', N'Cái', 30000, 243);
INSERT INTO THUOC VALUES ('T0106', N'Aurobindo Pharma  ', N'H?p 100 chi?c', N'Cái', 650000, 441);
INSERT INTO THUOC VALUES ('T0107', N'Torrent Pharmaceuticals  ', N'H?p 100 cái', N'Cái', 540000, 383);
INSERT INTO THUOC VALUES ('T0108', N'Sun Pharmaceutical Industries  ', N'V? 10 viên', N'Viên', 360000, 334);
INSERT INTO THUOC VALUES ('T0109', N'Dr. Reddys Laboratories  ', N'H?p 1 tuýp 5g', N'Tuýp', 60000, 272);
INSERT INTO THUOC VALUES ('T0110', N'Divis Laboratories  ', N'h?p 1 bao x 5 mi?ng', N'H?p', 1600000, 21);
INSERT INTO THUOC VALUES ('T0111', N'Cipla  ', N'Chai 500ml', N'Chai', 360000, 19);
INSERT INTO THUOC VALUES ('T0112', N'Biocon  ', N'L? 100 viên', N'L?', 160000, 249);
INSERT INTO THUOC VALUES ('T0113', N'Aurobindo Pharma  ', N'H?p 26 gói', N'Gói', 60000, 3);
INSERT INTO THUOC VALUES ('T0114', N'Torrent Pharmaceuticals  ', N'H?p 3 v? x 10 viên', N'V?', 160000, 104);
INSERT INTO THUOC VALUES ('T0115', N'Lupin  ', N'H?p 1 l? 5ml', N'L?', 160000, 147);
INSERT INTO THUOC VALUES ('T0116', N'Cadila Healthcare  ', N'Chai 100 viên', N'Viên', 499000, 46);
INSERT INTO THUOC VALUES ('T0117', N'Abbott India  ', N'H?p 3 v? x 10 viên', N'Viên', 279000, 255);
INSERT INTO THUOC VALUES ('T0118', N'Alkem Laboratories  ', N'H?p 2 v? x 10 viên', N'Viên', 169000, 147);
INSERT INTO THUOC VALUES ('T0119', N'Glaxosmithkline Pharmaceuticals  ', N'H?p 1 l?', N'L?', 99000, 89);
INSERT INTO THUOC VALUES ('T0120', N'Ipca Laboratories  ', N'Tuýp 5g', N'Tuýp', 399000, 96);
INSERT INTO THUOC VALUES ('T0121', N'Alembic Pharmaceuticals  ', N'Chai 100 viên', N'Viên', 830000, 205);
INSERT INTO THUOC VALUES ('T0122', N'Glenmark Pharmaceuticals  ', N'H?p 10 v? x 10 viên', N'Viên', 222000, 194);
INSERT INTO THUOC VALUES ('T0123', N'JB Chemicals và Pharmaceuticals  ', N'H?p 20 gói x 15g', N'Gói', 569000, 33);
INSERT INTO THUOC VALUES ('T0124', N'Sun Pharmaceutical Industries  ', N'H?p 1 v? x 7 viên', N'H?p', 769000, 84);
INSERT INTO THUOC VALUES ('T0125', N'Dr. Reddys Laboratories  ', N'H?p 1 cái', N'Que', 50000, 161);
INSERT INTO THUOC VALUES ('T0126', N'Divis Laboratories  ', N'H?p 20 mi?ng', N'H?p', 7000, 38);
INSERT INTO THUOC VALUES ('T0127', N'Cipla  ', N'Túi 25g', N'Túi', 49000, 264);
INSERT INTO THUOC VALUES ('T0128', N'Biocon  ', N'Gói 5 cái', N'Gói', 25000, 261);
INSERT INTO THUOC VALUES ('T0129', N'Aurobindo Pharma  ', N'H?p 20 ?ng x 10ml', N'H?p', 11000, 137);
INSERT INTO THUOC VALUES ('T0130', N'Torrent Pharmaceuticals  ', N'H?p 2 v? x 15 viên', N'H?p', 56000, 236);
INSERT INTO THUOC VALUES ('T0131', N'Lupin  ', N'H?p 60 viên', N'H?p', 120000, 205);
INSERT INTO THUOC VALUES ('T0132', N'Cadila Healthcare  ', N'H?p 60 viên', N'Viên', 21800, 200);
INSERT INTO THUOC VALUES ('T0133', N'Abbott India  ', N'H?p 60 viên', N'H?p', 30000, 243);
INSERT INTO THUOC VALUES ('T0134', N'Alkem Laboratories  ', N'H?p 1 máy', N'Máy', 12000, 441);
INSERT INTO THUOC VALUES ('T0135', N'Glaxosmithkline Pharmaceuticals  ', N'H?p 1 cái', N'Cái', 158000, 383);
INSERT INTO THUOC VALUES ('T0136', N'Ipca Laboratories  ', N'H?p 100 chi?c', N'Cái', 12000, 334);
INSERT INTO THUOC VALUES ('T0137', N'Alembic Pharmaceuticals  ', N'H?p 100 cái', N'Cái', 1526000, 272);
INSERT INTO THUOC VALUES ('T0138', N'Glenmark Pharmaceuticals  ', N'V? 10 viên', N'Viên', 12000, 21);
INSERT INTO THUOC VALUES ('T0139', N'JB Chemicals và Pharmaceuticals  ', N'H?p 1 tuýp 5g', N'Tuýp', 150000, 19);
INSERT INTO THUOC VALUES ('T0140', N'Sun Pharmaceutical Industries  ', N'h?p 1 bao x 5 mi?ng', N'H?p', 599000, 249);
INSERT INTO THUOC VALUES ('T0141', N'Dr. Reddys Laboratories  ', N'Chai 500ml', N'Chai', 811000, 3);
INSERT INTO THUOC VALUES ('T0142', N'Divis Laboratories  ', N'L? 100 viên', N'L?', 389000, 104);
INSERT INTO THUOC VALUES ('T0143', N'Cipla  ', N'H?p 26 gói', N'Gói', 369000, 147);
INSERT INTO THUOC VALUES ('T0144', N'Biocon  ', N'H?p 3 v? x 10 viên', N'V?', 189000, 46);
INSERT INTO THUOC VALUES ('T0145', N'Aurobindo Pharma  ', N'H?p 1 l? 5ml', N'L?', 789000, 255);
INSERT INTO THUOC VALUES ('T0146', N'Torrent Pharmaceuticals  ', N'Chai 100 viên', N'Viên', 559000, 147);
INSERT INTO THUOC VALUES ('T0147', N'Lupin  ', N'H?p 3 v? x 10 viên', N'Viên', 484000, 89);
INSERT INTO THUOC VALUES ('T0148', N'Cadila Healthcare  ', N'H?p 2 v? x 10 viên', N'Viên', 639000, 96);
INSERT INTO THUOC VALUES ('T0149', N'Abbott India  ', N'H?p 1 l?', N'L?', 439000, 205);
INSERT INTO THUOC VALUES ('T0150', N'Alkem Laboratories  ', N'Tuýp 5g', N'Tuýp', 490000, 194);
INSERT INTO THUOC VALUES ('T0151', N'Glaxosmithkline Pharmaceuticals  ', N'Chai 100 viên', N'Viên', 239000, 33);
INSERT INTO THUOC VALUES ('T0152', N'Ipca Laboratories  ', N'H?p 10 v? x 10 viên', N'Viên', 369000, 84);
INSERT INTO THUOC VALUES ('T0153', N'Alembic Pharmaceuticals  ', N'H?p 20 gói x 15g', N'Gói', 169000, 161);
INSERT INTO THUOC VALUES ('T0154', N'Glenmark Pharmaceuticals  ', N'H?p 1 v? x 7 viên', N'H?p', 569000, 38);
INSERT INTO THUOC VALUES ('T0155', N'JB Chemicals và Pharmaceuticals  ', N'H?p 1 cái', N'Que', 399000, 264);
INSERT INTO THUOC VALUES ('T0156', N'Sun Pharmaceutical Industries  ', N'H?p 20 mi?ng', N'H?p', 169000, 261);
INSERT INTO THUOC VALUES ('T0157', N'Dr. Reddys Laboratories  ', N'Túi 25g', N'Túi', 16900, 137);
INSERT INTO THUOC VALUES ('T0158', N'Divis Laboratories  ', N'Gói 5 cái', N'Gói', 169000, 236);
INSERT INTO THUOC VALUES ('T0159', N'Cipla  ', N'H?p 20 ?ng x 10ml', N'H?p', 169000, 205);
INSERT INTO THUOC VALUES ('T0160', N'Biocon  ', N'H?p 2 v? x 15 viên', N'H?p', 769000, 200);
INSERT INTO THUOC VALUES ('T0161', N'Aurobindo Pharma  ', N'H?p 60 viên', N'H?p', 169000, 243);
INSERT INTO THUOC VALUES ('T0162', N'Torrent Pharmaceuticals  ', N'H?p 60 viên', N'Viên', 869000, 441);
INSERT INTO THUOC VALUES ('T0163', N'Lupin  ', N'H?p 60 viên', N'H?p', 1569000, 383);
INSERT INTO THUOC VALUES ('T0164', N'Cadila Healthcare  ', N'H?p 1 máy', N'Máy', 899000, 334);
INSERT INTO THUOC VALUES ('T0165', N'Abbott India  ', N'H?p 1 cái', N'Cái', 1629000, 272);
INSERT INTO THUOC VALUES ('T0166', N'Alkem Laboratories  ', N'H?p 100 chi?c', N'Cái', 169000, 21);
INSERT INTO THUOC VALUES ('T0167', N'Glaxosmithkline Pharmaceuticals  ', N'H?p 100 cái', N'Cái', 499000, 19);
INSERT INTO THUOC VALUES ('T0168', N'Ipca Laboratories  ', N'V? 10 viên', N'Viên', 279000, 249);
INSERT INTO THUOC VALUES ('T0169', N'Alembic Pharmaceuticals  ', N'H?p 1 tuýp 5g', N'Tuýp', 169000, 3);
INSERT INTO THUOC VALUES ('T0170', N'Glenmark Pharmaceuticals  ', N'h?p 1 bao x 5 mi?ng', N'H?p', 99000, 104);
INSERT INTO THUOC VALUES ('T0171', N'JB Chemicals và Pharmaceuticals  ', N'Chai 500ml', N'Chai', 399000, 147);
INSERT INTO THUOC VALUES ('T0172', N'Sun Pharmaceutical Industries  ', N'L? 100 viên', N'L?', 830000, 46);
INSERT INTO THUOC VALUES ('T0173', N'Dr. Reddys Laboratories  ', N'H?p 26 gói', N'Gói', 222000, 255);
INSERT INTO THUOC VALUES ('T0174', N'Divis Laboratories  ', N'H?p 3 v? x 10 viên', N'V?', 569000, 147);
INSERT INTO THUOC VALUES ('T0175', N'Cipla  ', N'H?p 1 l? 5ml', N'L?', 769000, 89);
INSERT INTO THUOC VALUES ('T0176', N'Biocon  ', N'Chai 100 viên', N'Viên', 869000, 96);
INSERT INTO THUOC VALUES ('T0177', N'Aurobindo Pharma  ', N'H?p 3 v? x 10 viên', N'Viên', 129000, 205);
INSERT INTO THUOC VALUES ('T0178', N'Torrent Pharmaceuticals  ', N'H?p 2 v? x 10 viên', N'Viên', 269000, 194);
INSERT INTO THUOC VALUES ('T0179', N'Sun Pharmaceutical Industries  ', N'H?p 1 l?', N'L?', 45000, 33);
INSERT INTO THUOC VALUES ('T0180', N'Dr. Reddys Laboratories  ', N'Tuýp 5g', N'Tuýp', 669000, 84);
INSERT INTO THUOC VALUES ('T0181', N'Divis Laboratories  ', N'Chai 100 viên', N'Viên', 559000, 161);
INSERT INTO THUOC VALUES ('T0182', N'Cipla  ', N'H?p 10 v? x 10 viên', N'Viên', 369000, 38);
INSERT INTO THUOC VALUES ('T0183', N'Biocon  ', N'H?p 20 gói x 15g', N'Gói', 69000, 264);
INSERT INTO THUOC VALUES ('T0184', N'Aurobindo Pharma  ', N'H?p 1 v? x 7 viên', N'H?p', 1690000, 261);
INSERT INTO THUOC VALUES ('T0185', N'Torrent Pharmaceuticals  ', N'H?p 1 cái', N'Que', 369000, 137);
INSERT INTO THUOC VALUES ('T0186', N'Lupin  ', N'H?p 20 mi?ng', N'H?p', 269000, 236);
INSERT INTO THUOC VALUES ('T0187', N'Cadila Healthcare  ', N'Túi 25g', N'Túi', 69000, 205);
INSERT INTO THUOC VALUES ('T0188', N'Abbott India  ', N'Gói 5 cái', N'Gói', 169000, 200);
INSERT INTO THUOC VALUES ('T0189', N'Alkem Laboratories  ', N'H?p 20 ?ng x 10ml', N'H?p', 169000, 243);
INSERT INTO THUOC VALUES ('T0190', N'Glaxosmithkline Pharmaceuticals  ', N'H?p 2 v? x 15 viên', N'H?p', 550000, 441);
INSERT INTO THUOC VALUES ('T0191', N'Ipca Laboratories  ', N'H?p 60 viên', N'H?p', 750000, 383);
INSERT INTO THUOC VALUES ('T0192', N'Alembic Pharmaceuticals  ', N'H?p 60 viên', N'Viên', 300000, 334);
INSERT INTO THUOC VALUES ('T0193', N'Glenmark Pharmaceuticals  ', N'H?p 60 viên', N'H?p', 299000, 272);
INSERT INTO THUOC VALUES ('T0194', N'JB Chemicals và Pharmaceuticals  ', N'H?p 1 máy', N'Máy', 140000, 21);
INSERT INTO THUOC VALUES ('T0195', N'Sun Pharmaceutical Industries  ', N'H?p 1 cái', N'Cái', 700000, 19);
INSERT INTO THUOC VALUES ('T0196', N'Dr. Reddys Laboratories  ', N'H?p 100 chi?c', N'Cái', 500000, 249);
INSERT INTO THUOC VALUES ('T0197', N'Divis Laboratories  ', N'H?p 100 cái', N'Cái', 404000, 3);
INSERT INTO THUOC VALUES ('T0198', N'Cipla  ', N'L? 100 viên', N'Viên', 600000, 104);
INSERT INTO THUOC VALUES ('T0199', N'Biocon  ', N'H?p 26 gói', N'Tuýp', 400000, 20);
INSERT INTO THUOC VALUES ('T0200', N'Aurobindo Pharma  ', N'H?p 3 v? x 10 viên', N'H?p', 450000, 15);


INSERT INTO BACSI VALUES ('BS0001', N'Tri?u Tri?u D??ng', N'Nam', N'Phó giáo s?', 'BS0001.png' , TO_NCLOB('TT?T.PGS.TS Tri?u Tri?u D??ng là chuyên gia hàng ??u ngành ph?u thu?t tiêu hóa: ph?u thu?t th?c qu?n, d? dày, ru?t, gan m?t t?y, ??i tr?c tràng, h?u môn, sàn ch?u. \nSau khi t?t nghi?p bác s? ?a khoa t?i H?c vi?n Quân Y n?m 1985, bác s? Tri?u D??ng ti?p t?c tham gia các khóa ?ào t?o sau ??i h?c t?i H?c vi?n Quân Y (1989), nghiên c?u sinh n?m 1996 và ?ào t?o chuyên sâu v? Ph?u thu?t n?i soi t?i B?nh vi?n Vi?t ??c (1992), t?i Thái Lan (1996), t?i Hàn Qu?c, Pháp (2004), t?i Singapore (2007); ?ào t?o ph?u thu?t l?nh t?i Ucraina (2007) và ?ào t?o ghép gan  t?y t?i Hàn Qu?c (2017)\nPGS D??ng th??ng xuyên tham d? các h?i ngh? h?i th?o, t?p hu?n ng?n h?n trong n??c và qu?c t? v? ph?u thu?t ung th? ???ng tiêu hóa, ph?u thu?t n?i soi nâng cao. PGS Tri?u Tri?u D??ng có g?n 40 n?m kinh nghi?m trong l?nh v?c n?i soi và ph?u thu?t ? b?ng. Bàn tay vàng c?a ông ?ã giúp hàng nghìn ng??i c?i thi?n s?c kh?e và ch?t l??ng s?ng. V?i nh?ng c?ng hi?n to l?n cho n?n y h?c n??c nhà, PGS.TS.BSCC Tri?u Tri?u D??ng nh?n ???c nhi?u B?ng khen c?a Th? t??ng Chính ph?, B? tr??ng B? Y t?, B? tr??ng B? Qu?c phòng, ??t danh hi?u Chi?n s? thi ?ua c?p B?, c?p vi?n nhi?u n?m liên t?c, B?ng khen tu?i tr? sáng t?o th? ?ô, K? ni?m ch??ng Vì s? nghi?p Khoa h?c và Công ngh? \n??c bi?t, TT?T.PGS.TS Tri?u Tri?u D??ng vinh d? ???c Ch? t?ch n??c t?ng Huân ch??ng chi?n công h?ng Nh?t (2004), Huân ch??ng Quân k? quy?t th?ng (2014), Huân ch??ng b?o v? t? qu?c h?ng Nhì (2022), Th?y thu?c ?u tú (2007). Trong su?t ch?ng ???ng s? nghi?p vinh quang c?a mình, PGS Tri?u Tri?u D??ng gi? nhi?u ch?c v? quan tr?ng: Ch? nhi?m khoa Ngo?i nhân dân (2000), Ch? nhi?m khoa Ngo?i T?ng h?p (B15) (2003), Vi?n tr??ng Vi?n ph?u thu?t tiêu hóa kiêm ch? nhi?m khoa gan m?t t?y (2016), ch? nhi?m khoa ph?u thu?t h?u môn tr?c tràng và sàn ch?u (B3C). Phó ch? b? môn Ngo?i tiêu hóa, Gi?ng viên b? môn Ngo?i tiêu hóa, Chuyên viên K? thu?t C?c Quân Y  chuyên ngành Ph?u thu?t Tiêu hóa, B?nh vi?n Trung ??ng Quân ??i 108\nHi?n nay, v?i vai trò là Giám ??c kh?i Ngo?i, TT?T.PGS.TS Tri?u Tri?u D??ng ti?p t?c cùng ??i ng? chuyên gia hàng ??u t?i B?nh vi?n ?a khoa Tâm Anh Hà N?i góp ph?n mang ??n ch?t l??ng th?m khám và ?i?u tr? hi?u qu? cho ng??i b?nh.'), 'CK0001', N'?ang công tác', NULL , 'ttd1');
INSERT INTO BACSI VALUES ('BS0002', N'Tr?n V?n Hinh', N'Nam', N'Phó giáo s?', 'BS0002.png' , TO_NCLOB('PGS.TS.BS.CKII Tr?n V?n Hinh ???c bi?t ??n là m?t trong nh?ng chuyên gia hàng ??u trong l?nh v?c ti?t ni?u và ghép th?n t?i Vi?t Nam. V?i h?n 30 n?m kinh nghi?m trong ngành Y, PGS Hinh c?p nh?t và làm ch? các k? thu?t cao trong ?i?u tr?. Ông ?ã th?c hi?n thành công trên 1000 tr??ng h?p v?i các k? thu?t: ghép th?n, tán s?i th?n qua da, tán s?i ni?u qu?n ng??c dòng, n?i soi c?t u tuy?n ti?n li?t, n?i soi ? b?ng c?t th?n và c?t u tuy?n th??ng th?n\nSau khi t?t nghi?p Bác s? N?i trú Ngo?i khoa t?i H?c vi?n Quân Y, bác s? Tr?n V?n Hinh tham gia nghiên c?u sinh ti?n s? Ngo?i khoa. Ông ti?p t?c con ???ng nâng cao n?ng l?c chuyên môn, c?p nh?t các k? thu?t cao trong ?i?u tr? cho ng??i b?nh nh? k? thu?t tán s?i qua da, n?i soi l??ng c?c, các ti?n b? trong ch?n ?oán và ?i?u tr? b?nh lý Nam khoa t?i các c? s? y h?c l?n trong n??c và qu?c t? nh?: Mayo Clinic (Hoa K?), Trung tâm ?ào t?o ph?u thu?t n?i soi IRCAD (?ài Loan), Lisbon (B? ?ào Nha), tr??ng ??i h?c Y Hà N?i\nBên c?nh công tác th?m khám ?i?u tr? cho ng??i b?nh, PGS Tr?n V?n Hinh dành th?i gian và tâm huy?t th?c hi?n nhi?u nghiên c?u khoa h?c nh?: m?t s? y?u t? nguy c? và ?ng d?ng k? thu?t cao trong ?i?u tr? b?nh s?i ti?t ni?u, ?ng d?ng k? thu?t c?t l??ng c?c, b?c h?i t? ch?c và laser ?i?u tr? b?nh u lành tuy?n ti?n li?t, ung th? bàng quang. Ngoài ra, ông còn xu?t b?n nhi?u ??u sách, giáo trình trong l?nh v?c ti?t ni?u th?n h?c nh? B?nh s?i ???ng ti?t ni?u, Nhi?m khu?n ni?u, Ch?n ?oán và ?i?u tr? b?nh s?i ???ng ti?t ni?u, Tri?u ch?ng b?nh h?c ngo?i ti?t ni?u\nV?i nh?ng n? l?c không ng?ng ngh? trong s? nghi?p ch?a b?nh c?u ng??i c?a mình, PGS.TS.BS.CKII Tr?n V?n Hinh vinh d? nh?n ???c nhi?u B?ng khen c?a Th? t??ng Chính ph?, B? Qu?c phòng, B? Y t?, Trung ??ng ?oàn, UBND t?nh\nHi?n nay, PGS.TS.BS.CKII Tr?n V?n Hinh v?i vai trò là Tr??ng khoa Ti?t ni?u  Nam h?c, B?nh vi?n ?a khoa Tâm Anh Hà N?i, ??ng th?i là Phó Ch? t?ch kiêm T?ng Th? ký H?i Ti?t ni?u  Th?n h?c Vi?t Nam, luôn dành th?i gian và tâm s?c giúp ng??i b?nh kh?e m?nh, nâng cao ch?t l??ng s?ng nh? phát hi?n chính xác và ?i?u tr? b?ng các k? thu?t hi?n ??i, ít xâm l?n.'), 'CK0002', N'?ang công tác', NULL , 'tvh2');
INSERT INTO BACSI VALUES ('BS0003', N'Nguy?n V?n Ngh?a', N'Nam', N'Null', 'BS0003.png' , TO_NCLOB('?am mê b? môn sinh h?c và nghiên c?u c?u t?o c? th? ng??i t? lúc nh?, cùng t?m lòng thích giúp ?? m?i ng??i, chàng thanh niên Nguy?n V?n Ngh?a khi ?y ?p ? ??c m? theo ?u?i s? nghi?p th?y thu?c ch?a b?nh c?u ng??i.\n??c m? ?ã tr? thành hi?n th?c khi Nguy?n V?n Ngh?a ??u tr??ng ??i h?c Y D??c C?n Th?. Nh?ng tháng ngày g?n bó v?i gi?ng ???ng ??i h?c, sinh viên Nguy?n V?n Ngh?a mi?t mài h?c t?p, nghiên c?u, rèn luy?n, trau d?i ki?n th?c và k? n?ng chuyên môn. Sau khi t?t nghi?p bác s? ?a khoa n?m 2020, bác s? Ngh?a h?c ti?p ch??ng trình bác s? n?i trú t?i ??i h?c Y D??c C?n Th? r?i xu?t s?c nh?n cùng lúc hai t?m b?ng th?c s? y khoa và bác s? chuyên khoa I n?m 2023.\nTrong quãng th?i gian h?c t?p, ThS.BS.CKI Nguy?n V?n Ngh?a có c? h?i ti?p xúc v?i nhi?u chuyên khoa khác nhau. Nh? ?ó, bác s? bén duyên v?i ngành Ti?t ni?u. Bác s? Nguy?n V?n Ngh?a chia s?: Các b?nh ti?t ni?u th??ng phát tri?n âm th?m, khó phát hi?n, nhi?u ng??i không có ?i?u ki?n t?m soát b?nh s?m nên b?nh d? b? b? quên, ??n khi phát hi?n thì b?nh ?ã tr? n?ng, ?nh h??ng nghiêm tr?ng ch?t l??ng cu?c s?ng. Càng nghiên c?u, h?c t?p và ti?p xúc v?i nhi?u ng??i b?nh, bác s? càng nhi?t huy?t v?i l?nh v?c này.\nBên c?nh th? m?nh ?i?u tr? các b?nh ni?u n? và ni?u h?c ch?c n?ng nh? bàng quang th?n kinh, ti?u không t? ch?, các tri?u ch?ng ???ng ti?u d??i, sa t?ng ch?u ? ph? n?, b? t?c ???ng ra c?a bàng quang; bác s? Nguy?n V?n Ngh?a còn thành th?o các k? thu?t ?i?u tr? tr? s?i ti?t ni?u nh? tán s?i ngoài c? th?, tán s?i n?i soi\nKhông ch? ??t tâm huy?t trong ?i?u tr? b?nh, bác s? Nguy?n V?n Ngh?a còn n?ng n? trong công tác nghiên c?u khoa h?c. Chính n? l?c này ?ã giúp bác s? vinh d? ??t gi?i th??ng Báo cáo viên tri?n v?ng c?a H?i Y h?c gi?i tính Vi?t Nam n?m 2023.\nHi?n, bác s? Nguy?n V?n Ngh?a ?ang sát cánh cùng ??i ng? bác s?, chuyên gia t?i ??n v? Ni?u N?, khoa Ti?t ni?u, Trung tâm Ti?t ni?u  Th?n h?c  Nam khoa, B?nh vi?n ?a khoa Tâm Anh TP.HCM, giúp ng??i b?nh không ch? v??t qua các v?n ?? s?c kh?e mà còn giúp h? c?i thi?n ch?t l??ng cu?c s?ng.'), 'CK0003', N'?ang công tác', NULL , 'nvn3');
INSERT INTO BACSI VALUES ('BS0004', N'T?ng V?n Kh?', N'Nam', N'Null', 'BS0004.png' , TO_NCLOB('D??c s? T?ng V?n Kh?i t?t nghi?p D??c s? t?i ??i h?c Mi?n ?ông. Vào n?m 2017, D??c s? T?ng V?n Kh?i ti?p t?c hoàn thành khóa ?ào t?o chuyên sâu ??nh h??ng chuyên khoa ki?m soát nhi?m khu?n t?i ??i h?c Y khoa Ph?m Ng?c Th?ch.\nV?i s? n? l?c, c?ng hi?n không ng?ng ngh? trong l?nh v?c tri?n khai, qu?n lý, giám sát công tác ki?m soát nhi?m khu?n b?nh vi?n, vào n?m 2018, D??c s? T?ng V?n Kh?i ???c B? tr??ng B? Y t? t?ng b?ng khen vì có thành tích trong công tác ki?m soát nhi?m khu?n.\nD??c s? T?ng V?n Kh?i t?ng ??m trách nhi?u vai trò quan tr?ng nh? Phó Tr??ng khoa Ki?m soát nhi?m khu?n t?i B?nh vi?n ?a khoa Th?ng Nh?t, Tr??ng khoa Ki?m soát nhi?m khu?n t?i B?nh vi?n ?a khoa Th?ng Nh?t, ?óng góp cho ho?t ??ng ki?m soát nhi?m khu?n noi chung t?i b?nh vi?n.'), 'CK0004', N'?ang công tác', NULL , NULL);
INSERT INTO BACSI VALUES ('BS0005', N'?? Thanh Th?', N'N?', N'Null', 'BS0005.png' , TO_NCLOB('V?i mong mu?n ???c giúp ??, ch?m sóc s?c kh?e cho nhi?u ng??i, bác s? ?? Thanh Th? ch?n ngành Y ?? theo ?u?i và phát tri?n s? nghi?p. Bác s? Thanh Th? luôn tâm ni?m: Ch?a tr? cho ng??i b?nh nh? chính ng??i nhà c?a mình.\nT?t nghi?p ngành Bác s? ?a khoa Tr??ng ??i h?c Y khoa Ph?m Ng?c Th?ch, bác s? Thanh Th? ti?p t?c theo h?c bác s? n?i trú chuyên ngành Tai M?i H?ng t?i chính ngôi tr??ng này. Trong quá trình h?c bác s? n?i trú, bác s? Thanh Th? có nhi?u c? h?i th?c hành và h?c h?i kinh nghi?m t?i các b?nh vi?n l?n nh?: B?nh vi?n Tai M?i H?ng TP.HCM, B?nh vi?n Th?ng Nh?t, B?nh vi?n Nhi ??ng 1, B?nh vi?n Nhân Dân Gia ??nh.Su?t th?i gian h?c t?p và làm vi?c, bác s? Thanh Th? luôn tìm tòi, h?c h?i ?? phát tri?n chuyên môn, c?p nh?t nhi?u ki?n th?c m?i; tham gia các khóa h?c ?ào t?o chuyên sâu v? tai m?i h?ng, tham gia h? tr? gi?ng d?y k? n?ng th?c hành lâm sàng tai m?i h?ng cho sinh viên y tr??ng ??i h?c Y khoa Ph?m Ng?c Th?ch.\nBác s? Thanh Th? t?ng có kinh nghi?m làm vi?c v?i vai trò bác s? ?i?u tr? tai m?i h?ng t?i B?nh vi?n Nhân Dân 115. T? tháng 04.2024, bác s? Thanh Th? công tác t?i B?nh vi?n ?a khoa Tâm Anh TP.HCM v?i vai trò bác s? ?i?u tr? tai m?i h?ng.'), 'CK0005', N'?ang công tác', NULL , 'dtt5');
INSERT INTO BACSI VALUES ('BS0006', N'Hu?nh Th? Thanh Trang', N'N?', N'Null', 'BS0006.png' , TO_NCLOB('N?m 1993, THS.BS.CKII Hu?nh Th? Thanh Trang t?t nghi?p Bác s? ?a khoa t?i ??i h?c Y d??c TP.HCM. Sau ?ó, Bác s? Thanh Trang ti?p t?c hoàn thành v?n b?ng Th?c s? Y h?c chuyên ngành Huy?t h?c t?i ??i h?c Y d??c TP.HCM vào n?m 2002 và t?t nghi?p Bác s? chuyên khoa II chuyên ngành Qu?n lý y t? t?i ??i h?c Y d??c C?n Th?, vào n?m 2013.\nTrong su?t quá trình công tác. v?i tinh th?n không ng?ng nâng cao trình ?? chuyên môn, Th?c s?, Bác s? Chuyên khoa 2 Thanh Trang ti?p t?c tham gia nhi?u khóa ?ào t?o chuyên ngành nh?: H??ng d?n tri?n khai ho?t ??ng An toàn ng??i b?nh t?i b?nh vi?n, T?ng quan v? Qu?n lý ch?t l??ng b?nh vi?n, ?ánh giá viên ?ánh giá ch?t l??ng b?nh vi?n, Ki?m soát nhi?m khu?n c? b?n\nSau h?n 30 n?m công tác, ThS.BS.CKII Hu?nh Th? Thanh Trang ?ã nh?n ???c nhi?u b?ng khen, danh hi?u uy tín nh? Danh hi?u Th?y Thu?c ?u Tú vào n?m 2014, B?ng khen do ?y ban Nhân dân TP.HCM trao t?ng vào các n?m 2012, 2014, 2016, 2018, 2020, ??t gi?i 2 H?i thi Sáng t?o k? thu?t TP.HCM n?m 2019. Bên c?nh ?ó, ThS.BS.CKII Thanh Trang còn có nhi?u công trình nghiên c?u, kh?o sát, bài báo ???c ??ng trên các t?p chí, t?p san Y h?c.'), 'CK0006', N'?ang công tác', NULL , 'httt6');
INSERT INTO BACSI VALUES ('BS0007', N'Tr?n Kim Oanh', N'N? ', N'Null', 'BS0007.png' , TO_NCLOB('T?t nghi?p tr??ng ??i h?c Y Hà N?i, bác s? Tr?n Kim Oanh nguyên là Tr??ng khoa Tim m?ch và R?i lo?n chuy?n hóa b?nh vi?n N?i ti?t Trung ??ng. V?i trên 30 n?m kinh nghi?m khám ch?a b?nh, bác s? Oanh ???c coi là chuyên gia trong chuyên ngành N?i ti?t  ?ái tháo ???ng, chuyên ?i?u tr? các b?nh v? tim m?ch liên quan ??n R?i lo?n chuy?n hóa. \nSong song v?i công tác khám ch?a b?nh, Bác s? Oanh còn tham gia vào công tác ?ào t?o khi nh?n nhi?m v? gi?ng d?y ??i h?c và sau ??i h?c t?i b?nh vi?n N?i ti?t Trung ??ng. Bác s? Tr?n Kim Oanh t?ng tham gia ?? tài Nghiên c?u khoa h?c c?p nhà n??c ?? tài KC10 và ch? nhi?m ?? tài c?p c? s?. Bác s? Tr?n Kim Oanh ?ã 2 l?n vinh d? nh?n b?ng khen c?a B? tr??ng b? Y T? và là chi?n s? thi ?ua c?p c? s?. Hi?n t?i BSCKII Tr?n Kim Oanh là bác s? khoa N?i ti?t  ?ái tháo ???ng B?nh vi?n ?a khoa Tâm Anh Hà N?i. '), 'CK0007', N'?ang công tác', NULL , 'tko7');
INSERT INTO BACSI VALUES ('BS0008', N'Tr?n ??c Minh', N'Nam', N'Null', 'BS0008.png' , TO_NCLOB('ThS.BS Tr?n ??c Minh là m?t bác s? ?ã có nhi?u n?m kinh nghi?m trong ngh? v?i chuyên môn v? khám, ?i?u tr? và can thi?p các b?nh lý Tim m?ch.\nThS.BS Tr?n ??c Minh không ng?ng h?c h?i và áp d?ng nh?ng k? thu?t, ph??ng pháp tr? li?u m?i giúp cho b?nh nhân b?o v? s?c kh?e c?a mình tr??c nh?ng nguy hi?m c?a b?nh tim m?ch. Không ch? là bác s? gi?i chuyên môn, ?am mê sáng t?o và có tinh th?n trách nhi?m, bác s? Minh còn tích c?c tham gia công tác t? v?n khám ch?a cho b?nh nhân. \nBác s? Minh hi?n ???c r?t nhi?u b?nh nhân và ??ng nghi?p tin t??ng. Hi?n t?i Bác s? Minh ?ang công tác t?i Khoa Tim m?ch, B?nh vi?n ?a khoa Tâm Anh Hà N?i.'), 'CK0008', N'?ang công tác', NULL , 'tdm8');
INSERT INTO BACSI VALUES ('BS0009', N'Võ Th? T??ng Duy', N'N?', N'Null', 'BS0009.png' , TO_NCLOB('Giúp b?nh nhân kh?i b?nh, l?y l?i s? t? tin v? ngo?i hình, c?i thi?n ch?t l??ng s?ng luôn là m?c tiêu tôi h??ng t?i, bác s? CKI Võ Th? T??ng Duy chia s? v? ?i?u b?n thân tâm huy?t nh?t trong cu?c ??i làm ngh? y.\nT? lý t??ng ?i ??n hành ??ng\nSinh ra trong gia ?ình có truy?n th?ng hành ngh? Y  D??c, ch? ?ã ý th?c ???c làm th?y thu?c ?? c?u ng??i. T? nh?, bác s? Võ Th? T??ng Duy s?m nuôi ??c m? tr? thành th?y thu?c, t? nh? b?n thân c? g?ng h?c gi?i ?? theo ?u?i ngành Y. M?i n? l?c ???c ??n ?áp khi ch? trúng tuy?n vào ngành Y ?a khoa  ??i h?c Y D??c TPHCM và t?t nghi?p vào n?m 2016.\nNgay t? lúc ng?i trên gh? gi?ng ???ng, bác s? Duy ???c ti?p c?n chuyên ngành Da li?u. Trong quá trình th?c hành lâm sàng, bác s? g?p nhi?u tr??ng h?p m?c các b?nh m?n tính v? da: v?y n?n, lupus, b?ch bi?n Ng??i m?c nh?ng b?nh này ch?u nh?ng n?i ?au c? th? xác l?n tinh th?n, luôn co c?m, t? ti, h?n ch? ti?p xúc v?i nh?ng ng??i xung quanh. Nh?ng hình ?nh ?ó c? thôi thúc bác s? Duy quy?t ??nh h?c chuyên sâu v? l?nh v?c Da li?u  Th?m m? Da ?? giúp ng??i b?nh nhi?u h?n.\nTrong quá trình làm vi?c, g?p nhi?u ca b?nh khó, bác s? Duy ch?a bao gi? ??u hàng mà luôn kiên nh?n v?i nh?ng th? thách, t?n tâm trong công tác ?i?u tr?. Th?m chí, có nh?ng ca b?nh nhi?u n?i không phát hi?n ra nh?ng ch? ?ã giúp ng??i b?nh h?i ph?c. ?i?n hình nh? tr??ng h?p b?nh nhân nam m?c viêm gan siêu vi B có tri?u ch?ng ?au nh?c các kh?p trên toàn b? t? chi, 2 chi d??i xu?t hi?n nhi?u v?t ban ??. Ng??i b?nh ?ã ?i ?i?u tr? ? nhi?u n?i, ghé ??n h?u nh? t?t c? các khoa v? x??ng kh?p, th?n kinh t?i TPHCM, tuy nhiên b?nh v?n không ???c c?i thi?n. Ng??i b?nh có c? duyên khi ??ng ký khám v?i bác s? Duy, ch? nh?n th?y ?ây là m?t ca h?ng ban nút trên b?nh nhân viêm gan siêu vi B. Sau khi ???c ?i?u ch?nh ??n thu?c, ng??i b?nh nhanh chóng h?i ph?c s?c kh?e.'), 'CK0009', N'?ang công tác', NULL , 'vttd9');
INSERT INTO BACSI VALUES ('BS0010', N'Cam Ng?c Ph??ng', N'N?', N'Null', 'BS0010.png' , TO_NCLOB('V?i s? k? di?u c?a y h?c hi?n ??i, b?ng tình yêu th??ng vô b? b?n và tâm huy?t c?ng hi?n v?i ngh?, su?t h?n 30 qua, TS.BS Cam Ng?c Ph??ng không nh? mình ?ã d?c s?c ch?m sóc, ôm ?p, v? v?, yêu th??ng và trao t?ng cu?c s?ng k? di?u cho bao nhiêu tr? sinh non, trong ?ó có nh?ng thiên th?n chào ??i ch? b?ng m?t gang tay.\nM?i ngày ch?ng ki?n nh?ng thiên th?n ch?a ?? ngày, ?? tháng ph?i tr?i qua nh?ng ngày ??u tiên c?a cu?c ??i trong l?ng kính, t?ng phút ??u tranh chênh vênh gi?a mong manh hai b? sinh  t?, bác s? Ng?c Ph??ng luôn tr?n tr?, nghiên c?u và h?c t?p v?i tâm ni?m, làm th? nào ?? phát hi?n và x? trí b?nh lý b?m sinh s?m nh?t, áp d?ng ph??ng pháp ch?m sóc và ?i?u tr? t?i ?u nh?t ?? các em s?m tr? v? bên vòng tay b? m? th?t kh?e m?nh, thông minh.'), 'CK0001', N'?ang công tác', NULL , NULL);
INSERT INTO BACSI VALUES ('BS0011', N'Tr?n Ng?c H?u', N'Nam', N'Phó giáo s?', 'BS0011.png' , TO_NCLOB('Phó Giáo s?, Ti?n s?, Bác s? Tr?n Ng?c H?u t?t nghi?p Bác s? Y khoa t?i Tr??ng ??i h?c Y D??c TP.HCM (1) t? n?m 1979. Sau ?ó, PGS Ng?c H?u hoàn thành ch??ng trình ?ào t?o Th?c s? chuyên ngành Qu?n lý Ch?m sóc s?c kh?e ban ??u t?i tr??ng ??i h?c Mahidol, Thái Lan vào n?m 1997, và ch??ng trình ?ào t?o Ti?n s? chuyên ngành Vê? sinh ho?c Xã h?i va? Tô? ch??c Y tê? t?i Viê?n Vê? sinh Di?ch tê? Trung ??ng vào n?m 2002. N?m 2012, Ti?n s?, Bác s? Ng?c H?u chính th?c ???c b? nhi?m ch?c danh Phó Giáo s?.\nTrong su?t quá trình nghiên c?u và công tác t? n?m 1979 ??n hi?n nay, PGS.TS.BS Tr?n Ng?c H?u ?ã có nhi?u ?óng góp to l?n cho n?n y h?c n??c nhà, ??c bi?t là l?nh v?c y t? d? phòng, v?c xin. Phó giáo s? Ng?c H?u ?ã tri?n khai nhi?u ?? tài, công trình nghiên c?u khoa h?c trong và ngoài n??c có giá tr?. Các ?? tài nghiên c?u khoa h?c ?i?n hình nh?: Nghiên c?u ??c ?i?m d?ch t? h?c, lâm sàng và vi rút h?c c?a Cúm A/H1N1 ??i d?ch 2009 ?? xu?t bi?n pháp phòng ch?ng, ?ánh giá tính an toàn c?a v?c xin AgrippalTM S1 phòng cúm trên ng??i Vi?t Nam tình nguy?n, Hi?u qu? và an toàn c?a v?c xin m?i ng?a s?t xu?t huy?t b?n týp trên tr? em kh?e m?nh t? 2 ??n 14 tu?i ? châu Á th?c hi?n t?i M? Tho và Long Xuyên, ?ánh giá các li?u trình ch?ng ng?a các v?c xin ph? c?u khác nhau trên tr? em.\nCác Công trình khoa h?c bao g?m: Immunogenicity and reactogenicity of ten-valent versus 13-valent pneumococcal conjugate vaccines among infants in Ho Chi Minh City, Vietnam: a randomised controlled trial, Three Decades of Dengue Surveillance in Five Highly Endemic South East Asian Countries: A Descriptive Review, Efficacy and Long-Term Safety of a Dengue Vaccine in Regions of Endemic Disease trên t?p chí The  New England Journal of medicine, Clinical efficacy and safety of a novel tetravalent dengue vaccine in healthy children in Asia: a phase 3, randomised, observer-masked, placebo-controlled trial trên t?p chí The Lancet\nPhó Giáo s?, Ti?n s?, Bác s? Tr?n Ng?c H?u t?ng gi? nhi?u v? trí quan tr?ng trong h?n 40 n?m công tác nh?: Gia?m ?ô?c Trung tâm Y t? D? phòng t?nh Long An; Gia?m ?ô?c B?nh vi?n ?a khoa t?nh Long An; Gia?m ?ô?c S? Y t? Long An; Gia?m ?ô?c Vi?n Pasteur TP.HCM; Phó Ch? t?ch H?i Y h?c D? phòng Vi?t Nam; Pho? Chu? ti?ch Hô?i ?ô?ng ??o ??c trong Nghiên c?u Y sinh h?c Quô?c gia.\nHi?n nay, PGS.TS.BS Tr?n Ng?c H?u ?ang gi? vai trò Qu?n lý Th? nghi?m lâm sàng V?c xin t?i Trung tâm ?ào t?o và Nghiên c?u Khoa h?c, B?nh vi?n ?a khoa Tâm Anh TP.HCM.'), 'CK0002', N'?ang công tác', NULL , 'tnh11');
INSERT INTO BACSI VALUES ('BS0012', N'Nguy?n Th? Liên H??ng', N'N?', N'Null', 'BS0012.png' , TO_NCLOB('BS Nguy?n Th? Liên H??ng ?ã có h?n 20 n?m kinh nghi?m trong l?nh v?c Mô phôi h?c. Bên c?nh công tác chuyên môn, bác s? Liên H??ng còn dành nhi?u th?i gian cho ho?t ??ng nghiên c?u khoa h?c và ?óng góp nhi?u công trình nghiên c?u, bài báo khoa h?c trong l?nh v?c Mô phôi h?c. \nKhông ch? là m?t bác s? tài n?ng v?i nhi?u công trình nghiên c?u có giá tr?, TS.BS Liên H??ng còn là Gi?ng viên kiêm nhi?m b? môn Mô  Công ngh? Phôi t?i ??i h?c Y Hà N?i. Nhi?u th? h? bác s? ?u tú c?a ngành Mô phôi h?c Vi?t Nam ?ã ???c ti?p l?a yêu ngh? và tr??ng thành d??i s? h??ng d?n c?a TS.BS Nguy?n Th? Liên H??ng.\nSau nhi?u n?m công tác t?i B?nh vi?n Ph? s?n Trung ??ng, bác s? Liên H??ng chính th?c tr? thành m?t thành viên c?a Trung tâm H? tr? sinh s?n, B?nh vi?n ?a khoa Tâm Anh Hà N?i v?i v? trí Phó Giám ??c Trung tâm, ph? trách LAB IVF. Là m?t ??n v? ???c ??u t? m?nh m? và toàn di?n, ??c bi?t h? th?ng phòng LAB t?i IVFTA s? h?u nh?ng thi?t b?, công ngh? hi?n ??i nh?t trong ngành h? tr? sinh s?n. ??i ng? chuyên viên LAB IVFTA ?áp ?ng ???c nh?ng tiêu chu?n cao v? trình ?? chuyên môn và luôn gi? v?ng cái tâm v?i ngh?, luôn n? l?c ch?t chiu c? h?i làm m?, làm cha cho nh?ng gia ?ình hi?m mu?n.  bác s? Liên H??ng chia s?.'), 'CK0003', N'?ang công tác', NULL , 'ntlh12');
INSERT INTO BACSI VALUES ('BS0013', N'Tr?nh Tu?n D?ng', N'Nam', N'Phó giáo s?', 'BS0013.png' , TO_NCLOB('V?i kinh nghi?m h?n 30 n?m trong ngành Gi?i ph?u b?nh, PGS.TS.BS Tr?nh Tu?n D?ng hi?n ?ang n?m gi? c??ng v? Giám ??c Trung tâm Gi?i ph?u b?nh và T? bào c?a B?nh vi?n ?a khoa Tâm Anh, Ch? t?ch H?i Gi?i ph?u b?nh  T? bào h?c Vi?t Nam. Ông là m?t chuyên gia hàng ??u v? Gi?i ph?u b?nh và T? bào h?c, không ch? c?a Vi?t Nam mà ? t?m qu?c t?, giàu kinh nghi?m trong vi?c ?ánh giá và ??c k?t qu? gi?i ph?u b?nh và t? bào h?c chu?n xác, giúp ch?n ?oán s?m các b?nh lý ung th?. \nTrong su?t quá trình công tác, PGS.TS.BS Tr?nh Tu?n D?ng luôn t?n tâm, say mê và dành nhi?u th?i gian, công s?c ??u t? nghiên c?u nh?ng công trình khoa h?c mang giá tr? ?ng d?ng cao. Tiêu bi?u ph?i k? ??n nh?ng ?? tài t? c?p B? Qu?c phòng, c?p Nhà n??c t?i c?p c? s?, cùng 168 bài báo khoa h?c ?ã công b?, trong ?ó có 8 bài công b? ? n??c ngoài và nhi?u cu?n sách, giáo trình quan tr?ng v? Gi?i ph?u b?nh khác.\nXu?t thân t? Quân ??i, ???c ?ào t?o và rèn luy?n trong Quân ??i h?n 40 n?m, tr??c khi tr? thành bác s?, Phó giáo s? Tr?nh Tu?n D?ng ?ã có 3 n?m làm chi?n s? công tác t?i L? ?oàn T?ng thi?t giáp 215. Hoàn thành ngh?a v? quân s?, v?i mong mu?n ???c góp ph?n ??y lùi các b?nh hi?m nghèo, ??c bi?t là b?nh ung th?, ông quy?t tâm theo h?c ngành Gi?i ph?u b?nh m?c dù th?i ?i?m ?ó s? l??ng bác s? theo h?c và công tác trong ngành này không nhi?u. Ông thi ?? vào H?c vi?n Quân y và sau 6 n?m mi?t mài h?c t?p, ông t?t nghi?p Bác s? lo?i ?u và ???c ch?n v? công tác t?i B?nh vi?n Trung ??ng Quân ??i 108. \nT?t nghi?p Bác s? chuyên khoa s? b?, r?i chuyên khoa c?p I t?i ??i h?c Y Hà N?i, nh?ng v?i  PGS.TS.BS Tr?nh Tu?n D?ng là ch?a ??. Càng h?c ông càng th?y ki?n th?c y khoa th?t mênh mông r?ng l?n. V?i ni?m ?am mê cùng khát khao ch?a b?nh c?u ng??i, ông quy?t tâm thi ?? nghiên c?u sinh Ti?n s?, và sau 5 n?m mi?t mài h?c t?p, nghiên c?u, ông ?ã b?o v? thành công lu?n án Ti?n s? Y h?c ???c H?i ??ng ?ánh giá xu?t s?c. \nTr? v? B?nh vi?n Trung ??ng Quân ??i 108 công tác, PGS.TS.BS Tr?nh Tu?n D?ng ???c b? nhi?m làm phó Khoa Gi?i ph?u b?nh (tháng 10/2000), r?i g?n 7 n?m sau ?ó (tháng 6/2007) ông ???c b? nhi?m làm Tr??ng khoa.'), 'CK0004', N'?ang công tác', NULL , 'ttd13');
INSERT INTO BACSI VALUES ('BS0014', N'Nguy?n Duy Trinh', N'Nam', N'Null', 'BS0014.png' , TO_NCLOB('V?i kinh nghi?m trên 20 n?m trong l?nh v?c ch?n ?oán hình ?nh, ??ng th?i t?ng ??m nh?n nhi?u v? trí quan tr?ng t?i b?nh vi?n tuy?n ??u trên c? n??c, TS.BS Nguy?n Duy Trinh ?ã ch?n ?oán thành công nhi?u ca b?nh khó, ph?c t?p, ??c bi?t các b?nh lý ?au c?t s?ng, kh?p vai, ?au do th?n kinh ngo?i biên trên các thi?t b? máy móc hi?n ??i nh?: Siêu âm, C?t l?p vi tính, c?ng h??ng t?..\nSau nh?ng n? l?c không ng?ng ngh? trong l?nh v?c Ch?n ?oán hình ?nh, TS.BS Nguy?n Duy Trinh vinh d? ???c B? Y T? trao t?ng b?ng khen Danh hi?u chi?n s? thi ?ua c?p c? s?. Bên c?nh ?ó, TS.BS Nguy?n Duy Trinh còn ?óng góp các công trình nghiên c?u ?? tài khoa h?c, sách chuyên ngành cùng các bài báo có giá tr? th?c ti?n.\nNgoài công tác khám ch?a b?nh, TS Nguy?n Duy Trình còn tham gia gi?ng d?y, b?i d??ng ki?n th?c cho các bác s? t?i các t?nh giúp ??y m?nh và phát tri?n l?nh v?c ch?n ?oán hình ?nh. TS Duy Trinh góp ph?n không nh? giúp các bác s? c?p nh?t ki?n th?c và s? d?ng máy móc thi?t b? m?t cách hi?u qu? nh?m ??a ra nh?ng ch?n ?oán chính xác và k?p th?i, giúp ng??i b?nh có th? rút ng?n th?i gian ?i?u tr?.'), 'CK0005', N'?ang công tác', NULL , 'ndt14');
INSERT INTO BACSI VALUES ('BS0015', N'Tr?n Th? Thanh Trúc', N'N?', N'Null', 'BS0015.png' , TO_NCLOB('BS.CKII Tr?n Th? Thanh Trúc có g?n 15 n?m kinh nghi?m th?c ti?n và ??t ???c nhi?u thành t?u nh?t ??nh trong ngành y, ??c bi?t là l?nh v?c n?i tim m?ch. T?t nghi?p bác s? Y khoa t?i ??i h?c Y D??c TP.HCM vào n?m 2005 và ti?p t?c hoàn thành v?n b?ng Th?c s?, bác s? Tr?n Th? Thanh Trúc ?ã không ng?ng h?c h?i, c?p nh?t nh?ng ki?n th?c m?i và nâng cao nghi?p v? ?? cung c?p d?ch v? th?m khám, ch?n ?oán, ?i?u tr? và t? v?n s?c kh?e toàn di?n cho b?nh nhân. '), 'CK0006', N'?ang công tác', NULL , 'tttt15');
INSERT INTO BACSI VALUES ('BS0016', N'Hu?nh V?n M??i M?t', N'Nam', N'Null', 'BS0016.png' , TO_NCLOB('Su?t h?n 20 n?m h?c t?p, nghiên c?u và công tác trong l?nh v?c y khoa, bác s? Hu?nh V?n M??i M?t ?ã tích l?y ???c nhi?u kinh nghi?m khi t?ng ti?p c?n và gi?i quy?t r?t nhi?u tr??ng h?p c?p c?u N?i, Ngo?i khoa, Nhi khoa Sau khi t?t nghi?p ??i h?c Y D??c TP.HCM, Bác s? M??i M?t ti?p t?c theo h?c ?? l?y các ch?ng ch? ng?n h?n, trong ?ó có ch?ng ch? v? B?nh lý c? x??ng kh?p và Ph?c h?i ch?c n?ng  v?n r?t h?u ích cho công vi?c chuyên môn c?a bác s? sau này.'), 'CK0007', N'?ang công tác', NULL , 'hvmm16');
INSERT INTO BACSI VALUES ('BS0017', N'Nguy?n ??c H?ng', N'Nam', N'Null', 'BS0017.png' , TO_NCLOB('V?i 14 n?m kinh nghi?m trong l?nh v?c khám và ?i?u tr? v? các b?nh lý tim m?ch, bác s? Nguy?n ??c H?ng là m?t trong nh?ng th?y thu?c luôn ???c b?nh nhân tin t??ng khi th?m khám và ?i?u tr? t?i Khoa Tim m?ch, B?nh vi?n ?a khoa Tâm Anh, Hà N?i.\nT?t nghi?p Tr??ng ??i h?c Y Hà N?i, bác s? Nguy?n ??c H?ng ?ã ??ng ký tham gia các khóa ?ào t?o c?a các Vi?n Tim m?ch trong và ngoài n??c ?? trau d?i thêm ki?n th?c, k? n?ng chuyên môn nh?m mang l?i nh?ng phác ?? ?i?u tr? tiên ti?n ??n v?i ng??i b?nh trong quá trình khám ch?a b?nh.\nBên c?nh s? t?n tâm trong ch?m sóc và ?i?u tr? cho b?nh nhân, bác s? Nguy?n ??c H?ng c?ng r?t tích c?c tham gia các ho?t ??ng nghiên c?u khoa h?c. Bác s? ?ã th?c hi?n nh?ng ?? tài có tính giá tr? th?c ti?n cao và nh?n ???c nhi?u gi?i th??ng t?i nh?ng cu?c thi nghiên c?u khoa h?c uy tín c?a ngành Y t?. '), 'CK0008', N'?ang công tác', NULL , 'ndh17');
INSERT INTO BACSI VALUES ('BS0018', N'Nguy?n Tân C??ng', N'Nam', N'Null', 'BS0018.png' , TO_NCLOB('V?i nhi?u n?m kinh nghi?m trong l?nh v?c Ti?t Ni?u  Nam khoa, Ths.Bs Nguy?n Tân C??ng ???c ??ng nghi?p ?ánh giá cao và ?ông ??o b?nh nhân h?t lòng tin t??ng ?? g?i g?m nh?ng v?n ?? khó nói c?a mình. B?n thân Ths.Bs Tân C??ng c?ng luôn n? l?c trau d?i chuyên môn, c?p nh?t nh?ng ki?n th?c m?i, tích c?c tham gia các hi?p h?i trong n??c và qu?c t? ?? có th? ??a ra phác ?? ?i?u tr? ?u vi?t cho t?ng b?nh nhân, giúp h? c?i thi?n ch?t l??ng cu?c s?ng, tìm th?y ni?m h?nh phúc l?a ?ôi.\nThs.Bs Tân C??ng có nhi?u n?m công tác t?i chuyên khoa Ti?t Ni?u  Nam h?c c?a các b?nh vi?n uy tín ? khu v?c TP.HCM nh? B?nh vi?n ??i h?c Y D??c TP.HCM và m?t s? b?nh vi?n qu?c t? khác. Hi?n t?i, Ths.Bs Tân C??ng ?ang công tác t?i B?nh vi?n ?a khoa Tâm Anh TP.HCM v?i vai trò bác s? khoa Ngo?i Ti?t ni?u.'), 'CK0009', N'?ang công tác', NULL , 'ntc18');
INSERT INTO BACSI VALUES ('BS0019', N'Nguy?n Ng?c Hu?nh', N'N?', N'Null', 'BS0019.png' , TO_NCLOB('Phòng LAB ???c ví nh? trái tim c?a m?t trung tâm H? tr? sinh s?n b?i ?ó chính là n?i th?c hi?n các k? thu?t vô cùng ph?c t?p trong th? tinh nhân t?o, th? tinh ?ng nghi?m IVF. V?i nhi?u n?m kinh nghi?m, Th?c s? Nguy?n Ng?c Qu?nh ?ã làm ch? nhi?u k? thu?t hi?n ??i, t?ng kh? n?ng có con c?a các c?p v? ch?ng vô sinh hi?m mu?n ?ã t?ng lên g?p nhi?u l?n. Th?c s? Nguy?n Ng?c Qu?nh luôn làm vi?c v?i tâm ni?m: N? l?c c?a chúng tôi là mang ti?ng c??i tr? th? ??n m?i nhà, ??ng th?i k?t h?p theo dõi và ch?m sóc s?c kh?e toàn di?n cho tr? em.'), 'CK0001', N'?ang công tác', NULL , NULL);
INSERT INTO BACSI VALUES ('BS0020', N'D??ng Quang Huy', N'Nam', N'Null', 'BS0020.png' , TO_NCLOB('H?n 15 n?m tr??c, khi l?nh v?c ?i?u tr? các b?nh lý nam khoa, hi?m mu?n nam v?n ?ang b? b? quên, ThS.BS.CKII D??ng Quang Huy có c? duyên ti?p c?n s?m v?i các ch??ng trình ?ào t?o chuyên sâu ? qu?c t?, ??c bi?t là Ch??ng trình ?ào t?o s?c kh?e nam gi?i t?i tr??ng ??i h?c D??c John Hopkins  Hoa K?.\nV?i thâm niên 15 n?m công tác t?i các b?nh vi?n l?n khu v?c phía Nam, th?c hi?n thành công nhi?u ca m? ph?c t?p nh?: Vi ph?u tích mô tinh hoàn tìm tinh trùng (micro-Tese), vi ph?u n?i ?ng d?n tinh và mào tinh, ch?nh hình c? quan sinh d?c nam, t?o hình khi?m khuy?t c? quan sinh d?c, ung th? c? quan sinh d?c nam ThS.BS.CKII D??ng Quang Huy tr? thành m?t trong s? ít chuyên gia ??t n?n móng ??u tiên cho s? phát tri?n c?a l?nh v?c này nh? ngày nay.\nKhông ch? t?n tâm ??ng hành cùng t?ng b?nh nhân, giúp nh?ng nam gi?i vô sinh hi?m mu?n có con chính ch?, gi?m nguy c? ph?i xin tinh trùng t? ngu?n hi?n t?ng, ThS.BS.CKII D??ng Quang Huy tâm ni?m luôn n? l?c h?n th? ?? góp ph?n c?i thi?n ch?t l??ng cu?c s?ng c?a nam gi?i ngay c? sau khi ?i?u tr?.\nThS.BS.CKII D??ng Quang Huy c?ng say mê nghiên c?u khoa h?c v?i nhi?u ?? tài nghiên c?u trong n??c và qu?c t?, th??ng xuyên c?p nh?t nh?ng ph??ng pháp hi?n ??i nh?t trong khám và ?i?u tr? các b?nh lý nam khoa, vô sinh nam, ??ng th?i chia s? nh?ng kinh nghi?m hay cùng ??ng nghi?p trong và ngoài n??c, ?ào t?o phát tri?n ??i ng? bác s? tr?.'), 'CK0002', N'?ang công tác', NULL , 'dqh20');
INSERT INTO BACSI VALUES ('BS0021', N'Lê Xuân Nguyên', N'Nam', N'Null', 'BS0021.png' , TO_NCLOB('T?t nghi?p chuyên ngành bác s? ?a khoa lo?i gi?i t?i khoa Y  ??i h?c Tây Nguyên, Bác s? Lê Xuân Nguyên có c? duyên làm vi?c t?i các b?nh vi?n l?n v? s?n khoa trên c? n??c nh? b?nh vi?n T? D?, phòng khám IVFMD Nam Sài Gòn\nDù tu?i ??i, tu?i ngh? còn r?t tr?, nh?ng v?i s? ham h?c h?i và t?n tâm, bác s? Lê Xuân Nguyên ???c ?ánh giá là m?t bác s? gi?i, có n?ng l?c và s? v??n xa trong ngành Vô sinh hi?m mu?n. '), 'CK0003', N'?ang công tác', NULL , 'lxn21');
INSERT INTO BACSI VALUES ('BS0022', N'Nguy?n Ph?m Thùy Linh', N'N?', N'Null', 'BS0022.png' , TO_NCLOB('BS.CKI Nguy?n Ph?m Thùy Linh có h?n 12 n?m kinh nghi?m th?m khám và ?i?u tr? trong l?nh v?c N?i tim m?ch nhi. Sau khi t?t nghi?p ??i h?c Y khoa Ph?m Ng?c Th?ch, bác s? Nguy?n Ph?m Thùy Linh tham gia các khóa tu nghi?p t?i Malaysia và Hàn Qu?c v? l?nh v?c Tim m?ch nhi. Bác s? Nguy?n Ph?m Thùy Linh g?n bó v?i B?nh vi?n tim Tâm ??c TP.HCM trong su?t th?i gian dài, ??ng th?i tr? thành thành viên H?i Tim m?ch Vi?t Nam và Phân h?i Siêu âm tim Vi?t Nam. \nDành tình yêu ??c bi?t ??i v?i các em nh? không may b? b?nh tim b?m sinh, bác s? Nguy?n Ph?m Thùy Linh chia s?: N?u ch? còn m?t ngày ?? s?ng, hãy ?? tôi ch?m sóc nh?ng em bé b? tim b?m sinh. Các bé sinh ra ?ã không ???c may m?n. B?ng s? ch?m sóc ?úng cách v?i trái tim chân thành, hy v?ng tôi s? giúp gi?m ?i n?i ?au trong nh?ng trái tim không lành l?n ?y.'), 'CK0004', N'?ang công tác', NULL , 'nptl22');
INSERT INTO BACSI VALUES ('BS0023', N'Ngô Tr??ng S?n', N'Nam', N'Null', 'BS0023.png' , TO_NCLOB('BS.CKII Ngô Tr??ng S?n có g?n 20 n?m kinh nghi?m ?i?u tr? ung th? và ???c ?ào t?o bài b?n chuyên môn ? trong n??c c?ng nh? qu?c t?. Sau khi t?t nghi?p chuyên ngành ?a khoa t?i ??i h?c Y Hà N?i  Ngôi tr??ng ?ào t?o y khoa danh ti?ng hàng ??u c? n??c, bác s? S?n ti?p t?c hoàn thành xu?t s?c khóa ?ào t?o bác s? n?i trú và bác s? chuyên khoa II t?i ?ây. Không d?ng l?i ? ?ó, v?i mong mu?n h?c t?p và c?p nh?t nh?ng phác ?? hi?n ??i nh?t giúp ng??i b?nh ung th? ki?m soát và ?i?u tr? hi?u qu?, bác s? S?n ?ã tham gia nhi?u ch??ng trình ?ào t?o nâng cao t?i các qu?c gia có n?n y h?c phát tri?n nh?: M?, ?an M?ch, Tây Ban Nha, Singapore\nTrong su?t quá trình công tác và h?c t?p, bác s? ?ã áp d?ng nhi?u k? thu?t công ngh? cao v? x? tr? và hóa ch?t vào ?i?u tr? các b?nh lý ung th?. Cùng v?i công tác khám ch?a b?nh bác s? S?n còn tham gia ?ào t?o, gi?ng d?y, ch? ??o tuy?n, vi?t sách chuyên ngành và nghiên c?u khoa h?c. Nh? thành tích xu?t s?c trong công tác gi?ng d?y và ?i?u tr? bác s? S?n nh?n ???c nhi?u b?ng khen c?a lãnh ??o các c?p. Bác s? S?n c?ng luôn ???c ng??i b?nh yêu quý b?i s? g?n g?i và gi?n d?.'), 'CK0005', N'?ang công tác', NULL , 'nts23');
INSERT INTO BACSI VALUES ('BS0024', N'Lê Thanh Hùng', N'Nam', N'Null', 'BS0024.png' , TO_NCLOB('T?t nghi?p Á khoa t?i ??i h?c y khoa Ph?m Ng?c Th?ch n?m 1998 v?i t?m b?ng lo?i Gi?i, BS.CKII Lê Thanh Hùng ???c gi? l?i làm gi?ng viên t?i tr??ng. Bác s? Thanh Hùng ?ã có 23 n?m kinh nghi?m gi?ng d?y và th?c hành trong l?nh v?c S?n Ph? khoa, tu nghi?p n?i trú t?i B?nh vi?n Pellegrin-Bordeaux-Pháp. Bác s? Thanh Hùng t?ng ph? trách nhi?u ca sinh và m? khó nh? song thai, ti?n s?n gi?t, nhau ti?n ??o, v?t m? l?y thai nhi?u l?n\n?? giúp s?n ph? v??t qua nh?ng khó kh?n trong quá trình sinh n?, Bác s? Thanh Hùng th??ng dành nhi?u th?i gian trò chuy?n cùng s?n ph?, giúp h? gi?m b?t lo âu. Trong t?ng ca m? khó, Bác s? Thanh Hùng luôn t?p trung cao ?? ?? ??m b?o s? an toàn cho c? m? và bé. Bác s? Thanh Hùng c?ng t?ng là bác s? ??i di?n cho Vi?t Nam góp m?t trong ch??ng trình 4 Babies A Second, m?t phóng s? c?a kênh truy?n hình National Geographic n?m 2015 v? các ca sinh t?i nhi?u qu?c gia trên th? gi?i.'), 'CK0006', N'?ang công tác', NULL , 'lth24');
INSERT INTO BACSI VALUES ('BS0025', N'T? Ng?c Th?ch', N'Nam', N'Null', 'BS0025.png' , TO_NCLOB('Là m?t trong nh?ng bác s? tr? tài n?ng c?a khoa Ti?t ni?u  Nam h?c, B?nh vi?n ?a khoa Tâm Anh Hà N?i, ThS.BS T? Ng?c Th?ch luôn mu?n ti?p c?n và áp d?ng nhi?u ph??ng pháp, k? thu?t khám, ch?a b?nh tiên ti?n ?? c?u ch?a cho nhi?u ng??i b?nh. \nT?t nghi?p ??i h?c Y D??c Thái Nguyên, chàng sinh viên y khoa ??n t? Th? ?ô Chè Vi?t Nam, v?i tinh th?n ham h?c, ?ã chu?n b? hành trang lên Hà N?i, ti?p t?c chinh ph?c l?nh v?c chuyên khoa Ngo?i, và b?t ??u bén duyên v?i ngành Nam h?c t? ?ây. N?m 2015, anh ???c trao t?ng danh hi?u Chi?n s? thi ?ua c?p c? s? khi ?óng góp nhi?u ?? tài nghiên c?u khoa h?c mang tính ?ng d?ng cao nh?: ?ánh giá k?t qu? ?i?u tr? c?t túi m?t qua ph?u thu?t n?i soi t?i BV Gang thép Thái Nguyên; K?t qu? ghép th?n ? b?nh nhân suy th?n m?n giai ?o?n cu?i t? ng??i cho s?ng t?i BV T? Thái Nguyên'), 'CK0007', N'?ang công tác', NULL , 'tnt25');
INSERT INTO BACSI VALUES ('BS0026', N'Ch? ?ình Ngh?a', N'Nam', N'Null', 'BS0026.png' , TO_NCLOB('V?i h?n 20 n?m công tác trong ngành Y, TS.BS Ch? ?ình Ngh?a ???c bi?t ??n là m?t trong nh?ng chuyên gia hàng ??u Vi?t Nam trong l?nh v?c Ch?n th??ng ch?nh hình và Ph?u thu?t t?o hình. Bác s? ?ình Ngh?a ?ã giúp nhi?u b?nh nhân thoát kh?i nh?ng c?n ?au ??n, ph?c h?i kh? n?ng v?n ??ng và tránh ???c nhi?u bi?n ch?ng nguy hi?m nh? ???ng m? nh?, ít ?au ??n, gi?m t? l? nhi?m trùng, rút ng?n th?i gian và t?ng kh? n?ng h?i ph?c\nSau khi t?t nghi?p ??i h?c Y Hà N?i (2001), bác s? ?ình Ngh?a ti?p t?c tham gia ?ào t?o Th?c s? Ngo?i khoa t?i tr??ng (2007) và Ti?n s? Y h?c t?i Vi?n Nghiên c?u Khoa h?c Y D??c Lâm sàng 108 (2019). H?n 20 n?m nghiên c?u và làm vi?c, Bác s? ?ình Ngh?a ?ã ?i?u tr? thành công nhi?u ca b?nh khó trong l?nh v?c vi ph?u nh?: tr?ng n?i l?i chi th? ??t r?i, ?i?u tr? các t?n th??ng li?t ?ám r?i cánh tay, ?i?u tr? li?t m?t, t?o hình tuy?n vú sau ph?u thu?t ?o?n vú ung th?, siêu vi ph?u thu?t n?i thông b?ch m?ch  t?nh m?ch và chuy?n ghép vi ph?u h?ch b?ch huy?t ?i?u tr? phù b?ch m?ch chi th?, chuy?n ghép v?t x??ng mác ph?c h?i m?t ?o?n x??ng sau c?t b? kh?i U vùng ??u m?t, chi th? \nNgoài ra, bác s? ?ình Ngh?a dành th?i gian tham gia nghiên c?u khoa h?c, góp ph?n vào s? ti?n b? chung c?a ngành. M?t s? ?? tài nh? nghiên c?u ??c ?i?m ch?n ?oán và k?t qu? ?i?u tr? ph?u thu?t t?n th??ng ??ng m?ch chi d??i b?ng ghép t?nh m?ch t? thân t?i B?nh vi?n Vi?t ??c, nghiên c?u ?ng d?ng k? thu?t vi ph?u trong tr?ng n?i chi th? ??t r?i và nhi?u báo cáo khoa h?c v? vi ph?u t?o hình. Các nghiên c?u và báo cáo ???c ?ánh giá cao, ?óng góp không nh? vào s? phát tri?n c?a n?n y h?c hi?n ??i. '), 'CK0008', N'?ang công tác', NULL , 'cdn26');
INSERT INTO BACSI VALUES ('BS0027', N'Ngô Quý Châu', N'Nam', N'Giáo s?', 'BS0027.png' , TO_NCLOB('V?i h?n 40 n?m kinh nghi?m trong l?nh v?c N?i hô h?p, ??ng th?i t?ng ??m nh?n nhi?u v? trí quan tr?ng t?i các b?nh vi?n l?n hàng ??u c? n??c, TTND.GS.TS.BS Ngô Quý Châu hi?n ?ang là Giám ??c chuyên môn, kiêm c? v?n chuyên môn khoa N?i hô h?p, B?nh vi?n ?a khoa Tâm Anh, Hà N?i. Tên tu?i TTND.GS.TS.BS Ngô Quý Châu không ch? vang danh trong n??c mà còn ph? sóng sang c? các n??c châu  Âu  n?i v?n có n?n y h?c hi?n ??i nh?t th? gi?i. Các thành t?u mà Giáo s? Ngô Quý Châu ??t ???c, cùng nh?ng c?ng hi?n c?a ông cho n?n Y khoa n??c nhà nh? kh?ng ??nh thêm cho câu nói: Trong l?nh v?c N?i t?ng h?p nói chung và Ph?i  Hô h?p nói riêng, giáo s? Ngô Quý Châu x?ng ?áng là cây ?a cây ??. \nN?m 1977, c?u h?c trò Ngô Quý Châu thi ?? vào tr??ng ??i h?c Y khoa Hà N?i. T? quê h??ng B?c Giang, chàng trai tr? kh?n gói ra Hà N?i b?t ??u s? nghi?p h?c t?p, tìm tòi và nghiên c?u. N?m 1983, chàng bác s? tr? Ngô Quý Châu xu?t s?c nh?n b?ng lo?i gi?i  ph?n th??ng x?ng ?áng cho nh?ng n? l?c và c? g?ng c?a ông su?t nh?ng n?m tháng ng?i gi?ng ???ng ??i h?c Y Hà N?i. \n?? ?i?u ki?n thi tuy?n khóa ?ào t?o bác s? n?i trú chuyên khoa I, bác s? Ngô Quý Châu ti?p t?c chinh ph?c b?u tr?i tri th?c t?i B?nh vi?n B?ch Mai  B? môn N?i T?ng h?p, Tr??ng ??i h?c Y Hà N?i. Trong s? các bác s? n?i trú khóa ?ào t?o lúc b?y gi?, ông là ng??i duy nh?t ???c chuy?n th?ng làm nghiên c?u sinh. Ba n?m mi?t mài nghiên c?u, n?m 1992, Ngô Quý Châu ?ã b?o v? thành công lu?n án Ti?n s? v? ?? tài ung th? ph?i khi m?i 32 tu?i. Ông chính là v? bác s? tr? nh?t c?a Vi?t Nam nh?n b?ng Ti?n s? Y khoa lúc b?y gi?.  \nKhông d?ng l?i ? vi?c trau d?i ki?n th?c ? môi tr??ng ?ào t?o trong n??c, bác s? Ngô Quý Châu còn có kho?ng th?i gian dài sang Pháp nghiên c?u và th?c t?p trong nhi?u chuyên ngành y khoa: ung th? h?c, b?nh ph?i ngh? nghi?p và môi tr??ng N?m 1995, ông là ng??i Vi?t Nam ??u tiên thi ?? vào khóa h?c Liên các tr??ng ??i h?c c?a Pháp chuyên sâu v? ph?i và ???c B? Y t? cho phép ti?p t?c h?c ? Pháp thêm 4 n?m n?a. Cu?i n?m 1999, ông tr? l?i Vi?t Nam và công tác t?i B?nh vi?n B?ch Mai, Hà N?i.'), 'CK0009', N'?ang công tác', NULL , 'nqc27');
INSERT INTO BACSI VALUES ('BS0028', N'Tr?n Quán Anh', N'Nam', N'Giáo s?', 'BS0028.png' , TO_NCLOB('NGND.GS.TS.BS Tr?n Quán Anh là ng??i ??u tiên ??t n?n móng cho ngành Nam h?c Vi?t Nam.\nÔng là T?ng Th? ký H?i Ti?t ni?u  Th?n h?c Vi?t Nam, H?i viên H?i Ti?t ni?u th? gi?i (S.I.U), là ng??i kh?i x??ng xây d?ng phân khoa nam h?c, thu?c Khoa ti?t ni?u, B?nh vi?n Vi?t  ??c, Hà N?i. T?ng tham gia nhi?u h?i ngh? qu?c t? v? nam h?c t?i nhi?u qu?c gia trên th? gi?i, Giáo s? Tr?n Quán Anh ti?n hành hàng ch?c công trình nghiên c?u quý giá gây d?ng cho b? môn khoa h?c t? non tr? ??n g?t hái ???c nh?ng thành t?u to l?n ? Vi?t Nam hi?n nay.\nH?n n?a th? k? c?ng hi?n h?t mình cho n?n Y h?c n??c nhà, lúc ??t n??c có chi?n tranh, không ng?i yên ? tr??ng ??i h?c, hay phòng nghiên c?u, bác s? Tr?n Quán Anh ?ã xông pha kh?p các vùng ??t ác li?t nh? Hà T?nh, Qu?ng Bình, Qu?ng Tr? ?? ph?c v? các th??ng b?nh binh; có nhi?u binh tr?m s? l??ng chi?n s? b? th??ng h?n 1000 ng??i, ng??i bác s? tr? ?y và các ??ng nghi?p ph?i ?ã vi?c không ng?ng ngh? trong su?t nhi?u ngày ?êm d??i h?m t?i v?i ánh sáng phòng m? ch? t? nh?ng chi?c ?èn pha xe ??p. Th?m chí tay không dám ng?ng m?t phút vì n?u bác s? ph?u thu?t ngh? ng?i là ??ng ngh?a v?i ch?p nh?n ??ng ??i c?a mình hy sinh.\nGác l?i nh?ng h?i ?c tu?i tr? ? chi?n tr??ng, bom ??n, n?i ông là m?t ng??i lính c?m dao m? ?? c?u ch?a th??ng, b?nh binh, hòa bình l?p l?i, Giáo s? dành tr?n v?n tình yêu tâm s?c và quy?t g?n bó thu? chung v?i ngh? Y. Ông tr? thành m?t trong nh?ng ng??i ??t n?n móng ??u tiên xây d?ng ngành ti?t ni?u nam h?c ? Vi?t Nam và góp ph?n r?t l?n vào s? phát tri?n c?a ngành nam h?c ngày nay. '), 'CK0001', N'?ang công tác', NULL , 'tqa28');
INSERT INTO BACSI VALUES ('BS0029', N'Tr?n Anh V?', N'Nam', N'Null', 'BS0029.png' , TO_NCLOB('ThS.BS.CKII Tr?n Anh V? t?t nghi?p Th?c s? Ch?n th??ng ch?nh hình, ??i h?c Y D??c TP. HCM, t?ng tu nghi?p t?i Pháp và Tây Ban Nha ?? nâng cao ki?n th?c và k? n?ng trong l?nh v?c Ch?n th??ng ch?nh hình. Bác s? Anh V? ?ã ?i?u tr? thành công cho r?t nhi?u tr??ng h?p g?p ph?i các ch?n th??ng th? thao t? nh? ??n nghiêm tr?ng, giúp b?nh nhân ph?c h?i nhanh chóng và tr? l?i v?i ?am mê th? thao.\nBác s? Anh V? có th?i gian 5 n?m làm vi?c t?i khoa Ch?n th??ng ch?nh hình, B?nh vi?n Nguy?n Tri Ph??ng (TP. HCM) tr??c khi gia nh?p B?nh vi?n ?a khoa Tâm Anh TP. HCM v?i vai trò Tr??ng khoa Y h?c th? thao và N?i soi, Trung tâm Ch?n th??ng Ch?nh hình.'), 'CK0002', N'?ang công tác', NULL , 'tav29');
INSERT INTO BACSI VALUES ('BS0030', N'H? Th? Khánh Quyên', N'N?', N'Null', 'BS0030.png' , TO_NCLOB('BS.CKI H? Th? Khánh Quyên t?t nghi?p và nh?n B?ng chuyên khoa c?p I S?n Ph? khoa t?i ??i h?c Y D??c C?n Th?. Ngoài ra, bác s? còn ??t ???c các ch?ng nh?n v? ph?u thu?t n?i soi c? b?n trong ph? khoa, soi c? t? cung, k? thu?t b?m tinh trùng vào bu?ng t? cung, c?y và rút que tránh thai IMPLANON NXT và là h?i viên h?i N?i ti?t sinh s?n và Vô sinh TPHCM (HOSREM). V?i 14 n?m kinh nghi?m làm vi?c t?i b?nh vi?n ?a Khoa t?nh Kiên Giang và b?nh vi?n ?a khoa Hoàn M? Sài Gòn cùng ph??ng châm ??ng c? g?ng tr? thành ng??i thành công, hãy c? g?ng là ng??i có giá tr?, bác s? Khánh Quyên luôn n? l?c ?? t?n tay chào ?ón nh?ng thiên th?n bé nh? và mang l?i ni?m h?nh phúc cho các s?n ph?.'), 'CK0003', N'?ang công tác', NULL , 'htkq30');
INSERT INTO BACSI VALUES ('BS0031', N'Nguy?n Quang Nh?t', N'Nam', N'Null', 'BS0031.png' , TO_NCLOB('Xu?t thân t? ??i h?c Y D??c Hu?, BS.CKI Nguy?n Quang Nh?t có g?n 10 n?m kinh nghi?m trong l?nh v?c khám và ?i?u tr? S?n Ph? khoa t?i các b?nh vi?n nh? b?nh vi?n ?a khoa t?nh ??ng Nai và b?nh vi?n ?a khoa Hoàn M? Sài Gòn. V?i nh?ng kinh nghi?m tích l?y ???c trong quá trình h?c t?p và làm vi?c, bác s? Quang Nh?t ?ã ph?u thu?t thành công ca n?i soi c?p c?u v? thai ngoài t? cung ?o?n k?, song thai IVF.\nTham gia ngành y v?i mong mu?n ???c c?ng hi?n cho xã h?i, bác s? Quang Nh?t luôn không ng?ng h?c h?i và c?p nh?t nh?ng ph??ng pháp y khoa tiên ti?n ?? h? tr? các thai ph? có m?t thai k? kh?e m?nh và tr?i nghi?m v??t c?n an toàn. Bác s? Quang Nh?t ?ang là h?i viên h?i N?i ti?t sinh s?n và Vô sinh TP.HCM  HOSREM.'), 'CK0004', N'?ang công tác', NULL , 'nqn31');
INSERT INTO BACSI VALUES ('BS0032', N'?ào Tr?n Ti?n', N'Nam', N'Null', 'BS0032.png' , TO_NCLOB('Sau khi t?t nghi?p bác s? n?i trú t?i ??i h?c Y Hà N?i, v?i ni?m ?am mê và tâm huy?t ??i v?i l?nh v?c tiêu hóa, BS ?ào Tr?n Ti?n ti?p t?c tham gia nhi?u khóa ?ào t?o chuyên sâu trong và ngoài n??c v? các k? thu?t can thi?p ?i?u tr? b?nh lý Tiêu hóa  Gan m?t  T?y. Trong ?ó có các k? thu?t hi?n ??i nh? n?i soi ?i?u tr? ung th? d? dày s?m và c?t c? th?t th?c qu?n (POEM), ?ào t?o c?m tay N?i soi can thi?p Tiêu hoá nâng cao (ESD)\nBác s? Ti?n có th? m?nh trong ch?n ?oán, ?i?u tr? các b?nh lý th?c qu?n, d? dày, ??i tràng, b?nh lý v? gan, ???ng m?t, t?y; làm ch? k? thu?t n?i soi can thi?p ?i?u tr? xu?t huy?t tiêu hóa, c?t c? th?c qu?n, c?t ung th? s?m; s? d?ng n?i soi m?t tu? ng??c dòng trong ch?n ?oán và ?i?u tr? các b?nh lý ???ng m?t, ?ng t?y, và túi m?t\n??ng th?i, bác s? Ti?n c?ng tích c?c tham gia nghiên c?u khoa h?c và là tác gi? c?a nhi?u công trình nghiên c?u có tính th?c ti?n cao. V?i nh?ng c?ng hi?n không ng?ng ngh? ?ó, bác s? ?ào Tr?n Ti?n ?ã nh?n ???c b?ng khen c?a B? Y t?, b?ng khen Chi?n s? thi ?ua c?p c? s? t?i B?nh vi?n B?ch Mai'), 'CK0005', N'?ang công tác', NULL , 'dtt32');
INSERT INTO BACSI VALUES ('BS0033', N'Hà Th? Loan', N'N?', N'Null', 'BS0033.png' , TO_NCLOB('N?m 2015, bác s? Hà Th? Loan t?t nghi?p chuyên ngành Bác s? ?a khoa t?i tr??ng ??i h?c Y d??c Thái Nguyên. V?i tinh th?n h?c h?i nâng cao chuyên môn nh?m hoàn thi?n b?n thân, có th? ?i?u tr? thành công nhi?u ca b?nh khó, bác s? Loan ti?p t?c h?c t?p, hoàn thành nhi?u chuyên ngành sau ??i h?c nh? H?i s?c c?p c?u, siêu âm t?ng quát, n?i soi tiêu hóa trên, n?i soi ??i tràng.\nThS.BSNT Hà Th? Loan là bác s? tr? nhi?u tâm huy?t v?i ng??i b?nh, t?n t?y v?i công vi?c khám ch?a b?nh t?i khoa Tiêu hóa  Gan M?t  T?y, B?nh vi?n ?a khoa Tâm Anh Hà N?i. Bên c?nh ?ó, bác s? luôn dành th?i gian nghiên c?u chuyên sâu. Tiêu bi?u là công trình nghiên c?u: ??c ?i?m lâm sàng, c?n lâm sàng và n?ng ?? Procalcitonin huy?t thanh ? b?nh nhân nhi?m khu?n huy?t ?i?u tr? t?i B?nh vi?n ?a khoa Trung ??ng Thái Nguyên n?m 2018.'), 'CK0006', N'?ang công tác', NULL , 'htl33');
INSERT INTO BACSI VALUES ('BS0034', N'Mai M?nh Tam', N'Nam', N'Null', 'BS0034.png' , TO_NCLOB('ThS. BS Mai M?nh Tam ???c ?ào t?o c? b?n và chuyên sâu l?nh v?c N?i  Hô H?p t?i tr??ng ??i h?c Y Hà N?i t? n?m 2003, có nhi?u kinh nghi?m trong th?m khám và ?i?u tr? b?nh. Th?i gian h?c t?p t?i National Center for Global Health and Medicine (NCGM  Nh?t B?n) giúp Bác s? Mai M?nh Tam ?u th? phát tri?n k? thu?t n?i soi ph? qu?n.\nBác s? Mai M?nh Tam ?ã ?óng góp nhi?u ?? tài, công trình nghiên c?u khoa h?c, vinh d? nh?n ???c gi?i th??ng Chi?n s? thi ?ua do S? Y t? trao t?ng.'), 'CK0007', N'?ang công tác', NULL , 'mmt34');
INSERT INTO BACSI VALUES ('BS0035', N'Lã Quý H??ng', N'N?', N'Null', 'BS0035.png' , TO_NCLOB('BSNT Lã Quý H??ng là bác s?  tr? ???c ?ào t?o chuyên bi?t  h? Bác s? N?i trú, chuyên ngành N?i khoa t?i m?t trong nh?ng tr??ng ??i h?c v? Y l?n nh?t c? n??c  ??i h?c Y Hà N?i và th?c t?p t?i B?nh vi?n ??i h?c Ajou (Hàn Qu?c). \nLà bác s? v?ng vàng v? chuyên môn t?i chuyên khoa N?i Hô h?p, bác s? Lã Quý H??ng ?? l?i ?n t??ng t?t cho ng??i b?nh trong su?t quá trình theo dõi tình tr?ng s?c kh?e khi th?m khám, ?i?u tr? t?i b?nh vi?n.\nNgoài ra, BSNT Lã Quý H??ng th??ng xuyên tham gia các khóa ?ào t?o c? b?n c?ng nh? nâng cao trong và ngoài n??c ?? c?p nh?t các ki?n th?c y khoa m?i. BS H??ng là thành viên tích c?c c?a H?i Hô h?p Vi?t Nam, H?i Hô h?p Hà N?i và H?i Y h?c Gi?c ng? Vi?t Nam.'), 'CK0008', N'?ang công tác', NULL , 'lqh35');
INSERT INTO BACSI VALUES ('BS0036', N'Nguy?n V?n Ngân', N'Nam', N'Null', 'BS0036.png' , TO_NCLOB('V?i nhi?u n?m kinh nghi?m trong l?nh v?c N?i t?ng h?p và công tác t?i b?nh vi?n tuy?n ??u c?a c? n??c, BSNT. Nguy?n V?n Ngân ?ã ?i?u tr? thành công hàng tr?m ca b?nh hô h?p ph? bi?n nh?: Viêm ph? qu?n, viêm ph?i, COPD, hen ph? qu?n, ung th? ph?i, c?ng nh? các b?nh hô h?p chuyên sâu nh?: Lao, b?nh tích protein ph? nang, viêm ph?i k?, x? ph?i vô c?n, Sarcoidosis, \nLà thành viên tích c?c c?a H?i hô h?p Vi?t Nam, H?i hô h?p Hà N?i, H?i hô h?p Thành ph? H? Chí Minh, BS Nguy?n V?n Ngân luôn d?n ??u trong các ho?t ??ng, h?i th?o v? chuyên môn, c?p nh?t nh?ng k? thu?t m?i và ?ng d?ng linh ho?t, sáng t?o trong vi?c ?i?u tr? cho ng??i b?nh m?t cách hi?u qu? nh?t. '), 'CK0009', N'?ang công tác', NULL , 'nvn36');
INSERT INTO BACSI VALUES ('BS0037', N'??ng Thành ?ô', N'Nam', N'Null', 'BS0037.png' , TO_NCLOB('ThS.BSNT. ??ng Thành ?ô t?t nghi?p xu?t s?c t?i tr??ng ?H Y Hà N?i v?i nhi?u thành tích ?áng n?. Là m?t trong nh?ng bác s? tr? ???c ?ánh giá cao v? chuyên môn, bác s? ??ng Thành ?ô ???c gi? l?i gi?ng d?y t?i ??i h?c Y Hà N?i, ?ây c?ng là c? h?i ?? bác s? truy?n l?a ?am mê và nhi?t huy?t c?ng hi?n cho nhi?u th? h? sinh viên.\nTrong su?t quá trình khám ch?a b?nh t?i các c? s? y t? ??u ngành c?a c? n??c, BS ?ô ?ã th?m khám và ?i?u tr? thành công hàng nghìn ca b?nh m?c các b?nh lý hô h?p, ??c bi?t là b?nh Ph?i t?c ngh?n m?n tính. \nNgoài ra, BS ?ô luôn dành nhi?u th?i gian và tâm huy?t ?? gi?i ?áp th?c m?c, t? v?n giúp ng??i b?nh nhanh chóng c?i thi?n các v?n ?? s?c kh?e.'), 'CK0001', N'?ang công tác', NULL , 'dtd37');
INSERT INTO BACSI VALUES ('BS0038', N'Thân Th? Ng?c Lan', N'N?', N'Null', 'BS0038.png' , TO_NCLOB('V?i nhi?u n?m kinh nghi?m th?c ti?n tích l?y t?i các b?nh vi?n l?n, ThS.BSNT. Thân Th? Ng?c Lan ???c các chuyên gia ??u ngành ?ánh giá cao v? trình ?? chuyên môn c?ng nh? nhi?t huy?t v?i công tác khám ch?a b?nh. Không ch? d?ng l?i ? trong n??c, ThS.BSNT Ng?c Lan còn tham gia nhi?u ?ào t?o khoa h?c liên ??i h?c Pháp  Vi?t v? ph??ng pháp ch?n ?oán và ?i?u tr? b?nh lý hô h?p. \nV?i h?n 10 n?m h?c t?p và công tác, bác s? Thân Th? Ng?c Lan ?ã gi?i quy?t ???c nhi?u v?n ?? s?c kh?e cho ng??i b?nh trong l?nh v?c hô h?p. Luôn t?n tâm, chu ?áo v?i t?ng ng??i b?nh, Ths.BSNT. Ng?c Lan tr? thành l?a ch?n tin c?y ???c nhi?u ng??i b?nh khi ??n th?m khám và ?i?u tr? t?i Khoa N?i Hô h?p, B?nh vi?n ?a Khoa Tâm Anh Hà N?i.'), 'CK0002', N'?ang công tác', NULL , 'ttnl38');
INSERT INTO BACSI VALUES ('BS0039', N'Tr?n Duy H?ng', N'Nam', N'Null', 'BS0039.png' , TO_NCLOB('T?t nghi?p Tr??ng ??i h?c Y Hà N?i (2018)  ??n v? ?ào t?o y khoa hàng ??u c? n??c, bác s? Tr?n Duy H?ng ti?p t?c tham gia ch??ng trình ?ào t?o Bác s? N?i trú. Sau 3 n?m h?c t?p, rèn luy?n, bác s? Tr?n Duy H?ng ?ã xu?t s?c hoàn thành khóa h?c và công tác t?i khoa Hô h?p, B?nh vi?n ?a khoa Tâm Anh Hà N?i.\nLà ng??i ??y nhi?t huy?t, ?am mê v?i công vi?c, không qu?n ng?i khó kh?n th? thách, bác s? Tr?n Duy H?ng ?ã tích c?c tham gia công tác phòng ch?ng và h? tr? ?i?u tr? ng??i b?nh Covid-19 trong ??t d?ch b?nh bùng phát nghiêm tr?ng, giúp không ít b?nh nhân kh?i b?nh tr? v? v?i gia ?ình.\nBác s? Tr?n Duy H?ng còn dành nhi?u th?i gian nghiên c?u sâu v? ph??ng pháp ch?n ?oán, ?i?u tr? hi?u qu? các b?nh lý ???ng hô h?p ? ng??i l?n, không ng?ng c?p nh?t các ki?n th?c m?i ?? áp d?ng trong th?c ti?n khám ch?a b?nh.'), 'CK0003', N'?ang công tác', NULL , 'tdh39');
INSERT INTO BACSI VALUES ('BS0040', N'C?n Tuy?t Nga', N'N?', N'Null', 'BS0040.png' , TO_NCLOB('D??c s? C?n Tuy?t Nga t?t nghi?p xu?t s?c ??i h?c D??c Piatigorsk (C?ng hòa Liên Bang Nga). V?i mong mu?n nâng cao chuyên môn, trau d?i ki?n th?c, d??c s? Nga tr? v? Vi?t Nam, ti?p t?c tham gia nghiên c?u và ???c c?p b?ng ti?n s? t?i ??i h?c D??c Hà N?i.\nV?i h?n 30 n?m công tác trong ngành Y D??c, TS.DS C?n Tuy?t Nga t?ng ??m nhi?m nhi?u v? trí quan tr?ng t?i B?nh vi?n B?ch Mai nh? Phó khoa D??c (2013  2018), Tr??ng khoa D??c (2019  2020). T?i ?ây, TS Nga ?ã t? ch?c ho?t ??ng d??c lâm sàng, thông tin các lo?i thu?c, góp ph?n giúp ng??i b?nh s? d?ng thu?c an toàn, h?p lý, hi?u qu?.\nTrong quá trình công tác, TS.DS C?n Tuy?t Nga ?ã tham gia xây d?ng và tri?n khai thành công ?ng d?ng ph?n m?m c?nh báo các v?n ?? liên quan ??n thu?c khi kê ??n thu?c ngo?i trú t?i b?nh vi?n B?ch Mai (là m?t trong nh?ng ??n v? ??u tiên ??a ra ý t??ng và phát tri?n ???c ph?n m?m c?nh báo khi kê ??n)'), 'CK0004', N'?ang công tác', NULL , 'ctn40');
INSERT INTO BACSI VALUES ('BS0041', N'Tr?n ??c H?u', N'Nam', N'Null', 'BS0041.png' , TO_NCLOB('Bác s? H?u ???c ?ào t?o chuyên ngành Nhi khoa t?i tr??ng ??i h?c Y Nhi Leningrad, Liên xô. Sau khi t?t nghi?p, bác s? ti?p t?c th?c t?p sau ??i h?c t?i tr??ng, tích l?y kinh nghi?m th?m khám và ?i?u tr? cho các b?nh nhi. Bác s? H?u ?ã có h?n 30 n?m kinh nghi?m trong chuyên ngành Nhi khoa.\nBên c?nh công tác chuyên môn, bác s? Tr?n ??c H?u dành th?i gian tham d? nhi?u khóa ?ào t?o nâng cao chuyên môn và báo cáo t?i các h?i ngh? khoa h?c trong n??c và qu?c t? chuyên ngành Nhi, chuyên ngành Nhi Ung th?. ??ng th?i bác s? là gi?ng viên th?nh gi?ng c?a B? môn Nhi, ??i h?c Y Hà N?i trong nhi?u n?m, tham gia vào công tác ?ào t?o sau ??i h?c.'), 'CK0005', N'?ang công tác', NULL , 'tdh41');
INSERT INTO BACSI VALUES ('BS0042', N'Lê Th? Lan Anh', N'N?', N'Null', 'BS0042.png' , TO_NCLOB('B?ng chuyên môn v?ng ch?c cùng b? dày kinh nghi?m 20 n?m v? Nhi khoa, ThS.BSNT Lê Th? Lan Anh ???c nhi?u b? m? ?ánh giá mát tay trong th?m khám và ?i?u tr? các b?nh lý ? tr? nh?. S? c?n th?n, nh? nhàng c?a bác s? Lan Anh là ?i?u mà các b?c ph? huynh hoàn toàn an tâm và tin t??ng.\nBác s? Lan Anh t?t nghi?p ??i h?c Y Hà N?i và ti?p t?c ?ào t?o chuyên sâu v? Th?c s?, Bác s? n?i trú chuyên khoa Nhi. Trong su?t th?i gian c?ng hi?n cho ngành Y, bác s? Lan Anh luôn không ng?ng hoàn thi?n chuyên môn v? k? n?ng, tham gia nghiên c?u, c?p nh?t các k? thu?t, ph??ng pháp m?i.\nKhông ch? là tác gi? c?a nhi?u ?? án nghiên c?u giá tr?, bác s? Lan Anh c?ng là g??ng m?t quen thu?c trong nhi?u ch??ng trình v? s?c kh?e v?i vai trò chuyên gia t? v?n và là H?i viên H?i Nhi khoa Vi?t Nam.'), 'CK0006', N'?ang công tác', NULL , 'ltla42');
INSERT INTO BACSI VALUES ('BS0043', N'Nguy?n V?n Lan', N'Nam', N'Null', 'BS0043.png' , TO_NCLOB('V?i 15 n?m kinh nghi?m trong ngành Ch?n ?oán hình ?nh, BSCKI Nguy?n V?n Lan  Phó khoa Ch?n ?oán hình ?nh, B?nh vi?n ?a khoa Tâm Anh, Hà N?i ?ã ?ng d?ng các k? thu?t tiên ti?n vào ch?n ?oán, giúp phát hi?n s?m các b?nh lý, h? tr? bác s? ?i?u tr? ??a ra phác ?? ?i?u tr? s?m và hi?u qu? cho ng??i b?nh.\nNgay sau khi t?t nghi?p Bác s? Y khoa t?i ??i h?c Y Thái Bình, ông ?ã ??u quân cho B?nh vi?n ?a khoa t?nh Hà T?nh. Sau 10 n?m gi? vai trò bác s? ?a khoa, ti?p xúc v?i nhi?u b?nh nhân, tr?i nghi?m khám ch?a b?nh th?c t?, ông nh?n ra vi?c ch?n ?oán b?nh chính xác, k?p th?i gi? vai trò quan tr?ng, là y?u t? tiên quy?t trong ?i?u tr? b?t k? lo?i b?nh nào. Th?u hi?u t?m quan tr?ng ?ó, cùng khát khao mu?n c?u ch?a nhi?u b?nh nhân, bác s? Nguy?n V?n Lan ti?p t?c theo h?c Bác s? chuyên khoa I  Chuyên ngành Ch?n ?oán hình ?nh và t?t nghi?p vào n?m 2005. 2 n?m sau ?ó, ông nh?n ???c Ch?ng ch? An toàn b?c x? trong X-quang y t? và ti?p t?c ??t nhi?u thành t?u trong l?nh v?c ch?n ?oán hình ?nh, ?óng góp cho s? phát tri?n c?a y h?c n??c nhà.'), 'CK0007', N'?ang công tác', NULL , 'nvl43');
INSERT INTO BACSI VALUES ('BS0044', N'Lê V?n Khánh', N'Nam', N'Null', 'BS0044.png' , TO_NCLOB('V?i g?n 10 n?m kinh nghi?m và t?ng công tác t?i các b?nh vi?n tuy?n ??u c?a c? n??c trong l?nh v?c Ch?n ?oán hình ?nh và ?i?n quang can thi?p, BSCKII. BSNT Lê V?n Khánh ?ã th?c hi?n thành công hàng nghìn ca ??t sóng cao t?n RFA tuy?n giáp, th?c hi?n nút m?ch thành trong u x? t? cung, u x? tuy?n ti?n li?t và ??c bi?t k? thu?t nút t?nh m?ch th?ng tinh trong tr??ng h?p vô sinh hi?m mu?n.\nMong mu?n trau d?i ki?n th?c, k? n?ng, nâng cao chuyên môn ngh? nghi?p, BSNT Lê V?n Khánh nhi?t tình tham gia nhi?u khóa h?c chuyên sâu t?i Hàn Qu?c nh?: c?t u hút u vú chân không VABB, ??t sóng cao t?ng RFA tuy?n giáp BS Khánh còn dành th?i gian nghiên c?u các công trình liên quan ??n Ch?n ?oán hình ?nh và ?i?n quang can thi?p, vinh d? ???c ??ng t?i các công trình có giá tr? th?c ti?n trên t?p chí trong và ngoài n??c. \nNh? nh?ng c?ng hi?n h?t mình trong công tác khám ch?a b?nh và nghiên c?u khoa h?c, BS Khánh ???c lãnh ??o vi?n và ??ng nghi?p ?ánh giá cao v? chuyên môn, nhi?t huy?t v?i công vi?c, h?t mình vì ng??i b?nh.'), 'CK0008', N'?ang công tác', NULL , 'lvk44');
INSERT INTO BACSI VALUES ('BS0045', N'Lê Nguy?t Minh', N'N?', N'Null', 'BS0045.png' , TO_NCLOB('BS.CKII Lê Nguy?t Minh ?ã có h?n 10 n?m kinh nghi?m trong l?nh v?c ch?n ?oán hình ?nh và can thi?p ?i?n quang. T?t nghi?p ??i h?c Y Hà N?i  m?t trong nh?ng môi tr??ng ?ào t?o y khoa danh ti?ng nh?t c? n??c, Bác s? Minh ti?p t?c tham gia thêm nhi?u ch??ng trình ?ào t?o chuyên sâu t? các tr??ng ??i h?c n?i ti?ng th? gi?i nh? ch?ng ch? DFMSA t?i Tr??ng ??i h?c Clermont Auvergne (Pháp), ?ào t?o ch?n ?oán hình ?nh t?i B?nh vi?n ??i h?c San Antonio (M?), ch?ng ch? sinh thi?t vú có h? tr? hút chân không (VABB) t?i Seoul (Hàn Qu?c)\nDành h?t th?i gian và tâm huy?t c?a mình cho l?nh v?c ch?n ?oán hình ?nh và can thi?p vú  t?nh m?ch, Bác s? Minh không ch? xu?t s?c trong ho?t ??ng khám ch?a b?nh, mà còn ?óng góp xây d?ng nên nhi?u công trình nghiên c?u khoa h?c có giá tr? l?n trong và ngoài n??c. Tiêu bi?u nh? công trình Nghiên c?u ??c ?i?m hình ?nh suy t?nh m?ch chi d??i t?i B?nh vi?n B?ch Mai ??ng trên T?p chí Y h?c th?c hành n?m 2017, báo cáo Các li?u pháp gi?m nh? trong ?i?u tr? suy giãn t?nh m?ch  kinh nghi?m c?a Vi?t Nam t?i ??i h?i Can thi?p ung th? Châu Á  Thái Bình D??ng l?n th? 6 (2017)'), 'CK0009', N'?ang công tác', NULL , 'lnm45');
INSERT INTO BACSI VALUES ('BS0046', N'Qu?ng Th? Bính Thìn', N'N?', N'Null', 'BS0046.png' , TO_NCLOB('Bác s? Qu?n Th? Bính Thìn có g?n 20 n?m công tác trong l?nh v?c y khoa, chuyên khoa Ch?n ?oán hình ?nh. Nh?ng kinh nghi?m ?úc k?t ???c trong quá trình h?c t?p và khám ch?a b?nh ?ã giúp Bác s? Bính Thìn ??a ra nh?ng ?ánh giá chính xác khi th?c hi?n các ch?n ?oán lâm sàng cho b?nh nhân. ?ây chính là c? s? giúp bác s? phát hi?n b?nh k?p th?i và ??a ra ph??ng án ?i?u tr? hi?u qu?. '), 'CK0001', N'?ang công tác', NULL , 'qtbt46');
INSERT INTO BACSI VALUES ('BS0047', N'Ph?m Thanh Xuân', N'N?', N'Null', 'BS0047.png' , TO_NCLOB('Là m?t trong nh?ng ng??i ??u tiên ??t n?n móng xây d?ng khoa Nhi tr? thành khoa m?i nh?n c?a B?nh vi?n ?a Khoa Tâm Anh Hà N?i và là khoa v? tinh c?a B?nh vi?n Nhi Trung ??ng, BS.CKII Ph?m Thanh Xuân không ch? ???c các b?nh nhân yêu m?n b?i s? nh? nhàng, ?m áp mà còn nh?n ???c s? kính tr?ng c?a các ??ng nghi?p b?i tính quy?t ?oán, m?nh m? bên trong s? nh? nhàng c?a m?t bác s? Nhi khoa.\nG?n 40 n?m tu?i ngh?, bác s? Thanh Xuân ?ã ??ng hành cùng hàng tri?u b?nh nhi, hàng tri?u tr??ng h?p ?ã ???c ?i?u tr? thành công. Ch?a bao gi? ng?ng ?am mê, sau th?i gian công tác t?i b?nh vi?n, bác s? Thanh Xuân luôn dành tâm huy?t ?? tìm tòi, nghiên c?u và trau d?i ki?n th?c chuyên môn.\nKhông ch? chú tr?ng công tác chuyên môn, bác s? Thanh Xuân còn tích c?c tham gia công tác gi?ng d?y, tâm huy?t v?i s? nghi?p truy?n l?a ?am mê cho các th? h? bác s? tr?. ??i v?i bác s? Thanh Xuân, giáo d?c y t? là ph?i nhìn v? c?i ngu?n, y t? ph?i g?n v?i tri th?c và thái ?? ?ng x? c?a con ng??i, do ?ó trong công tác gi?ng d?y c?ng nh? khi th?c hi?n vai trò khám ch?a b?nh, bác s? Thanh Xuân luôn ?? cao kinh nghi?m s?ng, thái ?? ph?c v? b?nh nhân, ??c bi?t là th?u hi?u và thích nghi v?i nh?ng ?i?u ki?n th?c t?, cho dù là khó kh?n và thi?u th?n nh?t.\nH?n n?a ??i ng??i g?n bó v?i m?i duyên n? Nhi khoa, bác s? Thanh Xuân ?ã xu?t s?c giành ???c nhi?u thành tích n?i b?t, trong ?ó có nhi?u danh hi?u thi ?ua và b?ng khen c?a B? Y t?.'), 'CK0002', N'?ang công tác', NULL , 'ptx47');
INSERT INTO BACSI VALUES ('BS0048', N'Phan Th? Ph??ng Th?o', N'N?', N'Null', 'BS0048.png' , TO_NCLOB('Thân thi?n, chuyên nghi?p, t?n tâm là nh?ng tính t? n?i b?t mà ??ng nghi?p và b?nh nhân nói v? ThS.BS.CKII Phan Th? Ph??ng Th?o. H?n 29 n?m g?n bó v?i ngh? y, ni?m vui c?a bác s? Ph??ng Th?o là nhìn th?y n? c??i hài lòng c?a b?nh nhân. M?i ngày ??n b?nh vi?n, bác s? Ph??ng Th?o ??u c?m th?y h?nh phúc h?n khi b?nh nhân có ti?n tri?n tích c?c, h?i ph?c kh?e m?nh. \n??i v?i bác s? Ph??ng Th?o, ?i?u tr? cho b?nh nhân không ch? là xây d?ng phác ?? phù h?p, theo dõi sát sao quá trình ch?a tr?; mà còn ? s? t? v?n t?n tình, c? ch? nh? nhàng, quan sát t?ng chút và l?u tâm ??n c? nh?ng ?i?u nh? ? b?nh nhân. ?i?u này giúp bác s? g?n g?i h?n và b?nh nhân có th? ??t tr?n ni?m tin ? ng??i bác s?. \nHi?n t?i, ThS.BS.CKII Phan Th? Ph??ng Th?o v?n không ng?ng nâng cao ki?n th?c ?? phát huy các ?u th? trong ?i?u tr?. Là bác s? n?i tim m?ch giàu kinh nghi?m, bác s? Ph??ng Th?o ?u tiên l?a ch?n ph??ng án ch?a tr? t?i ?u v?i chi phí phù h?p cho b?nh nhân.'), 'CK0003', N'?ang công tác', NULL , 'ptpt48');
INSERT INTO BACSI VALUES ('BS0049', N'Nguy?n Qu?c Khánh', N'Nam', N'Null', 'BS0049.png' , TO_NCLOB('H?n 30 n?m g?n bó v?i ngh? y, ThS.BS Nguy?n Qu?c Khánh luôn mi?t mài nghiên c?u, h?c t?p ?? nâng cao trình ?? chuyên môn trong khám, ch?n ?oán b?nh và ??a ra nh?ng quy?t ??nh ?úng ??n ?? chi?n th?ng nh?ng ca b?nh khó, c?u s?ng ng??i b?nh.\nTr? v? n??c sau nhi?u n?m tu nghi?p ? n??c ngoài, ThS.BS Nguy?n Qu?c Khánh v?a ??m nh?n công tác t?i Khoa tim m?ch B?nh vi?n 19-8 B? Công an v?a ti?p t?c theo h?c bác s? chuyên khoa và cao h?c t?i H?c vi?n Quân Y. Luôn b?n r?n, c?ng th?ng và nhi?u áp l?c, nh?ng khi ?ã bén duyên và yêu quý ngh? là ngu?n ??ng l?c ?? tôi v??t lên t?t c? và g?n bó ??n t?n bây gi? và c? sau này n?a., bác s? Nguy?n Qu?c Khánh chia s?. \nCó l? c?ng chính vì v?y mà trong ng?n ?y n?m theo nghi?p Y khoa, Ths.BS Nguy?n Qu?c Khánh ???c nh?c nh? không ch? v? cái tâm, cái tài c?a ng??i th?y thu?c mà còn v? m?t t?m g??ng trau d?i chuyên môn, v?i nh?ng công trình nghiên c?u có giá tr? cao, trong ?ó nhiê?u ?ê? ta?i khoa ho?c c?a bác s? ?ã ????c a?p d?ng vào th?c ti?n.'), 'CK0004', N'?ang công tác', NULL , 'nqk49');
INSERT INTO BACSI VALUES ('BS0050', N'D??ng Công L?nh', N'Nam', N'Null', 'BS0050.png' , TO_NCLOB('ThS.BSNT D??ng Công L?nh v??t qua k? sát h?ch kh?t khe ?? tr? thành Bác s? n?i trú chuyên ngành N?i Tim m?ch t?i Tr??ng ??i h?c Y Hà N?i. \n??t ph??ng châm dùng trái tim ?? b?o v? trái tim lên ??u, ThS.BSNT D??ng Công L?nh không ng?ng h?c h?i và áp d?ng nh?ng k? thu?t, ph??ng pháp tr? li?u m?i giúp cho b?nh nhân b?o v? s?c kh?e c?a mình tr??c nh?ng nguy hi?m c?a b?nh tim m?ch. Không ch? là bác s? gi?i chuyên môn, ?am mê sáng t?o và có tinh th?n trách nhi?m, bác s? L?nh còn tích c?c tham gia công tác t? v?n khám ch?a cho b?nh nhân. \nB?ng y ??c và tài n?ng c?a mình, bác s? L?nh ???c r?t nhi?u b?nh nhân và ng??i nhà tin t??ng. Hi?n t?i Bác s? L?nh ?ang công tác t?i Khoa Tim m?ch, BV?K Tâm Anh Hà N?i.'), 'CK0005', N'?ang công tác', NULL , 'dcl50');

INSERT INTO HOCVIBACSI VALUES ('BS0001', 'TS');
INSERT INTO HOCVIBACSI VALUES ('BS0002', 'TS');
INSERT INTO HOCVIBACSI VALUES ('BS0002', 'BS.CKII');
INSERT INTO HOCVIBACSI VALUES ('BS0003', 'THS');
INSERT INTO HOCVIBACSI VALUES ('BS0003', 'BS.CKI');
INSERT INTO HOCVIBACSI VALUES ('BS0004', 'DS');
INSERT INTO HOCVIBACSI VALUES ('BS0005', 'THS');
INSERT INTO HOCVIBACSI VALUES ('BS0005', 'BSNT');
INSERT INTO HOCVIBACSI VALUES ('BS0007', 'BS.CKII');
INSERT INTO HOCVIBACSI VALUES ('BS0008', 'THS');
INSERT INTO HOCVIBACSI VALUES ('BS0008', 'BS');
INSERT INTO HOCVIBACSI VALUES ('BS0009', 'BS.CKI');
INSERT INTO HOCVIBACSI VALUES ('BS0010', 'TS');
INSERT INTO HOCVIBACSI VALUES ('BS0010', 'BS');
INSERT INTO HOCVIBACSI VALUES ('BS0011', 'TS');
INSERT INTO HOCVIBACSI VALUES ('BS0011', 'BS');
INSERT INTO HOCVIBACSI VALUES ('BS0012', 'TS');
INSERT INTO HOCVIBACSI VALUES ('BS0012', 'BS');
INSERT INTO HOCVIBACSI VALUES ('BS0013', 'TS');
INSERT INTO HOCVIBACSI VALUES ('BS0013', 'BS');
INSERT INTO HOCVIBACSI VALUES ('BS0014', 'TS');
INSERT INTO HOCVIBACSI VALUES ('BS0014', 'BS');
INSERT INTO HOCVIBACSI VALUES ('BS0015', 'BS.CKII');
INSERT INTO HOCVIBACSI VALUES ('BS0016', 'BS.CKI');
INSERT INTO HOCVIBACSI VALUES ('BS0017', 'BS.CKI');
INSERT INTO HOCVIBACSI VALUES ('BS0006', 'BS');
INSERT INTO HOCVIBACSI VALUES ('BS0018', 'THS');
INSERT INTO HOCVIBACSI VALUES ('BS0018', 'BS');
INSERT INTO HOCVIBACSI VALUES ('BS0019', 'THS');
INSERT INTO HOCVIBACSI VALUES ('BS0020', 'THS');
INSERT INTO HOCVIBACSI VALUES ('BS0020', 'BS.CKII');
INSERT INTO HOCVIBACSI VALUES ('BS0021', 'BS');
INSERT INTO HOCVIBACSI VALUES ('BS0022', 'BS.CKI');
INSERT INTO HOCVIBACSI VALUES ('BS0023', 'BS.CKII');
INSERT INTO HOCVIBACSI VALUES ('BS0024', 'BS.CKII');
INSERT INTO HOCVIBACSI VALUES ('BS0025', 'THS');
INSERT INTO HOCVIBACSI VALUES ('BS0025', 'BS');
INSERT INTO HOCVIBACSI VALUES ('BS0026', 'TS');
INSERT INTO HOCVIBACSI VALUES ('BS0026', 'BS');
INSERT INTO HOCVIBACSI VALUES ('BS0027', 'TS');
INSERT INTO HOCVIBACSI VALUES ('BS0027', 'BS');
INSERT INTO HOCVIBACSI VALUES ('BS0028', 'TS');
INSERT INTO HOCVIBACSI VALUES ('BS0028', 'BS');
INSERT INTO HOCVIBACSI VALUES ('BS0029', 'TS');
INSERT INTO HOCVIBACSI VALUES ('BS0029', 'BS.CKII');
INSERT INTO HOCVIBACSI VALUES ('BS0030', 'BS.CKI');
INSERT INTO HOCVIBACSI VALUES ('BS0031', 'BS.CKI');
INSERT INTO HOCVIBACSI VALUES ('BS0032', 'THS');
INSERT INTO HOCVIBACSI VALUES ('BS0032', 'BSNT');
INSERT INTO HOCVIBACSI VALUES ('BS0033', 'THS');
INSERT INTO HOCVIBACSI VALUES ('BS0033', 'BSNT');
INSERT INTO HOCVIBACSI VALUES ('BS0034', 'THS');
INSERT INTO HOCVIBACSI VALUES ('BS0034', 'BS');
INSERT INTO HOCVIBACSI VALUES ('BS0035', 'BSNT');
INSERT INTO HOCVIBACSI VALUES ('BS0036', 'THS');
INSERT INTO HOCVIBACSI VALUES ('BS0036', 'BS');
INSERT INTO HOCVIBACSI VALUES ('BS0037', 'THS');
INSERT INTO HOCVIBACSI VALUES ('BS0037', 'BSNT');
INSERT INTO HOCVIBACSI VALUES ('BS0038', 'THS');
INSERT INTO HOCVIBACSI VALUES ('BS0038', 'BSNT');
INSERT INTO HOCVIBACSI VALUES ('BS0039', 'THS');
INSERT INTO HOCVIBACSI VALUES ('BS0039', 'BSNT');
INSERT INTO HOCVIBACSI VALUES ('BS0040', 'TS');
INSERT INTO HOCVIBACSI VALUES ('BS0040', 'DS');
INSERT INTO HOCVIBACSI VALUES ('BS0041', 'TS');
INSERT INTO HOCVIBACSI VALUES ('BS0041', 'BS');
INSERT INTO HOCVIBACSI VALUES ('BS0042', 'THS');
INSERT INTO HOCVIBACSI VALUES ('BS0042', 'BSNT');
INSERT INTO HOCVIBACSI VALUES ('BS0043', 'BS.CKI');
INSERT INTO HOCVIBACSI VALUES ('BS0044', 'BS.CKII');
INSERT INTO HOCVIBACSI VALUES ('BS0045', 'BS.CKII');
INSERT INTO HOCVIBACSI VALUES ('BS0046', 'BS.CKI');
INSERT INTO HOCVIBACSI VALUES ('BS0047', 'BS.CKII');
INSERT INTO HOCVIBACSI VALUES ('BS0048', 'THS');
INSERT INTO HOCVIBACSI VALUES ('BS0048', 'BS.CKII');
INSERT INTO HOCVIBACSI VALUES ('BS0049', 'THS');
INSERT INTO HOCVIBACSI VALUES ('BS0049', 'BS');
INSERT INTO HOCVIBACSI VALUES ('BS0050', 'THS');
INSERT INTO HOCVIBACSI VALUES ('BS0050', 'BSNT');


INSERT INTO BENHNHAN VALUES ('BN0001', N'Tr?n Tr??ng Tu?n Phát', N'Nam', N'46/6 C?ng Hòa, Ph??ng 13, Qu?n Tân Bình, TP H? Chí Minh', '1997', 'tttp1', '0226979476');
INSERT INTO BENHNHAN VALUES ('BN0002', N'Nguy?n Qu?c Thái', N'Nam', N'104 ???ng B2, Tây Th?nh, Tân Phú, Thành ph? H? Chí Minh, Vi?t Nam', '2003', 'nqt2', '0258522796');
INSERT INTO BENHNHAN VALUES ('BN0003', N'?? Huy Ng?c Trinh', N'N?', N'202 ?. Tr??ng ??nh, T??ng Mai, Hai Bà Tr?ng, Hà N?i', '1996', 'dhnt3', '0517034901');
INSERT INTO BENHNHAN VALUES ('BN0004', N'Tr??ng V?n Bích Ng?c', N'N?', N'27 Hai Bà Tr?ng, B?n Nghé, Qu?n 1, H? Chí Minh', '1978', 'tvbn4', '0012200884');
INSERT INTO BENHNHAN VALUES ('BN0005', N'Mai Quang Hà My', N'N?', N'248 Võ V?n T?n, Ph??ng 5, Qu?n 3, H? Chí Minh', '1975', 'mqhm5', '0278250452');
INSERT INTO BENHNHAN VALUES ('BN0006', N'Tri?u ??c An', N'Nam', N'20 Lê Thánh Tông, C?m S?n, H?i An, Qu?ng Nam, Vi?t Nam', '1978', 'tda6', '0127062401');
INSERT INTO BENHNHAN VALUES ('BN0007', N'Giang Phúc Quy?t', N'Nam', N'58 ngõ 79, H?u Ngh?, Hòa Bình, Vi?t Nam', '1954', 'gpq7', '0269360334');
INSERT INTO BENHNHAN VALUES ('BN0008', N'Phùng Công ?ông', N'Nam', N'404 Nguy?n S?n, Phú Th? Hoà, Tân Phú, Thành ph? H? Chí Minh, Vi?t Nam', '1987', 'pcd8', '0675041817');
INSERT INTO BENHNHAN VALUES ('BN0009', N'T?ng V?n Xuân', N'Nam', N'85 Hu?nh Ng?c Hu?, Thanh Khê ?ông, Thanh Khê, ?à N?ng 550000, Vi?t Nam', '1974', 'tvx9', '0625793114');
INSERT INTO BENHNHAN VALUES ('BN0010', N'Phùng Thành Thùy Linh', N'N?', N'45 Nguy?n Tri?u Lu?t, Khu Ph? 4, Bình Tân, Thành ph? H? Chí Minh, Vi?t Nam', '1990', 'pttl10', '0562583388');
INSERT INTO BENHNHAN VALUES ('BN0011', N'Tr??ng Minh Hà', N'N?', N'31 P. Yên Th?, V?n Mi?u, ??ng ?a, Hà N?i, Vi?t Nam', '1973', 'tmh11', '0084561757');
INSERT INTO BENHNHAN VALUES ('BN0012', N'Phù Huy Ng?c Ánh', N'N?', N'HL2, Bình Tr? ?ông A, Bình Tân, Thành ph? H? Chí Minh, Vi?t Nam', '1975', 'phna12', '0378969265');
INSERT INTO BENHNHAN VALUES ('BN0013', N'L?u Hoàng Th? H??ng', N'N?', N'28/1B Lê ?ình C?n, P, Bình Tân, Thành ph? H? Chí Minh, Vi?t Nam', '1974', 'lhth13', '0855936553');
INSERT INTO BENHNHAN VALUES ('BN0014', N'Tr?nh H?u V?', N'Nam', N'K 123 Cù Chính Lan, Hòa Khê, Thanh Khê, ?à N?ng 550000, Vi?t Nam', '2004', 'thv14', '0987157069');
INSERT INTO BENHNHAN VALUES ('BN0015', N'Vi?n Nguy?n Quang', N'Nam', N'A7/54 ???ng 1C, V?nh L?c B, Bình Chánh, Thành ph? H? Chí Minh, Vi?t Nam', '1994', 'vnq15', '0481340734');
INSERT INTO BENHNHAN VALUES ('BN0016', N'Ng?y Phúc B?o', N'Nam', N'281 P. ??i C?n, Li?u Giai, Ba ?ình, Hà N?i, Vi?t Nam', '1990', 'npb16', '0824454073');
INSERT INTO BENHNHAN VALUES ('BN0017', N'Sái Hoàng Nh?t', N'Nam', N'L?c Long Quân, Ph??ng 10, Tân Bình, Thành ph? H? Chí Minh, Vi?t Nam', '1999', 'shn17', '0226979476');
INSERT INTO BENHNHAN VALUES ('BN0018', N'Vi Th? Kiên', N'N?', N'7/3C ?. Âu C?, Ph??ng 10, Tân Bình, Thành ph? H? Chí Minh, Vi?t Nam', '1997', 'vtk18', '0083703932');
INSERT INTO BENHNHAN VALUES ('BN0019', N'Hà Th? Loan', N'N?', N'202 ?. Tô Hi?n Thành, Ph??ng 15, Qu?n 11, Thành ph? H? Chí Minh, Vi?t Nam', '1967', 'htl19', '0168823739');
INSERT INTO BENHNHAN VALUES ('BN0020', N'Cung ?ình Phú', N'Nam', N'24 Ph?m Nh? T?ng, Hòa Khê, Thanh Khê, ?à N?ng 550000, Vi?t Nam', '2017', 'cdp20', '0002620708');
INSERT INTO BENHNHAN VALUES ('BN0021', N'Tô ?ình Long', N'Nam', N'Ng. 1 800A, Ngh?a ?ô, C?u Gi?y, Hà N?i, Vi?t Nam', '1999', 'tdl21', '0258522796');
INSERT INTO BENHNHAN VALUES ('BN0022', N'Tô V?n Khang', N'Nam', N'226, ???ng Hà Huy T?p, Ph??ng Hòa Khê, Qu?n Thanh Khê, Hòa Khê, Thanh Khê, ?à N?ng, Vi?t Nam', '2021', 'tvk22', '0407658210');
INSERT INTO BENHNHAN VALUES ('BN0023', N'Cáp Hoàng Minh Châu', N'N?', N'16F/B1 Ba Tháng Hai T? 40 KP 6, Ph??ng 14, Qu?n 10, Thành ph? H? Chí Minh, Vi?t Nam', '1975', 'chmc23', '0815421991');
INSERT INTO BENHNHAN VALUES ('BN0024', N'Trình Quang Thái', N'Nam', N'237 ?. C?u Gi?y, D?ch V?ng, C?u Gi?y, Hà N?i, Vi?t Nam', '1961', 'tqt24', '0841478808');
INSERT INTO BENHNHAN VALUES ('BN0025', N'Ng?y Hoàng Tu?n', N'Nam', N'249 Hà Huy T?p, Hòa Khê, Thanh Khê, ?à N?ng 550000, Vi?t Nam', '1965', 'nht25', '0552702699');
INSERT INTO BENHNHAN VALUES ('BN0026', N'Tô Hoàng Vy', N'N?', N'578 ?. Nguy?n Chí Thanh, Ph??ng 7, Qu?n 5, Thành ph? H? Chí Minh, Vi?t Nam', '1984', 'thv26', '0619899167');
INSERT INTO BENHNHAN VALUES ('BN0027', N'Nguy?n Ng?c Phong', N'Nam', N'25 Ngõ 329 C?u Gi?y, D?ch V?ng, C?u Gi?y, Hà N?i 100000, Vi?t Nam', '1979', 'nnp27', '0766638154');
INSERT INTO BENHNHAN VALUES ('BN0028', N'Tri?u Phúc Thái', N'Nam', N'C4 C? Xá Phú Th? Hoà, Ph??ng 10, Tân Bình, Thành ph? H? Chí Minh, Vi?t Nam', '1976', 'tpt28', '0785467500');
INSERT INTO BENHNHAN VALUES ('BN0029', N'Ti?t Hoàng Thùy Linh', N'N?', N'36 Xuân Th?y, D?ch V?ng H?u, C?u Gi?y, Hà N?i, Vi?t Nam', '1980', 'thtl29', '0457679418');
INSERT INTO BENHNHAN VALUES ('BN0030', N'Phí Nguy?n Ng?c Lan', N'N?', N'99B Thái Bình, Ph??ng 4, Tân Bình, Thành ph? H? Chí Minh, Vi?t Nam', '1986', 'pnnl30', '0246071750');
INSERT INTO BENHNHAN VALUES ('BN0031', N'Võ Hoàng Vi?t', N'Nam', N'36/23 H?m 36 ??ng Kh?i, Ph??ng 4, Tân Bình, Thành ph? H? Chí Minh, Vi?t Nam', '2016', 'vhv31', '0345324336');
INSERT INTO BENHNHAN VALUES ('BN0032', N'Hàm Th? V?n', N'Nam', N'203 Nguy?n V?n Linh, TT. Núi Thành, Núi Thành, Qu?ng Nam 550000, Vi?t Nam', '1992', 'htv32', '0201493281');
INSERT INTO BENHNHAN VALUES ('BN0033', N'??ch Th? Qu?nh Nga', N'N?', N'104 ???ng B2, Tây Th?nh, Tân Phú, Thành ph? H? Chí Minh, Vi?t Nam', '1963', 'dtqn33', '0544045347');
INSERT INTO BENHNHAN VALUES ('BN0034', N'L?u Thành V?n', N'Nam', N'33 ?. Hoàng Di?u, Ph??ng 12, Qu?n 4, Thành ph? H? Chí Minh 700000, Vi?t Nam', '1974', 'ltv34', '0250832780');
INSERT INTO BENHNHAN VALUES ('BN0035', N'Giang V?n Vy', N'Nam', N'28 Hàm Nghi, B?n Nghé, Qu?n 1, Thành ph? H? Chí Minh 700000, Vi?t Nam', '2004', 'gvv35', '0072349208');
INSERT INTO BENHNHAN VALUES ('BN0036', N'??ng Th? Hà My', N'N?', N'71-73-75 Hai Bà Tr?ng, Street, Qu?n 1, Thành ph? H? Chí Minh, Vi?t Nam', '1956', 'dthm36', '0332378390');
INSERT INTO BENHNHAN VALUES ('BN0037', N'Vi Phúc Thanh H??ng', N'N?', N'59 ngõ 79, H?u Ngh?, Hòa Bình, Vi?t Nam', '2006', 'vpth37', '0472037078');
INSERT INTO BENHNHAN VALUES ('BN0038', N'Cung Hoàng Ng?c Trinh', N'N?', N'Ngõ 30 ???ng Ph?m V?n ??ng, Mai D?ch, B?c T? Liêm, Hà N?i 10000, Vi?t Nam', '1997', 'chnt38', '0703461097');
INSERT INTO BENHNHAN VALUES ('BN0039', N'Viên Th? Th?ng', N'Nam', N'405 Nguy?n S?n, Phú Th? Hoà, Tân Phú, Thành ph? H? Chí Minh, Vi?t Nam', '1955', 'vtt39', '0704383494');
INSERT INTO BENHNHAN VALUES ('BN0040', N'Lý H?u Trí', N'Nam', N'86 Hu?nh Ng?c Hu?, Thanh Khê ?ông, Thanh Khê, ?à N?ng 550000, Vi?t Nam', '1979', 'lht40', '0204581339');
INSERT INTO BENHNHAN VALUES ('BN0041', N'?? V?n Ng?c Di?p', N'N?', N'46 Nguy?n Tri?u Lu?t, Khu Ph? 4, Bình Tân, Thành ph? H? Chí Minh, Vi?t Nam', '1956', 'dvnd41', '0809874862');
INSERT INTO BENHNHAN VALUES ('BN0042', N'Ngô ?ình Hoa', N'N?', N'32 P. Yên Th?, V?n Mi?u, ??ng ?a, Hà N?i, Vi?t Nam', '1996', 'ndh42', '0143825471');
INSERT INTO BENHNHAN VALUES ('BN0043', N'Mã V?n Thu', N'Nam', N'HL2, Bình Tr? ?ông A, Bình Tân, Thành ph? H? Chí Minh, Vi?t Nam', '1998', 'mvt43', '0282318547');
INSERT INTO BENHNHAN VALUES ('BN0044', N'??u Anh B?o', N'Nam', N'28/1B Lê ?ình C?n, P, Bình Tân, Thành ph? H? Chí Minh, Vi?t Nam', '1979', 'dab44', '0579532527');
INSERT INTO BENHNHAN VALUES ('BN0045', N'T? Hoàng Tu?n', N'Nam', N'K 123 Cù Chính Lan, Hòa Khê, Thanh Khê, ?à N?ng 550000, Vi?t Nam', '1955', 'tht45', '0895025939');
INSERT INTO BENHNHAN VALUES ('BN0046', N'Mai V?n Ph??ng', N'Nam', N'A7/54 ???ng 1C, V?nh L?c B, Bình Chánh, Thành ph? H? Chí Minh, Vi?t Nam', '1965', 'mvp46', '0342615880');
INSERT INTO BENHNHAN VALUES ('BN0047', N'Khúc Thành Anh', N'Nam', N'282 P. ??i C?n, Li?u Giai, Ba ?ình, Hà N?i, Vi?t Nam', '1979', 'kta47', '0746131570');
INSERT INTO BENHNHAN VALUES ('BN0048', N'Ph?m Huy Ng?c Ánh', N'N?', N'L?c Long Quân, Ph??ng 10, Tân Bình, Thành ph? H? Chí Minh, Vi?t Nam', '1990', 'phna48', '0122983232');
INSERT INTO BENHNHAN VALUES ('BN0049', N'Ôn Th? Trung', N'N?', N'7/3C ?. Âu C?, Ph??ng 10, Tân Bình, Thành ph? H? Chí Minh, Vi?t Nam', '2008', 'ott49', '0825794952');
INSERT INTO BENHNHAN VALUES ('BN0050', N'Nhâm Duy Loan', N'N?', N'203 ?. Tô Hi?n Thành, Ph??ng 15, Qu?n 11, Thành ph? H? Chí Minh, Vi?t Nam', '1969', 'ndl50', '0746554697');
INSERT INTO BENHNHAN VALUES ('BN0051', N'Khúc Hoàng Phúc', N'Nam', N'25 Ph?m Nh? T?ng, Hòa Khê, Thanh Khê, ?à N?ng 550000, Vi?t Nam', '2018', 'khp51', '0282437723');
INSERT INTO BENHNHAN VALUES ('BN0052', N'Phù V?n Thanh H??ng', N'N?', N'Ng. 1 800A, Ngh?a ?ô, C?u Gi?y, Hà N?i, Vi?t Nam', '1950', 'pvth52', '0795438089');
INSERT INTO BENHNHAN VALUES ('BN0053', N'Tôn Công Hà', N'Nam', N'226, ???ng Hà Huy T?p, Ph??ng Hòa Khê, Qu?n Thanh Khê, Hòa Khê, Thanh Khê, ?à N?ng, Vi?t Nam', '2016', 'tch53', '0163671750');
INSERT INTO BENHNHAN VALUES ('BN0054', N'?àm Ng?c Y?n', N'N?', N'16F/B1 Ba Tháng Hai T? 40 KP 6, Ph??ng 14, Qu?n 10, Thành ph? H? Chí Minh, Vi?t Nam', '2015', 'dny54', '0571144640');
INSERT INTO BENHNHAN VALUES ('BN0055', N'Doãn Anh Minh Tu?n', N'Nam', N'238 ?. C?u Gi?y, D?ch V?ng, C?u Gi?y, Hà N?i, Vi?t Nam', '1971', 'damt55', '0102831102');
INSERT INTO BENHNHAN VALUES ('BN0056', N'Tô Hoài Hoa', N'N?', N'250 Hà Huy T?p, Hòa Khê, Thanh Khê, ?à N?ng 550000, Vi?t Nam', '1983', 'thh56', '0167098927');
INSERT INTO BENHNHAN VALUES ('BN0057', N'Lâm V?n Linh', N'Nam', N'579 ?. Nguy?n Chí Thanh, Ph??ng 7, Qu?n 5, Thành ph? H? Chí Minh, Vi?t Nam', '1996', 'lvl57', '0342984493');
INSERT INTO BENHNHAN VALUES ('BN0058', N'Hà Công Tân', N'Nam', N'26 Ngõ 329 C?u Gi?y, D?ch V?ng, C?u Gi?y, Hà N?i 100000, Vi?t Nam', '1997', 'hct58', '0097678943');
INSERT INTO BENHNHAN VALUES ('BN0059', N'Tr?nh Th? Hoàng', N'N?', N'C4 C? Xá Phú Th? Hoà, Ph??ng 10, Tân Bình, Thành ph? H? Chí Minh, Vi?t Nam', '2005', 'tth59', '0329960334');
INSERT INTO BENHNHAN VALUES ('BN0060', N'Mai Phúc Long', N'Nam', N'37 Xuân Th?y, D?ch V?ng H?u, C?u Gi?y, Hà N?i, Vi?t Nam', '1963', 'mpl60', '0578597387');
INSERT INTO BENHNHAN VALUES ('BN0061', N'Tôn V?n Kim', N'Nam', N'99B Thái Bình, Ph??ng 4, Tân Bình, Thành ph? H? Chí Minh, Vi?t Nam', '1986', 'tvk61', '0342880951');
INSERT INTO BENHNHAN VALUES ('BN0062', N'Cù H?u Nh?t', N'Nam', N'36/23 H?m 36 ??ng Kh?i, Ph??ng 4, Tân Bình, Thành ph? H? Chí Minh, Vi?t Nam', '2003', 'chn62', '0812499826');
INSERT INTO BENHNHAN VALUES ('BN0063', N'Qu?n V?n ??c', N'Nam', N'204 Nguy?n V?n Linh, TT. Núi Thành, Núi Thành, Qu?ng Nam 550000, Vi?t Nam', '2000', 'qvd63', '0245767912');
INSERT INTO BENHNHAN VALUES ('BN0064', N'Phù ?ình Thúy', N'N?', N'105 ???ng B2, Tây Th?nh, Tân Phú, Thành ph? H? Chí Minh, Vi?t Nam', '1978', 'pdt64', '0307214330');
INSERT INTO BENHNHAN VALUES ('BN0065', N'Kh?c Quang Ánh', N'Nam', N'34 ?. Hoàng Di?u, Ph??ng 12, Qu?n 4, Thành ph? H? Chí Minh 700000, Vi?t Nam', '2007', 'kqa65', '0877856155');
INSERT INTO BENHNHAN VALUES ('BN0066', N'Vi Huy Lan', N'N?', N'Ngõ 30 ???ng Ph?m V?n ??ng, Mai D?ch, B?c T? Liêm, Hà N?i 10000, Vi?t Nam', '2014', 'vhl66', '0629774350');
INSERT INTO BENHNHAN VALUES ('BN0067', N'Khúc Thanh Phúc', N'Nam', N'29 Hàm Nghi, B?n Nghé, Qu?n 1, Thành ph? H? Chí Minh 700000, Vi?t Nam', '1957', 'ktp67', '0153774013');
INSERT INTO BENHNHAN VALUES ('BN0068', N'Tô ?ình Huy?n Trang', N'N?', N'71-73-75 Hai Bà Tr?ng, Street, Qu?n 1, Thành ph? H? Chí Minh, Vi?t Nam', '1959', 'tdht68', '0116182693');
INSERT INTO BENHNHAN VALUES ('BN0069', N'Ng?y Thanh Thành', N'N?', N'60 ngõ 79, H?u Ngh?, Hòa Bình, Vi?t Nam', '1986', 'ntt69', '0459534966');
INSERT INTO BENHNHAN VALUES ('BN0070', N'Sái Th? Kim', N'N?', N'406 Nguy?n S?n, Phú Th? Hoà, Tân Phú, Thành ph? H? Chí Minh, Vi?t Nam', '1978', 'stk70', '0883251224');
INSERT INTO BENHNHAN VALUES ('BN0071', N'Bùi Phúc Quang', N'Nam', N'87 Hu?nh Ng?c Hu?, Thanh Khê ?ông, Thanh Khê, ?à N?ng 550000, Vi?t Nam', '1972', 'bpq71', '0614822096');
INSERT INTO BENHNHAN VALUES ('BN0072', N'Tôn Huy Lâm', N'Nam', N'47 Nguy?n Tri?u Lu?t, Khu Ph? 4, Bình Tân, Thành ph? H? Chí Minh, Vi?t Nam', '1975', 'thl72', '0429727318');
INSERT INTO BENHNHAN VALUES ('BN0073', N'V??ng V?n Th?ng', N'Nam', N'33 P. Yên Th?, V?n Mi?u, ??ng ?a, Hà N?i, Vi?t Nam', '1969', 'vvt73', '0304378000');
INSERT INTO BENHNHAN VALUES ('BN0074', N'Tr?m Hoài Phúc', N'Nam', N'HL2, Bình Tr? ?ông A, Bình Tân, Thành ph? H? Chí Minh, Vi?t Nam', '1998', 'thp74', '0310541533');
INSERT INTO BENHNHAN VALUES ('BN0075', N'Bùi Th? Phúc', N'N?', N'K 123 Cù Chính Lan, Hòa Khê, Thanh Khê, ?à N?ng 550000, Vi?t Nam', '2003', 'btp75', '0787096071');
INSERT INTO BENHNHAN VALUES ('BN0076', N'Lâm Hoài Thùy Linh', N'N?', N'28/1B Lê ?ình C?n, P, Bình Tân, Thành ph? H? Chí Minh, Vi?t Nam', '2005', 'lhtl76', '0706015508');
INSERT INTO BENHNHAN VALUES ('BN0077', N'V?n Nguy?n Y?n', N'N?', N'A7/54 ???ng 1C, V?nh L?c B, Bình Chánh, Thành ph? H? Chí Minh, Vi?t Nam', '1981', 'vny77', '0313692775');
INSERT INTO BENHNHAN VALUES ('BN0078', N'Ki?u Nguy?n Thanh Th?o', N'N?', N'283 P. ??i C?n, Li?u Giai, Ba ?ình, Hà N?i, Vi?t Nam', '1999', 'kntt78', '0910926390');
INSERT INTO BENHNHAN VALUES ('BN0079', N'V?n Huy Ng?c Mai', N'N?', N'L?c Long Quân, Ph??ng 10, Tân Bình, Thành ph? H? Chí Minh, Vi?t Nam', '1974', 'vhnm79', '0193535313');
INSERT INTO BENHNHAN VALUES ('BN0080', N'Khúc Hoài Khánh', N'Nam', N'7/3C ?. Âu C?, Ph??ng 10, Tân Bình, Thành ph? H? Chí Minh, Vi?t Nam', '2001', 'khk80', '0241786228');
INSERT INTO BENHNHAN VALUES ('BN0081', N'Tôn ??c Minh', N'Nam', N'46/1A ?? Nhu?n, S?n K?, Tân Phú, TP.HCM', '1986', 'tdm81', '0174511089');
INSERT INTO BENHNHAN VALUES ('BN0082', N'?àm Công Ng?c Trinh', N'N?', N'16 P. Nguy?n Quang Bích. C?a ?ông. Hoàn Ki?m. Hà N?i 10000. Vi?t Nam', '1956', 'dcnt82', '0140441630');
INSERT INTO BENHNHAN VALUES ('BN0083', N'Khúc Quang Ng?c Y?n', N'N?', N'88 Lê V?n Duy?t, ?a Kao, Qu?n 1, Thành ph? H? Chí Minh, Vi?t Nam', '1956', 'kqny83', '0898999040');
INSERT INTO BENHNHAN VALUES ('BN0084', N'Nông Phúc Hà', N'Nam', N'21 5 Tháng 6, T? dân ph? s? 16, Th? xã Lai Châu, Lai Châu, Vi?t Nam', '1977', 'nph84', '0008201235');
INSERT INTO BENHNHAN VALUES ('BN0085', N'Cáp Thành Long', N'Nam', N'107 Minh Khai, Ph? M?i, Lào Cai, Vi?t Nam', '1973', 'ctl85', '0146292469');
INSERT INTO BENHNHAN VALUES ('BN0086', N'Ôn V?n Long', N'Nam', N'876 Tr?n Cao Vân, Thanh Khê ?ông, Thanh Khê, ?à N?ng, Vi?t Nam', '1981', 'ovl86', '0476426220');
INSERT INTO BENHNHAN VALUES ('BN0087', N'Nhâm Hoàng Ng?c Di?p', N'N?', N'Ng. 34 P. Hào Nam, Ch? D?a, ??ng ?a, Hà N?i, Vi?t Nam', '2002', 'nhnd87', '0120215526');
INSERT INTO BENHNHAN VALUES ('BN0088', N'Vi?n Thành Mai Ph??ng', N'N?', N'164 Nguy?n Thông, Bình Tâm, Tân An, Long An, Vi?t Nam', '1957', 'vtmp88', '0410554823');
INSERT INTO BENHNHAN VALUES ('BN0089', N'Kh?ng Thanh ??c', N'Nam', N'108 Thái Bình, Tr?n T? X??ng, TP. Nam ??nh, Nam ??nh, Vi?t Nam', '2017', 'ktd89', '0208293459');
INSERT INTO BENHNHAN VALUES ('BN0090', N'Mã V?n Ng?c Y?n', N'N?', N'573 ?i?n Biên Ph?, Thanh Khê ?ông, Thanh Khê, ?à N?ng 550000, Vi?t Nam', '2000', 'mvny90', '0550821125');
INSERT INTO BENHNHAN VALUES ('BN0091', N'Phú Phúc Ng?c Mai', N'N?', N'79 ?. La Thành, Ch? D?a, ??ng ?a, Hà N?i, Vi?t Nam', '1971', 'ppnm91', '0608019402');
INSERT INTO BENHNHAN VALUES ('BN0092', N'Châu Anh Gia Hân', N'N?', N'198 Nguy?n L??ng B?ng, Quang Trung, ??ng ?a, Hà N?i, Vi?t Nam', '2024', 'cagh92', '0780329453');
INSERT INTO BENHNHAN VALUES ('BN0093', N'Kh?ng Hoàng Thái', N'Nam', N'12 Hà Li?u, Ph.Gia C?m, Thành ph? Vi?t Trì, Phú Th?, Vi?t Nam', '2003', 'kht93', '0506997384');
INSERT INTO BENHNHAN VALUES ('BN0094', N'Duy Th? Th?o', N'N?', N'112 ?. ?inh Tiên Hoàng, ?a Kao, Qu?n 1, Thành ph? H? Chí Minh, Vi?t Nam', '1975', 'dtt94', '0168753181');
INSERT INTO BENHNHAN VALUES ('BN0095', N'Bàng Minh Di?u', N'Nam', N'9 ?. Phan ??ng L?u, Ph??ng 3, Bình Th?nh, Thành ph? H? Chí Minh, Vi?t Nam', '2012', 'bmd95', '0052062068');
INSERT INTO BENHNHAN VALUES ('BN0096', N'Kh?i Công Qu?c', N'Nam', N'12 N? Trang Long, Ph??ng 14, Bình Th?nh, Thành ph? H? Chí Minh, Vi?t Nam', '2003', 'kcq96', '0277797848');
INSERT INTO BENHNHAN VALUES ('BN0097', N'Thi Tu?n Hoài', N'Nam', N'90 Ph?m V?n ??ng, Ngh?a Chánh B?c, Qu?ng Ngãi, Vi?t Nam', '2010', 'tth97', '0918765429');
INSERT INTO BENHNHAN VALUES ('BN0098', N'?ng Hoàng V?', N'Nam', N'1 ?. Phan ??ng L?u, ph??ng 03, Bình Th?nh, Thành ph? H? Chí Minh 72300, Vi?t Nam', '1998', 'uhv98', '0801991858');
INSERT INTO BENHNHAN VALUES ('BN0099', N'Tiêu Th? B?o', N'N?', N'105 Hai Bà Tr?ng, Ph??ng 3, Qu?ng Tr?, Vi?t Nam', '1982', 'ttb99', '0987497170');
INSERT INTO BENHNHAN VALUES ('BN0100', N'Tiêu ??c Thùy Linh', N'N?', N'10 Lê Thánh Tông, Th?ng L?i, Thành ph? Buôn Ma Thu?t, ??k L?k, Vi?t Nam', '2005', 'tdtl100', '0063082928');
INSERT INTO BENHNHAN VALUES ('BN0101', N'Ph?m Huy Tùng', N'Nam', N'122 Nguy?n L??ng B?ng, Quang Trung, ??ng ?a, Hà N?i, Vi?t Nam', '2003', 'pht101', '0269628526');
INSERT INTO BENHNHAN VALUES ('BN0102', N'Lê Tu?n Tuy?t', N'N?', N'258 Cù Chính Lan, Thanh Khê ?ông, Thanh Khê, ?à N?ng 550000, Vi?t Nam', '1981', 'ltt102', '0797282312');
INSERT INTO BENHNHAN VALUES ('BN0103', N'Bi?n Huy Ng?c Di?p', N'N?', N'199 P. V??ng Th?a V?, Kh??ng Trung, Thanh Xuân, Hà N?i, Vi?t Nam', '1957', 'bhnd103', '0407458673');
INSERT INTO BENHNHAN VALUES ('BN0104', N'D??ng Tu?n Hà Thu', N'Nam', N'132 ?T848, Ph??ng An Hoà, Sa ?éc, ??ng Tháp, Vi?t Nam', '1967', 'dtht104', '0829992479');
INSERT INTO BENHNHAN VALUES ('BN0105', N'Nông Thanh Ti?n', N'Nam', N'87P1 ?. Lê V?n Duy?t, Ph??ng 3, Bình Th?nh, Thành ph? H? Chí Minh 700000, Vi?t Nam', '2018', 'ntt105', '0173226779');
INSERT INTO BENHNHAN VALUES ('BN0106', N'Ti?t V?n Hoài', N'Nam', N'24 B?ch ??ng, P. Nguy?n Trãi, Hà Giang, Vi?t Nam', '1985', 'tvh106', '0396977682');
INSERT INTO BENHNHAN VALUES ('BN0107', N'Phú Th?nh Thùy Linh', N'N?', N'164 / 44 P. V??ng Th?a V?, Kh??ng Trung, Thanh Xuân, Hà N?i, Vi?t Nam', '1970', 'pttl107', '0930946142');
INSERT INTO BENHNHAN VALUES ('BN0108', N'??ng Minh B?o', N'Nam', N'5 Nguy?n Tri Ph??ng, Quán Thánh, Ba ?ình, Hà N?i, Vi?t Nam', '1960', 'dmb108', '0325594507');
INSERT INTO BENHNHAN VALUES ('BN0109', N'Tr?nh Huy Qu?c', N'Nam', N'745 Tr?n Cao Vân, Thanh Khê ?ông, H?i Châu, ?à N?ng, Vi?t Nam', '1986', 'thq109', '0305927970');
INSERT INTO BENHNHAN VALUES ('BN0110', N'Kh?ng Quang Ánh', N'Nam', N'1/2 Phó ??c Chính, Ph??ng 1, Bình Th?nh, Thành ph? H? Chí Minh, Vi?t Nam', '2017', 'kqa110', '0971753833');
INSERT INTO BENHNHAN VALUES ('BN0111', N'Bi?n V?n Vy', N'N?', N'93 Bà Tri?u, P. Thanh Trung, Thành ph? H?i D??ng, H?i D??ng, Vi?t Nam', '2001', 'bvv111', '0775722224');
INSERT INTO BENHNHAN VALUES ('BN0112', N'Châu Hoài Loan', N'N?', N'8 Lê Quang ??nh, Ph??ng 14, Bình Th?nh, Thành ph? H? Chí Minh, Vi?t Nam', '1994', 'chl112', '0516178668');
INSERT INTO BENHNHAN VALUES ('BN0113', N'Vi Hoài ??c', N'Nam', N'58 ngõ 79, H?u Ngh?, Hòa Bình, Vi?t Nam', '1964', 'vhd113', '0102625379');
INSERT INTO BENHNHAN VALUES ('BN0114', N'Bùi V?n Phú', N'Nam', N'404 Nguy?n S?n, Phú Th? Hoà, Tân Phú, Thành ph? H? Chí Minh, Vi?t Nam', '1985', 'bvp114', '0095123285');
INSERT INTO BENHNHAN VALUES ('BN0115', N'Tri Thanh Quy?t', N'Nam', N'85 Hu?nh Ng?c Hu?, Thanh Khê ?ông, Thanh Khê, ?à N?ng 550000, Vi?t Nam', '2001', 'ttq115', '0421335164');
INSERT INTO BENHNHAN VALUES ('BN0116', N'V??ng Th? Tùng', N'N?', N'45 Nguy?n Tri?u Lu?t, Khu Ph? 4, Bình Tân, Thành ph? H? Chí Minh, Vi?t Nam', '1963', 'vtt116', '0894842441');
INSERT INTO BENHNHAN VALUES ('BN0117', N'Chu Tu?n Ng?c Mai', N'N?', N'31 P. Yên Th?, V?n Mi?u, ??ng ?a, Hà N?i, Vi?t Nam', '1982', 'ctnm117', '0129522753');
INSERT INTO BENHNHAN VALUES ('BN0118', N'?oàn Tu?n Y?n', N'N?', N'HL2, Bình Tr? ?ông A, Bình Tân, Thành ph? H? Chí Minh, Vi?t Nam', '1977', 'dty118', '0199215687');
INSERT INTO BENHNHAN VALUES ('BN0119', N'Bàng Th? Ph??ng Anh', N'N?', N'28/1B Lê ?ình C?n, P, Bình Tân, Thành ph? H? Chí Minh, Vi?t Nam', '1964', 'btpa119', '0097803805');
INSERT INTO BENHNHAN VALUES ('BN0120', N'??u V?n Thùy Linh', N'N?', N'K 123 Cù Chính Lan, Hòa Khê, Thanh Khê, ?à N?ng 550000, Vi?t Nam', '2017', 'dvtl120', '0337004353');
INSERT INTO BENHNHAN VALUES ('BN0121', N'Thi Quang Khánh', N'Nam', N'A7/54 ???ng 1C, V?nh L?c B, Bình Chánh, Thành ph? H? Chí Minh, Vi?t Nam', '1990', 'tqk121', '0318165951');
INSERT INTO BENHNHAN VALUES ('BN0122', N'Ki?u Th? Vy', N'N?', N'281 P. ??i C?n, Li?u Giai, Ba ?ình, Hà N?i, Vi?t Nam', '1950', 'ktv122', '0214533954');
INSERT INTO BENHNHAN VALUES ('BN0123', N'Chu Hoài Khánh', N'Nam', N'L?c Long Quân, Ph??ng 10, Tân Bình, Thành ph? H? Chí Minh, Vi?t Nam', '2002', 'chk123', '0381252162');
INSERT INTO BENHNHAN VALUES ('BN0124', N'Kh?ng V?n Ng?c Mai', N'N?', N'7/3C ?. Âu C?, Ph??ng 10, Tân Bình, Thành ph? H? Chí Minh, Vi?t Nam', '1996', 'kvnm124', '0797527593');
INSERT INTO BENHNHAN VALUES ('BN0125', N'Ki?u Ng?c Trung', N'N?', N'202 ?. Tô Hi?n Thành, Ph??ng 15, Qu?n 11, Thành ph? H? Chí Minh, Vi?t Nam', '1975', 'knt125', '0370920560');
INSERT INTO BENHNHAN VALUES ('BN0126', N'Th?ch Ng?c Trang', N'N?', N'24 Ph?m Nh? T?ng, Hòa Khê, Thanh Khê, ?à N?ng 550000, Vi?t Nam', '1995', 'tnt126', '0214711316');
INSERT INTO BENHNHAN VALUES ('BN0127', N'Hà Ng?c Minh', N'N?', N'Ng. 1 800A, Ngh?a ?ô, C?u Gi?y, Hà N?i, Vi?t Nam', '1992', 'hnm127', '0552750061');
INSERT INTO BENHNHAN VALUES ('BN0128', N'Bùi Duy Long', N'Nam', N'226, ???ng Hà Huy T?p, Ph??ng Hòa Khê, Qu?n Thanh Khê, Hòa Khê, Thanh Khê, ?à N?ng, Vi?t Nam', '2017', 'bdl128', '0728386149');
INSERT INTO BENHNHAN VALUES ('BN0129', N'Th?ch Thành Khánh', N'Nam', N'16F/B1 Ba Tháng Hai T? 40 KP 6, Ph??ng 14, Qu?n 10, Thành ph? H? Chí Minh, Vi?t Nam', '1995', 'ttk129', '0881852173');
INSERT INTO BENHNHAN VALUES ('BN0130', N'V??ng Th?nh Thùy Linh', N'N?', N'237 ?. C?u Gi?y, D?ch V?ng, C?u Gi?y, Hà N?i, Vi?t Nam', '2014', 'vttl130', '0184216450');
INSERT INTO BENHNHAN VALUES ('BN0131', N'Kh?ng Ng?c H?i', N'N?', N'249 Hà Huy T?p, Hòa Khê, Thanh Khê, ?à N?ng 550000, Vi?t Nam', '1987', 'knh131', '0877204484');
INSERT INTO BENHNHAN VALUES ('BN0132', N'Nghiêm Nguy?n Ti?n', N'Nam', N'578 ?. Nguy?n Chí Thanh, Ph??ng 7, Qu?n 5, Thành ph? H? Chí Minh, Vi?t Nam', '1958', 'nnt132', '0366631894');
INSERT INTO BENHNHAN VALUES ('BN0133', N'Ng?y ?ình Ng?c Di?p', N'N?', N'25 Ngõ 329 C?u Gi?y, D?ch V?ng, C?u Gi?y, Hà N?i 100000, Vi?t Nam', '1971', 'ndnd133', '0921963284');
INSERT INTO BENHNHAN VALUES ('BN0134', N'D? Hoài Phú', N'Nam', N'C4 C? Xá Phú Th? Hoà, Ph??ng 10, Tân Bình, Thành ph? H? Chí Minh, Vi?t Nam', '1989', 'dhp134', '0327263296');
INSERT INTO BENHNHAN VALUES ('BN0135', N'D? ?ình Tr??ng', N'Nam', N'36 Xuân Th?y, D?ch V?ng H?u, C?u Gi?y, Hà N?i, Vi?t Nam', '2017', 'ddt135', '0008666947');
INSERT INTO BENHNHAN VALUES ('BN0136', N'Tôn Minh Nhung', N'N?', N'99B Thái Bình, Ph??ng 4, Tân Bình, Thành ph? H? Chí Minh, Vi?t Nam', '1953', 'tmn136', '0490479215');
INSERT INTO BENHNHAN VALUES ('BN0137', N'Hà Tu?n Ngân', N'N?', N'36/23 H?m 36 ??ng Kh?i, Ph??ng 4, Tân Bình, Thành ph? H? Chí Minh, Vi?t Nam', '2002', 'htn137', '0556593193');
INSERT INTO BENHNHAN VALUES ('BN0138', N'Bàng V?n Th?o', N'Nam', N'203 Nguy?n V?n Linh, TT. Núi Thành, Núi Thành, Qu?ng Nam 550000, Vi?t Nam', '1977', 'bvt138', '0767181270');
INSERT INTO BENHNHAN VALUES ('BN0139', N'?ng Huy Bình', N'Nam', N'104 ???ng B2, Tây Th?nh, Tân Phú, Thành ph? H? Chí Minh, Vi?t Nam', '1988', 'hb139', '0940025221');
INSERT INTO BENHNHAN VALUES ('BN0140', N'??ng V?n Thuý', N'N?', N'33 ?. Hoàng Di?u, Ph??ng 12, Qu?n 4, Thành ph? H? Chí Minh 700000, Vi?t Nam', '1982', 'dvt140', '0669925124');
INSERT INTO BENHNHAN VALUES ('BN0141', N'T?ng Quang Tùng', N'Nam', N'Ngõ 30 ???ng Ph?m V?n ??ng, Mai D?ch, B?c T? Liêm, Hà N?i 10000, Vi?t Nam', '1993', 'tqt141', '0689185491');
INSERT INTO BENHNHAN VALUES ('BN0142', N'??u Thành Hoàng', N'Nam', N'28 Hàm Nghi, B?n Nghé, Qu?n 1, Thành ph? H? Chí Minh 700000, Vi?t Nam', '1995', 'dth142', '0602859364');
INSERT INTO BENHNHAN VALUES ('BN0143', N'Giang Phúc Gia Hân', N'N?', N'71-73-75 Hai Bà Tr?ng, Street, Qu?n 1, Thành ph? H? Chí Minh, Vi?t Nam', '1992', 'gpgh143', '0501315147');
INSERT INTO BENHNHAN VALUES ('BN0144', N'Phú ?ình Nguyên', N'Nam', N'368 ?. Hùng V??ng. Ph??ng 3. Tân An. Long An. Vi?t Nam', '2014', 'pdn144', '0133548778');
INSERT INTO BENHNHAN VALUES ('BN0145', N'T?ng Th?nh Trung', N'Nam', N'H55 Nguy?n Th? Ngh?a, Ph??ng 2, Thành ph? ?à L?t, Lâm ??ng 66109, Vi?t Nam', '1986', 'ttt145', '0987988405');
INSERT INTO BENHNHAN VALUES ('BN0146', N'Mai Tu?n Tùng', N'Nam', N'92 Tr??ng Th? Sáu, Ph??ng 3, Tân An, Long An, Vi?t Nam', '1995', 'mtt146', '0633642440');
INSERT INTO BENHNHAN VALUES ('BN0147', N'M?c Thành Th?ng', N'Nam', N'???ng N3, L?c Hoà, TP. Nam ??nh, Nam ??nh, Vi?t Nam', '1989', 'mtt147', '0361601677');
INSERT INTO BENHNHAN VALUES ('BN0148', N'Viên Công Quy?t', N'Nam', N'S? 40 ??i l? Xô Vi?t Ngh?, Nghi Phú, Thành ph? Vinh, Ngh? An, Vi?t Nam', '1950', 'vcq148', '0791969015');
INSERT INTO BENHNHAN VALUES ('BN0149', N'??ng Tu?n Phúc', N'Nam', N'89 ???ng Ninh Tôn, Ninh Phú, Ninh Bình, 08000, Vi?t Nam', '2000', 'dtp149', '0108364118');
INSERT INTO BENHNHAN VALUES ('BN0150', N'??i ??c Th?ng', N'Nam', N'1E Th?ng Nh?t, ?ài S?n, Phan Rang-Tháp Chàm, Ninh Thu?n, Vi?t Nam', '1977', 'ddt150', '0090471097');
INSERT INTO BENHNHAN VALUES ('BN0151', N'Tôn Thành Hà', N'Nam', N'98C6+H48, Hy C??ng, Thành ph? Vi?t Trì, Phú Th?, Vi?t Nam', '2010', 'tth151', '0504886113');
INSERT INTO BENHNHAN VALUES ('BN0152', N'Tô Hoàng ??t', N'Nam', N'154 ?. Nguy?n Trãi, Ph??ng 5, Tuy Hòa, Phú Yên 56100, Vi?t Nam', '1986', 'thd152', '0397588978');
INSERT INTO BENHNHAN VALUES ('BN0153', N'Khúc V?n Nh?t', N'Nam', N'5RX7+MGF, M? Thu?, L? Th?y, Qu?ng Bình, Vi?t Nam', '1994', 'kvn153', '0573964998');
INSERT INTO BENHNHAN VALUES ('BN0154', N'Tài Ng?c Hà', N'N?', N'V7F9+36 ?i?n Bàn, Qu?ng Nam, Vi?t Nam', '1994', 'tnh154', '0056185883');
INSERT INTO BENHNHAN VALUES ('BN0155', N'Phí Th?nh Ng?c Lan', N'N?', N'4VHF+MPC, Ngh?a Hà, T? Ngh?a, Qu?ng Ngãi, Vi?t Nam', '1999', 'ptnl155', '0888202438');
INSERT INTO BENHNHAN VALUES ('BN0156', N'Quách Quang H?nh', N'Nam', N'VRXH+W4H, Unnamed Road, Liên Hoà, Yên H?ng, Qu?ng Ninh, Vi?t Nam', '1971', 'qqh156', '0461544763');
INSERT INTO BENHNHAN VALUES ('BN0157', N'Tr?n V?n C??ng', N'Nam', N'WH88+45W, Hòa S?n, L??ng S?n, Hòa Bình, Vi?t Nam', '1992', 'tvc157', '0648804426');
INSERT INTO BENHNHAN VALUES ('BN0158', N'V?n Công Phúc', N'Nam', N'Nguy?n H?u Th?, Ph??ng 3, Tây Ninh, Vi?t Nam', '1953', 'vcp158', '0007611148');
INSERT INTO BENHNHAN VALUES ('BN0159', N'V?n Ng?c Thanh', N'N?', N'Ph?m Quang L?ch Lý Bôn, Ti?n Phong, Thái Bình, 61000, Vi?t Nam', '2008', 'vnt159', '0823674748');
INSERT INTO BENHNHAN VALUES ('BN0160', N'Tri H?u Lan', N'N?', N'HR8R+4X6, ?. Vi?t B?c, Phú Xá, Thành ph? Thái Nguyên, Thái Nguyên, Vi?t Nam', '1972', 'thl160', '0364480461');
INSERT INTO BENHNHAN VALUES ('BN0161', N'Cao Th? Ng?c Di?p', N'N?', N'50 Ngô ??c, TT. Nh?i, ?ông S?n, Thanh Hoá, Vi?t Nam', '1996', 'ctnd161', '0836986289');
INSERT INTO BENHNHAN VALUES ('BN0162', N'Bàng H?u Ngân', N'N?', N'38 An D??ng V??ng, An C?u, Thành ph? Hu?, Th?a Thiên Hu?, Vi?t Nam', '2012', 'bhn162', '0263426923');
INSERT INTO BENHNHAN VALUES ('BN0163', N'Cáp Hoài Lan', N'N?', N'9FP4+572, ??ng H?ng Ph??c, Ch? G?o, Ti?n Giang, Vi?t Nam', '2016', 'chl163', '0869794224');
INSERT INTO BENHNHAN VALUES ('BN0164', N'Hàm Nguy?n Thuý', N'N?', N'492f Võ V?n Ki?t, Ph??ng 1, Trà Vinh, Vi?t Nam', '1983', 'hnt164', '0905128719');
INSERT INTO BENHNHAN VALUES ('BN0165', N'T?ng Phúc H?ng Loan', N'N?', N'48 Nguy?n V?n C?, P. Minh Xuân, Tuyên Quang, Vi?t Nam', '2010', 'tphl165', '0553712241');
INSERT INTO BENHNHAN VALUES ('BN0166', N'Ôn ??c V?n', N'Nam', N'294 Nguy?n V?n Thi?t, Ph??ng 3, V?nh Long, Vi?t Nam', '1953', 'odv166', '0539684641');
INSERT INTO BENHNHAN VALUES ('BN0167', N'Phù V?n Qu?nh Nga', N'N?', N'Ngã 5 - Nguy?n T?t Thành, Tr?n Phú, Liên B?o, V?nh Yên, V?nh Phúc, Vi?t Nam', '1953', 'pvqn167', '0217947183');
INSERT INTO BENHNHAN VALUES ('BN0168', N'Khúc Hoài Thanh Th?o', N'N?', N'?á Bia, T? 4, Thành ph? Yên Bái, Yên Bái, Vi?t Nam', '1958', 'khtt168', '0976644028');
INSERT INTO BENHNHAN VALUES ('BN0169', N'Tr?nh Nguy?n Ph??ng', N'N?', N'M89M+GJ6, Phú An, Phú Tân, An Giang, Vi?t Nam', '1979', 'tnp169', '0228768349');
INSERT INTO BENHNHAN VALUES ('BN0170', N'??ch Thành ??c', N'Nam', N'783W+C27, L? C? Khí, Bình Phú, B?n Tre, Vi?t Nam', '2008', 'dtd170', '0111625667');
INSERT INTO BENHNHAN VALUES ('BN0171', N'Bàng Hoàng Phúc', N'Nam', N'376 Nguy?n An Ninh, D? An, Bình D??ng, Vi?t Nam', '1990', 'bhp171', '0243020511');
INSERT INTO BENHNHAN VALUES ('BN0172', N'??ng Thanh Quy?t', N'Nam', N'11 Hu?nh T?n Phát, ??ng ?a, Thành ph? Qui Nh?n, Bình ??nh 560000, Vi?t Nam', '1973', 'dtq172', '0835894577');
INSERT INTO BENHNHAN VALUES ('BN0173', N'Tô Th? H?i', N'N?', N'GWM6+FVW, Ph??ng Tân Thi?n, ??ng Xoài, Bình Ph??c, Vi?t Nam', '1962', 'tth173', '0046451706');
INSERT INTO BENHNHAN VALUES ('BN0174', N'Ti?t Th?nh Thùy Linh', N'N?', N'Nguy?n Minh Châu, M?i Né, Thành ph? Phan Thi?t, Bình Thu?n, Vi?t Nam', '1956', 'tttl174', '0191383193');
INSERT INTO BENHNHAN VALUES ('BN0175', N'H?a Huy Minh Tu?n', N'Nam', N'36 ?i?n Biên Ph?, ?i?n Biên, Ba ?ình, Hà N?i, Vi?t Nam', '2022', 'hhmt175', '0007319128');
INSERT INTO BENHNHAN VALUES ('BN0176', N'??i Minh Tu?n', N'Nam', N'63 ?ình Tân Khai, Bình Tr? ?ông, Bình Tân, Thành ph? H? Chí Minh, Vi?t Nam', '1955', 'dmt176', '0708439179');
INSERT INTO BENHNHAN VALUES ('BN0177', N'Tri Hoài Vy', N'N?', N'185 Bu?i Ta? Ha?n, Khuê M?, Ng? Hành S?n, ?à N?ng, Vi?t Nam', '2000', 'thv177', '0312223054');
INSERT INTO BENHNHAN VALUES ('BN0178', N'V?n Nguy?n Huy?n Trang', N'N?', N'42/4c ?. Bình Tr? ?ông, Bình Tr? ?ông, Bình Tân, Thành ph? H? Chí Minh, Vi?t Nam', '1951', 'vnht178', '0205079930');
INSERT INTO BENHNHAN VALUES ('BN0179', N'L?i Anh Thùy Linh', N'N?', N'Ng. 82 P. Kim Mã, Kim Mã, Ba ?ình, Hà N?i, Vi?t Nam', '1996', 'latl179', '0366925580');
INSERT INTO BENHNHAN VALUES ('BN0180', N'H? Phúc ??c', N'Nam', N'487 Chi?n L??c, Bình Tr? ?ông A, Bình Tân, Thành ph? H? Chí Minh, Vi?t Nam', '1999', 'hpd180', '0586063012');
INSERT INTO BENHNHAN VALUES ('BN0181', N'Tôn V?n Quân', N'Nam', N'Lô 15B3, 1 Bu?i Ta? Ha?n, Khuê M?, Ng? Hành S?n, ?à N?ng, Vi?t Nam', '1993', 'tvq181', '0038287534');
INSERT INTO BENHNHAN VALUES ('BN0182', N'?inh Huy Ng?c', N'Nam', N'65 Trung L??ng 14, Hoà Xuân, C?m L?, ?à N?ng, Vi?t Nam', '1994', 'dhn182', '0083557469');
INSERT INTO BENHNHAN VALUES ('BN0183', N'Hàm Th? Ti?n', N'Nam', N'365 ?. Tr??ng Chinh, Ph??ng 14, Tân Bình, Thành ph? H? Chí Minh, Vi?t Nam', '2017', 'htt183', '0912476437');
INSERT INTO BENHNHAN VALUES ('BN0184', N'Chu?n Huy Ng?c', N'Nam', N'143 P. ??c Ng?, Li?u Giai, Ba ?ình, Hà N?i, Vi?t Nam', '1971', 'chn184', '0318831456');
INSERT INTO BENHNHAN VALUES ('BN0185', N'Mai Phúc Hà', N'Nam', N'1888 C3 L?c Long Quân, Ph??ng 10, Tân Bình, Thành ph? H? Chí Minh, Vi?t Nam', '1961', 'mph185', '0636069548');
INSERT INTO BENHNHAN VALUES ('BN0186', N'Viên Minh Thúy', N'N?', N'281/55, Lý Th??ng Ki?t, Ph??ng 15, Qu?n 11, Ph??ng 14, Qu?n 10, Thành ph? H? Chí Minh, Vi?t Nam', '1988', 'vmt186', '0904033781');
INSERT INTO BENHNHAN VALUES ('BN0187', N'L?i Ng?c ??c', N'Nam', N'298 Lý Th??ng Ki?t, Ph??ng 14, Qu?n 11, Thành ph? H? Chí Minh, Vi?t Nam', '2013', 'lnd187', '0324760018');
INSERT INTO BENHNHAN VALUES ('BN0188', N'H? Duy Ng?c Mai', N'N?', N'104 ?. ?oàn Khuê, Khuê M?, Ng? Hành S?n, ?à N?ng, Vi?t Nam', '1982', 'hdnm188', '0422122942');
INSERT INTO BENHNHAN VALUES ('BN0189', N'Qu?n V?n Lan', N'Nam', N'36 Ngõ 68 Ph? Phùng Chí Kiên, Ngh?a ?ô, C?u Gi?y, Hà N?i, Vi?t Nam', '2020', 'qvl189', '0555501220');
INSERT INTO BENHNHAN VALUES ('BN0190', N'Lê Công Ng?c Di?p', N'N?', N'43 Lê H?u Khánh, Khuê M?, Ng? Hành S?n, ?à N?ng, Vi?t Nam', '1973', 'lcnd190', '0461071495');
INSERT INTO BENHNHAN VALUES ('BN0191', N'Trình Ng?c Y?n', N'N?', N'495 ?. Nh?t T?o, Ph??ng 7, Qu?n 10, Thành ph? H? Chí Minh, Vi?t Nam', '2012', 'tny191', '0849659371');
INSERT INTO BENHNHAN VALUES ('BN0192', N'T? Phúc Tân', N'Nam', N'30 ?. Nguy?n V?n Huyên, Quan Hoa, C?u Gi?y, Hà N?i, Vi?t Nam', '1982', 'tpt192', '0480271279');
INSERT INTO BENHNHAN VALUES ('BN0193', N'Qu?n Thành Thùy Linh', N'N?', N'79 ?. ?oàn Khuê, Khuê M?, Ng? Hành S?n, ?à N?ng, Vi?t Nam', '1963', 'qttl193', '0709906931');
INSERT INTO BENHNHAN VALUES ('BN0194', N'Chu?n Nguy?n Ng?c Lan', N'N?', N'80 ?. Châu V?n Liêm, Ph??ng 11, Qu?n 5, Thành ph? H? Chí Minh, Vi?t Nam', '1964', 'cnnl194', '0237757518');
INSERT INTO BENHNHAN VALUES ('BN0195', N'?oàn Duy Trang', N'Nam', N'38 P. Khúc Th?a D?, D?ch V?ng, C?u Gi?y, Hà N?i, Vi?t Nam', '1992', 'ddt195', '0413922535');
INSERT INTO BENHNHAN VALUES ('BN0196', N'Trình H?u Th?ng', N'Nam', N'148 Ni S? Hu?nh Liên, Ph??ng 10, Tân Bình, Thành ph? H? Chí Minh, Vi?t Nam', '2022', 'tht196', '0549765605');
INSERT INTO BENHNHAN VALUES ('BN0197', N'Tr??ng Minh Hà', N'Nam', N'135 ?. Nguy?n Phong S?c, Ngh?a Tân, C?u Gi?y, Hà N?i, Vi?t Nam', '2021', 'tmh197', '0991529016');
INSERT INTO BENHNHAN VALUES ('BN0198', N'Ph?m ?ình Lâm', N'Nam', N'110/D6 H?m 108 C?ng Hòa, Ph??ng 4, Tân Bình, Thành ph? H? Chí Minh, Vi?t Nam', '1978', 'pdl198', '0525735108');
INSERT INTO BENHNHAN VALUES ('BN0199', N'Khúc ??c Th? H??ng', N'N?', N'217 Tây Th?nh, Tân Phú, Thành ph? H? Chí Minh, Vi?t Nam', '2024', 'kdth199', '0862357649');
INSERT INTO BENHNHAN VALUES ('BN0200', N'Ng?y Phúc Vy', N'N?', N'02 Tr?n H?u ??, Khuê M?, Ng? Hành S?n, ?à N?ng, Vi?t Nam', '1977', 'npv200', '0269602688');
INSERT INTO BENHNHAN VALUES ('BN0201', N'??ch Ng?c Thanh H??ng', N'N?', N'22 Nguy?n T?t Thành, Ph??ng 12, Qu?n 4, Thành ph? H? Chí Minh, Vi?t Nam', '1990', 'dnth201', '0218872633');
INSERT INTO BENHNHAN VALUES ('BN0202', N'Cáp Quang Duy', N'Nam', N'289 Tây Th?nh, P. Phú Thu?n, Tân Phú, Thành ph? H? Chí Minh, Vi?t Nam', '1959', 'cqd202', '0610960483');
INSERT INTO BENHNHAN VALUES ('BN0203', N'Hà Nguy?n Quy?t', N'Nam', N'Ngõ 234 Hoàng Qu?c Vi?t, C? Nhu?, C?u Gi?y, Hà N?i, Vi?t Nam', '1970', 'hnq203', '0033342278');
INSERT INTO BENHNHAN VALUES ('BN0204', N'V? Huy Hà My', N'N?', N'106 ?. H? Tùng M?u, B?n Nghé, Qu?n 1, Thành ph? H? Chí Minh, Vi?t Nam', '1979', 'vhhm204', '0685536722');
INSERT INTO BENHNHAN VALUES ('BN0205', N'Doãn Hoàng Ng?c', N'Nam', N'39 ?. M?c ??nh Chi, ?a Kao, Qu?n 1, Thành ph? H? Chí Minh, Vi?t Nam', '1950', 'dhn205', '0250788805');
INSERT INTO BENHNHAN VALUES ('BN0206', N'Cù Quang Bích Ng?c', N'N?', N'58 ngõ 79, H?u Ngh?, Hòa Bình, Vi?t Nam', '1979', 'cqbn206', '0825393878');
INSERT INTO BENHNHAN VALUES ('BN0207', N'Hà Công Thanh', N'Nam', N'404 Nguy?n S?n, Phú Th? Hoà, Tân Phú, Thành ph? H? Chí Minh, Vi?t Nam', '1953', 'hct207', '0979396267');
INSERT INTO BENHNHAN VALUES ('BN0208', N'Phí Th? Tùng', N'N?', N'85 Hu?nh Ng?c Hu?, Thanh Khê ?ông, Thanh Khê, ?à N?ng 550000, Vi?t Nam', '2018', 'ptt208', '0674136815');
INSERT INTO BENHNHAN VALUES ('BN0209', N'Chu?n ??c Quy?t', N'Nam', N'45 Nguy?n Tri?u Lu?t, Khu Ph? 4, Bình Tân, Thành ph? H? Chí Minh, Vi?t Nam', '1960', 'cdq209', '0850951388');
INSERT INTO BENHNHAN VALUES ('BN0210', N'L?i Anh Hà Thu', N'N?', N'31 P. Yên Th?, V?n Mi?u, ??ng ?a, Hà N?i, Vi?t Nam', '1970', 'laht210', '0870333060');
INSERT INTO BENHNHAN VALUES ('BN0211', N'??i Th? Thanh H??ng', N'N?', N'HL2, Bình Tr? ?ông A, Bình Tân, Thành ph? H? Chí Minh, Vi?t Nam', '1963', 'dtth211', '0606854476');
INSERT INTO BENHNHAN VALUES ('BN0212', N'M?c V?n Trung', N'Nam', N'28/1B Lê ?ình C?n, P, Bình Tân, Thành ph? H? Chí Minh, Vi?t Nam', '1991', 'mvt212', '0430785034');
INSERT INTO BENHNHAN VALUES ('BN0213', N'Trình Tu?n Vy', N'Nam', N'K 123 Cù Chính Lan, Hòa Khê, Thanh Khê, ?à N?ng 550000, Vi?t Nam', '1956', 'ttv213', '0799083045');
INSERT INTO BENHNHAN VALUES ('BN0214', N'T? V?n Anh', N'Nam', N'A7/54 ???ng 1C, V?nh L?c B, Bình Chánh, Thành ph? H? Chí Minh, Vi?t Nam', '1961', 'tva214', '0665980250');
INSERT INTO BENHNHAN VALUES ('BN0215', N'T? Hoàng Minh', N'Nam', N'281 P. ??i C?n, Li?u Giai, Ba ?ình, Hà N?i, Vi?t Nam', '1991', 'thm215', '0100803129');
INSERT INTO BENHNHAN VALUES ('BN0216', N'Khúc Th? Thúy', N'N?', N'L?c Long Quân, Ph??ng 10, Tân Bình, Thành ph? H? Chí Minh, Vi?t Nam', '2015', 'ktt216', '0752434582');
INSERT INTO BENHNHAN VALUES ('BN0217', N'Viên Phúc Tân', N'Nam', N'7/3C ?. Âu C?, Ph??ng 10, Tân Bình, Thành ph? H? Chí Minh, Vi?t Nam', '2011', 'vpt217', '0402712811');
INSERT INTO BENHNHAN VALUES ('BN0218', N'Thi Th? Ng?c Lan', N'N?', N'202 ?. Tô Hi?n Thành, Ph??ng 15, Qu?n 11, Thành ph? H? Chí Minh, Vi?t Nam', '1984', 'ttnl218', '0456893388');
INSERT INTO BENHNHAN VALUES ('BN0219', N'?? Minh Kim', N'N?', N'24 Ph?m Nh? T?ng, Hòa Khê, Thanh Khê, ?à N?ng 550000, Vi?t Nam', '1970', 'dmk219', '0089004193');
INSERT INTO BENHNHAN VALUES ('BN0220', N'??ng Huy Hà My', N'N?', N'Ng. 1 800A, Ngh?a ?ô, C?u Gi?y, Hà N?i, Vi?t Nam', '2011', 'dhhm220', '0670243583');
INSERT INTO BENHNHAN VALUES ('BN0221', N'Quách Thành Ng?c Y?n', N'N?', N'226, ???ng Hà Huy T?p, Ph??ng Hòa Khê, Qu?n Thanh Khê, Hòa Khê, Thanh Khê, ?à N?ng, Vi?t Nam', '2013', 'qtny221', '0923842261');
INSERT INTO BENHNHAN VALUES ('BN0222', N'Bi?n Quang Minh Châu', N'N?', N'16F/B1 Ba Tháng Hai T? 40 KP 6, Ph??ng 14, Qu?n 10, Thành ph? H? Chí Minh, Vi?t Nam', '1965', 'bqmc222', '0925949688');
INSERT INTO BENHNHAN VALUES ('BN0223', N'Bi?n Minh Phúc', N'Nam', N'237 ?. C?u Gi?y, D?ch V?ng, C?u Gi?y, Hà N?i, Vi?t Nam', '1970', 'bmp223', '0761457918');
INSERT INTO BENHNHAN VALUES ('BN0224', N'T? Quang Ph??ng Anh', N'N?', N'249 Hà Huy T?p, Hòa Khê, Thanh Khê, ?à N?ng 550000, Vi?t Nam', '1973', 'tqpa224', '0935160118');
INSERT INTO BENHNHAN VALUES ('BN0225', N'Cáp Nguy?n Bích Ng?c', N'N?', N'578 ?. Nguy?n Chí Thanh, Ph??ng 7, Qu?n 5, Thành ph? H? Chí Minh, Vi?t Nam', '2014', 'cnbn225', '0137130149');
INSERT INTO BENHNHAN VALUES ('BN0226', N'Bùi V?n Xuân', N'Nam', N'25 Ngõ 329 C?u Gi?y, D?ch V?ng, C?u Gi?y, Hà N?i 100000, Vi?t Nam', '2002', 'bvx226', '0727302411');
INSERT INTO BENHNHAN VALUES ('BN0227', N'D? Duy C??ng', N'Nam', N'C4 C? Xá Phú Th? Hoà, Ph??ng 10, Tân Bình, Thành ph? H? Chí Minh, Vi?t Nam', '1986', 'ddc227', '0813657972');
INSERT INTO BENHNHAN VALUES ('BN0228', N'Phùng V?n Tân', N'Nam', N'36 Xuân Th?y, D?ch V?ng H?u, C?u Gi?y, Hà N?i, Vi?t Nam', '1968', 'pvt228', '0200458316');
INSERT INTO BENHNHAN VALUES ('BN0229', N'Mai ?ình Huy', N'Nam', N'99B Thái Bình, Ph??ng 4, Tân Bình, Thành ph? H? Chí Minh, Vi?t Nam', '1957', 'mdh229', '0289046638');
INSERT INTO BENHNHAN VALUES ('BN0230', N'Hà Thành ??t', N'Nam', N'36/23 H?m 36 ??ng Kh?i, Ph??ng 4, Tân Bình, Thành ph? H? Chí Minh, Vi?t Nam', '1955', 'htd230', '0363470024');
INSERT INTO BENHNHAN VALUES ('BN0231', N'H? Ng?c Bình', N'N?', N'203 Nguy?n V?n Linh, TT. Núi Thành, Núi Thành, Qu?ng Nam 550000, Vi?t Nam', '1992', 'hnb231', '0550504823');
INSERT INTO BENHNHAN VALUES ('BN0232', N'Duy Thành B?o', N'Nam', N'104 ???ng B2, Tây Th?nh, Tân Phú, Thành ph? H? Chí Minh, Vi?t Nam', '2021', 'dtb232', '0030303678');
INSERT INTO BENHNHAN VALUES ('BN0233', N'Mã V?n Hùng', N'Nam', N'33 ?. Hoàng Di?u, Ph??ng 12, Qu?n 4, Thành ph? H? Chí Minh 700000, Vi?t Nam', '1980', 'mvh233', '0437013594');
INSERT INTO BENHNHAN VALUES ('BN0234', N'Hu?nh Phúc S?n', N'Nam', N'Ngõ 30 ???ng Ph?m V?n ??ng, Mai D?ch, B?c T? Liêm, Hà N?i 10000, Vi?t Nam', '1966', 'hps234', '0317996357');
INSERT INTO BENHNHAN VALUES ('BN0235', N'Ng?y V?n Xuân', N'Nam', N'28 Hàm Nghi, B?n Nghé, Qu?n 1, Thành ph? H? Chí Minh 700000, Vi?t Nam', '2024', 'nvx235', '0774380697');
INSERT INTO BENHNHAN VALUES ('BN0236', N'T? ?ình Ti?n', N'Nam', N'71-73-75 Hai Bà Tr?ng, Street, Qu?n 1, Thành ph? H? Chí Minh, Vi?t Nam', '1993', 'tdt236', '0686169829');
INSERT INTO BENHNHAN VALUES ('BN0237', N'Bàng Minh Khánh', N'Nam', N'59 ngõ 79, H?u Ngh?, Hòa Bình, Vi?t Nam', '2008', 'bmk237', '0043016552');
INSERT INTO BENHNHAN VALUES ('BN0238', N'D??ng Th? Th?ng', N'N?', N'405 Nguy?n S?n, Phú Th? Hoà, Tân Phú, Thành ph? H? Chí Minh, Vi?t Nam', '1970', 'dtt238', '0387923668');
INSERT INTO BENHNHAN VALUES ('BN0239', N'Ng?y Hoàng Thái', N'Nam', N'86 Hu?nh Ng?c Hu?, Thanh Khê ?ông, Thanh Khê, ?à N?ng 550000, Vi?t Nam', '1989', 'nht239', '0994918474');
INSERT INTO BENHNHAN VALUES ('BN0240', N'Phù Th? V?', N'N?', N'46 Nguy?n Tri?u Lu?t, Khu Ph? 4, Bình Tân, Thành ph? H? Chí Minh, Vi?t Nam', '1979', 'ptv240', '0999921530');
INSERT INTO BENHNHAN VALUES ('BN0241', N'H? Th? Lan', N'N?', N'32 P. Yên Th?, V?n Mi?u, ??ng ?a, Hà N?i, Vi?t Nam', '1986', 'htl241', '0147644910');
INSERT INTO BENHNHAN VALUES ('BN0242', N'Kh?i V?n B?o', N'Nam', N'HL2, Bình Tr? ?ông A, Bình Tân, Thành ph? H? Chí Minh, Vi?t Nam', '2006', 'kvb242', '0892233091');
INSERT INTO BENHNHAN VALUES ('BN0243', N'Ng?y Th?nh V?n', N'Nam', N'28/1B Lê ?ình C?n, P, Bình Tân, Thành ph? H? Chí Minh, Vi?t Nam', '2010', 'ntv243', '0168346316');
INSERT INTO BENHNHAN VALUES ('BN0244', N'Giang Thành Trang', N'N?', N'K 123 Cù Chính Lan, Hòa Khê, Thanh Khê, ?à N?ng 550000, Vi?t Nam', '1990', 'gtt244', '0554867971');
INSERT INTO BENHNHAN VALUES ('BN0245', N'M?c H?u Minh', N'Nam', N'A7/54 ???ng 1C, V?nh L?c B, Bình Chánh, Thành ph? H? Chí Minh, Vi?t Nam', '1952', 'mhm245', '0239521093');
INSERT INTO BENHNHAN VALUES ('BN0246', N'T?t Hoàng H?i', N'Nam', N'282 P. ??i C?n, Li?u Giai, Ba ?ình, Hà N?i, Vi?t Nam', '1987', 'thh246', '0133299603');
INSERT INTO BENHNHAN VALUES ('BN0247', N'Tài V?n Phúc', N'Nam', N'L?c Long Quân, Ph??ng 10, Tân Bình, Thành ph? H? Chí Minh, Vi?t Nam', '2022', 'tvp247', '0157567079');
INSERT INTO BENHNHAN VALUES ('BN0248', N'La Huy Nhung', N'N?', N'7/3C ?. Âu C?, Ph??ng 10, Tân Bình, Thành ph? H? Chí Minh, Vi?t Nam', '1956', 'lhn248', '0775527523');
INSERT INTO BENHNHAN VALUES ('BN0249', N'Phùng Huy Nh?t', N'Nam', N'203 ?. Tô Hi?n Thành, Ph??ng 15, Qu?n 11, Thành ph? H? Chí Minh, Vi?t Nam', '2020', 'phn249', '0236686892');
INSERT INTO BENHNHAN VALUES ('BN0250', N'??ng Nguy?n B?o', N'Nam', N'25 Ph?m Nh? T?ng, Hòa Khê, Thanh Khê, ?à N?ng 550000, Vi?t Nam', '2016', 'dnb250', '0765384385');
INSERT INTO BENHNHAN VALUES ('BN0251', N'D??ng ??c Thanh Th?o', N'Nam', N'Ng. 1 800A, Ngh?a ?ô, C?u Gi?y, Hà N?i, Vi?t Nam', '2021', 'ddtt251', '0667862431');
INSERT INTO BENHNHAN VALUES ('BN0252', N'T?t Tu?n Minh', N'Nam', N'226, ???ng Hà Huy T?p, Ph??ng Hòa Khê, Qu?n Thanh Khê, Hòa Khê, Thanh Khê, ?à N?ng, Vi?t Nam', '1954', 'ttm252', '0438806444');
INSERT INTO BENHNHAN VALUES ('BN0253', N'Cáp V?n Ng?c Trinh', N'N?', N'16F/B1 Ba Tháng Hai T? 40 KP 6, Ph??ng 14, Qu?n 10, Thành ph? H? Chí Minh, Vi?t Nam', '1989', 'cvnt253', '0889794343');
INSERT INTO BENHNHAN VALUES ('BN0254', N'T? Quang Ng?c Mai', N'N?', N'238 ?. C?u Gi?y, D?ch V?ng, C?u Gi?y, Hà N?i, Vi?t Nam', '2021', 'tqnm254', '0743852723');
INSERT INTO BENHNHAN VALUES ('BN0255', N'Lý Hoàng Khang', N'Nam', N'250 Hà Huy T?p, Hòa Khê, Thanh Khê, ?à N?ng 550000, Vi?t Nam', '2005', 'lhk255', '0626067090');
INSERT INTO BENHNHAN VALUES ('BN0256', N'Tiêu Công H?ng Loan', N'N?', N'579 ?. Nguy?n Chí Thanh, Ph??ng 7, Qu?n 5, Thành ph? H? Chí Minh, Vi?t Nam', '2013', 'tchl256', '0875987487');
INSERT INTO BENHNHAN VALUES ('BN0257', N'Kh?ng Duy C??ng', N'Nam', N'26 Ngõ 329 C?u Gi?y, D?ch V?ng, C?u Gi?y, Hà N?i 100000, Vi?t Nam', '1970', 'kdc257', '0829960869');
INSERT INTO BENHNHAN VALUES ('BN0258', N'Vi?n Tu?n Minh', N'Nam', N'C4 C? Xá Phú Th? Hoà, Ph??ng 10, Tân Bình, Thành ph? H? Chí Minh, Vi?t Nam', '2022', 'vtm258', '0889765505');
INSERT INTO BENHNHAN VALUES ('BN0259', N'Tô Nguy?n ??c', N'Nam', N'37 Xuân Th?y, D?ch V?ng H?u, C?u Gi?y, Hà N?i, Vi?t Nam', '1967', 'tnd259', '0848889974');
INSERT INTO BENHNHAN VALUES ('BN0260', N'T? Tu?n Ng?c Y?n', N'N?', N'99B Thái Bình, Ph??ng 4, Tân Bình, Thành ph? H? Chí Minh, Vi?t Nam', '1965', 'ttny260', '0807718123');
INSERT INTO BENHNHAN VALUES ('BN0261', N'H?ng Th?nh Thu', N'N?', N'36/23 H?m 36 ??ng Kh?i, Ph??ng 4, Tân Bình, Thành ph? H? Chí Minh, Vi?t Nam', '1960', 'htt261', '0893181024');
INSERT INTO BENHNHAN VALUES ('BN0262', N'??i Hoàng Nam', N'Nam', N'204 Nguy?n V?n Linh, TT. Núi Thành, Núi Thành, Qu?ng Nam 550000, Vi?t Nam', '2002', 'dhn262', '0724221167');
INSERT INTO BENHNHAN VALUES ('BN0263', N'V? Thanh Gia Hân', N'N?', N'105 ???ng B2, Tây Th?nh, Tân Phú, Thành ph? H? Chí Minh, Vi?t Nam', '1962', 'vtgh263', '0955851625');
INSERT INTO BENHNHAN VALUES ('BN0264', N'Tiêu Ng?c Quân', N'Nam', N'34 ?. Hoàng Di?u, Ph??ng 12, Qu?n 4, Thành ph? H? Chí Minh 700000, Vi?t Nam', '1958', 'tnq264', '0887747542');
INSERT INTO BENHNHAN VALUES ('BN0265', N'Duy V?n Ng?c Ánh', N'N?', N'Ngõ 30 ???ng Ph?m V?n ??ng, Mai D?ch, B?c T? Liêm, Hà N?i 10000, Vi?t Nam', '1986', 'dvna265', '0770254273');
INSERT INTO BENHNHAN VALUES ('BN0266', N'?àm Công Minh Tu?n', N'Nam', N'29 Hàm Nghi, B?n Nghé, Qu?n 1, Thành ph? H? Chí Minh 700000, Vi?t Nam', '1996', 'dcmt266', '0293091253');
INSERT INTO BENHNHAN VALUES ('BN0267', N'Ân Công Y?n', N'Nam', N'71-73-75 Hai Bà Tr?ng, Street, Qu?n 1, Thành ph? H? Chí Minh, Vi?t Nam', '2019', 'acy267', '0179533367');
INSERT INTO BENHNHAN VALUES ('BN0268', N'Cung ?ình Tu?n', N'Nam', N'60 ngõ 79, H?u Ngh?, Hòa Bình, Vi?t Nam', '2010', 'cdt268', '0673754181');
INSERT INTO BENHNHAN VALUES ('BN0269', N'Ph??c Duy Bình', N'Nam', N'406 Nguy?n S?n, Phú Th? Hoà, Tân Phú, Thành ph? H? Chí Minh, Vi?t Nam', '1959', 'pdb269', '0727513942');
INSERT INTO BENHNHAN VALUES ('BN0270', N'Phí Thanh Ng?c Di?p', N'N?', N'87 Hu?nh Ng?c Hu?, Thanh Khê ?ông, Thanh Khê, ?à N?ng 550000, Vi?t Nam', '1994', 'ptnd270', '0169783456');
INSERT INTO BENHNHAN VALUES ('BN0271', N'Bi?n V?n Qu?nh', N'Nam', N'47 Nguy?n Tri?u Lu?t, Khu Ph? 4, Bình Tân, Thành ph? H? Chí Minh, Vi?t Nam', '2018', 'bvq271', '0057250321');
INSERT INTO BENHNHAN VALUES ('BN0272', N'D??ng Th? Nguyên', N'N?', N'33 P. Yên Th?, V?n Mi?u, ??ng ?a, Hà N?i, Vi?t Nam', '1975', 'dtn272', '0141119140');
INSERT INTO BENHNHAN VALUES ('BN0273', N'Bàng V?n An', N'Nam', N'HL2, Bình Tr? ?ông A, Bình Tân, Thành ph? H? Chí Minh, Vi?t Nam', '1993', 'bva273', '0452852330');
INSERT INTO BENHNHAN VALUES ('BN0274', N'Hà V?n Quang', N'Nam', N'28/1B Lê ?ình C?n, P, Bình Tân, Thành ph? H? Chí Minh, Vi?t Nam', '1991', 'hvq274', '0645321937');
INSERT INTO BENHNHAN VALUES ('BN0275', N'Châu V?n Huy?n Trang', N'N?', N'K 123 Cù Chính Lan, Hòa Khê, Thanh Khê, ?à N?ng 550000, Vi?t Nam', '1987', 'cvht275', '0471857479');
INSERT INTO BENHNHAN VALUES ('BN0276', N'Tr??ng Huy Phú', N'Nam', N'A7/54 ???ng 1C, V?nh L?c B, Bình Chánh, Thành ph? H? Chí Minh, Vi?t Nam', '1951', 'thp276', '0775576565');
INSERT INTO BENHNHAN VALUES ('BN0277', N'Tri?u Hoàng V?', N'Nam', N'283 P. ??i C?n, Li?u Giai, Ba ?ình, Hà N?i, Vi?t Nam', '1999', 'thv277', '0995189131');
INSERT INTO BENHNHAN VALUES ('BN0278', N'Ân H?u Ngân', N'Nam', N'L?c Long Quân, Ph??ng 10, Tân Bình, Thành ph? H? Chí Minh, Vi?t Nam', '1977', 'ahn278', '0609314163');
INSERT INTO BENHNHAN VALUES ('BN0279', N'L?u Ng?c Phú', N'Nam', N'7/3C ?. Âu C?, Ph??ng 10, Tân Bình, Thành ph? H? Chí Minh, Vi?t Nam', '1951', 'lnp279', '0021788130');
INSERT INTO BENHNHAN VALUES ('BN0280', N'Phú V?n An', N'Nam', N'253 Lê L?i, TT. An Châu, Châu Thành, An Giang, Vi?t Nam', '1986', 'pva280', '0711912382');
INSERT INTO BENHNHAN VALUES ('BN0281', N'Tr?m Thành Linh', N'Nam', N'213 Nguy?n An Ninh, Ph??ng 6, Thành ph? V?ng T?u, Bà R?a - V?ng Tàu, Vi?t Nam', '2004', 'ttl281', '0287439945');
INSERT INTO BENHNHAN VALUES ('BN0282', N'Ph?m ?ình Thanh Th?o', N'N?', N'346 Cao V?n L?u, Ph??ng 2, B?c Liêu, Vi?t Nam', '1969', 'pdtt282', '0717973770');
INSERT INTO BENHNHAN VALUES ('BN0283', N'L?i ?ình Ph??ng Anh', N'N?', N'4RWQ+R5Q, Phùng Chí Kiên, B?c K?n, Vi?t Nam', '1997', 'ldpa283', '0729886675');
INSERT INTO BENHNHAN VALUES ('BN0284', N'Võ V?n Hi?u', N'Nam', N'217 Lê L?i, Ph??ng Hoàng V?n Th?, B?c Giang, Vi?t Nam', '2001', 'vvh284', '0290969224');
INSERT INTO BENHNHAN VALUES ('BN0285', N'V??ng Th? Hà My', N'N?', N'420, Nghiêm Xá, Yên Phong, B?c Ninh, Vi?t Nam', '2015', 'vthm285', '0990078607');
INSERT INTO BENHNHAN VALUES ('BN0286', N'?inh ?ình Anh', N'Nam', N'68 ??ng V?n C?ng, Bình Phú, B?n Tre, Vi?t Nam', '1985', 'dda286', '0556036662');
INSERT INTO BENHNHAN VALUES ('BN0287', N'Phó Thanh Khang', N'Nam', N'77 ?. Hoàng Hoa Thám, Hi?p Thành, Th? D?u M?t, Bình D??ng, Vi?t Nam', '1967', 'ptk287', '0088673688');
INSERT INTO BENHNHAN VALUES ('BN0288', N'Ân V?n Thái', N'Nam', N'468 Tr?n H?ng ??o, Lê H?ng Phong, Thành Ph?, Bình ??nh, Vi?t Nam', '1983', 'avt288', '0002789060');
INSERT INTO BENHNHAN VALUES ('BN0289', N'Lâm Ng?c Qu?nh Nga', N'N?', N'57 Lê Du?n, Tân Phú, ??ng Xoài, Bình Ph??c, Vi?t Nam', '2004', 'lnqn289', '0493898634');
INSERT INTO BENHNHAN VALUES ('BN0290', N'T?ng V?n H?i', N'Nam', N'154 Tr??ng Hán Siêu, Phú Thu?, Thành ph? Phan Thi?t, Bình Thu?n, Vi?t Nam', '2001', 'tvh290', '0339256903');
INSERT INTO BENHNHAN VALUES ('BN0291', N'Hu?nh Duy Qu?nh', N'Nam', N'298 ?. Tr?n H?ng ??o, Ph??ng 5, Thành ph? Cà Mau, Cà Mau, Vi?t Nam', '1977', 'hdq291', '0038662284');
INSERT INTO BENHNHAN VALUES ('BN0292', N'Phù Duy Bình', N'Nam', N'Sn18 T? 1 Ph? Gi?a, Hòa An, Cao B?ng, Vi?t Nam', '2017', 'pdb292', '0624568086');
INSERT INTO BENHNHAN VALUES ('BN0293', N'D??ng Minh Bích Ng?c', N'N?', N'55 ?. Ngô T?t T?, Ph??ng An Khánh, Ninh Ki?u, C?n Th?, Vi?t Nam', '2005', 'dmbn293', '0014009650');
INSERT INTO BENHNHAN VALUES ('BN0294', N'Chu?n V?n ?ông', N'Nam', N'Nguy?n Ph??c T?n, Hoà Phát, C?m L?, ?à N?ng, Vi?t Nam', '1972', 'cvd294', '0230869081');
INSERT INTO BENHNHAN VALUES ('BN0295', N'Tri?u V?n Hoa', N'Nam', N'J46M+HMC, Ea tur, C? Kuin, ??k L?k, Vi?t Nam', '1980', 'tvh295', '0803684153');
INSERT INTO BENHNHAN VALUES ('BN0296', N'T?ng Huy H??ng', N'Nam', N'448 Tôn ??c Th?ng, Ph??ng Ngh?a Thành, Gia Ngh?a, ??k Nông, Vi?t Nam', '1969', 'thh296', '0889371741');
INSERT INTO BENHNHAN VALUES ('BN0297', N'?àm Hoàng Huy', N'Nam', N'S? 565, t? 11, Thành ph? ?i?n Biên Ph?, ?i?n Biên, Vi?t Nam', '2000', 'dhh297', '0842047195');
INSERT INTO BENHNHAN VALUES ('BN0298', N'D? Nguy?n Hùng', N'Nam', N'201-203 QL1A ,?p, H? Nai 3, Tr?ng Bom, ??ng Nai, Vi?t Nam', '1971', 'dnh298', '0787332262');
INSERT INTO BENHNHAN VALUES ('BN0299', N'Ân Công Phúc', N'Nam', N'267 Ngô Thì Nh?m, Ph??ng 1, TP. Cao Lãnh, ??ng Tháp, Vi?t Nam', '1963', 'acp299', '0410233685');
INSERT INTO BENHNHAN VALUES ('BN0300', N'Ti?t V?n Trang', N'Nam', N'67 Hoàng V?n Th?, P.Tây S?n, Thành ph? Pleiku, Gia Lai, Vi?t Nam', '1984', 'tvt300', '0705979365');
INSERT INTO BENHNHAN VALUES ('BN0301', N'Tiêu Duy Hà', N'Nam', N'S? 522 ???NG QUANG TRUNG, T? 5, TH? TR?N, Hà Giang, Vi?t Nam', '1999', 'tdh301', '0419917499');
INSERT INTO BENHNHAN VALUES ('BN0302', N'Tri Duy Thanh Th?o', N'Nam', N'294 Nguy?n H?u Ti?n, ??ng V?n, Duy Tiên, Hà Nam, Vi?t Nam', '2009', 'tdtt302', '0732524257');
INSERT INTO BENHNHAN VALUES ('BN0303', N'Lê Hoàng Kiên', N'Nam', N'THANH OAI, S? 147, Cao D??ng, HÀ N?I, Hà N?i, Vi?t Nam', '1995', 'lhk303', '0677179693');
INSERT INTO BENHNHAN VALUES ('BN0304', N'Ph?m Th?nh Ng?c Trinh', N'N?', N'6 Tr?n Phú, B?c Hà, Hà T?nh, Vi?t Nam', '1981', 'ptnt304', '0758219838');
INSERT INTO BENHNHAN VALUES ('BN0305', N'Tiêu Quang Anh', N'Nam', N'169 B?ch ??ng, P. Tr?n Phú, Thành ph? H?i D??ng, H?i D??ng, Vi?t Nam', '1999', 'tqa305', '0469084586');
INSERT INTO BENHNHAN VALUES ('BN0306', N'Nông Thành C??ng', N'Nam', N'771 Nguy?n B?nh Khiêm, ?ông H?i 1, H?i An, H?i Phòng, Vi?t Nam', '1993', 'ntc306', '0337098434');
INSERT INTO BENHNHAN VALUES ('BN0307', N'Chu?n Anh Trang', N'N?', N'22 Ngõ 38 Ph? Tr?n Quý Kiên, D?ch V?ng, C?u Gi?y, Hà N?i, Vi?t Nam', '1999', 'cat307', '0358083760');
INSERT INTO BENHNHAN VALUES ('BN0308', N'Thái Tu?n Hà Thu', N'N?', N'161 ???ng Nguy?n ?ình Chi?u, Ph??ng 6, Qu?n 3, Thành ph? H? Chí Minh, Vi?t Nam', '1985', 'ttht308', '0104409716');
INSERT INTO BENHNHAN VALUES ('BN0309', N'T? ??c Minh', N'Nam', N'38 Ba M??i Tháng T?, Ph??ng 1, V? Thanh, H?u Giang, Vi?t Nam', '1997', 'tdm309', '0910700689');
INSERT INTO BENHNHAN VALUES ('BN0310', N'Ph?m Công Nhung', N'N?', N'65 Lê Thanh Ngh?, P. Hi?n Nam, H?ng Yên, Vi?t Nam', '1970', 'pcn310', '0058981281');
INSERT INTO BENHNHAN VALUES ('BN0311', N'Tài Th? Thanh Th?o', N'N?', N'254 Tr??ng Chinh, Cam ??c, Cam Lâm, Khánh Hòa, Vi?t Nam', '2024', 'tttt311', '0365451084');
INSERT INTO BENHNHAN VALUES ('BN0312', N'Tr?n V?n H?nh', N'Nam', N'237 ?ông An, TT. Tân Hi?p, Tân H?êp, Kiên Giang, Vi?t Nam', '1950', 'tvh312', '0936180647');
INSERT INTO BENHNHAN VALUES ('BN0313', N'??ng H?u Huy?n Trang', N'N?', N'191 Phan Chu Trinh, Ph??ng Quy?t Th?ng, Kon Tum, Vi?t Nam', '1988', 'dhht313', '0337990131');
INSERT INTO BENHNHAN VALUES ('BN0314', N'M?c Nguy?n H?ng Loan', N'N?', N'T? 12, Tp. Lai Châu, Lai Châu, Vi?t Nam', '2019', 'mnhl314', '0273779739');
INSERT INTO BENHNHAN VALUES ('BN0315', N'Ng?c Hoàng Ng?c', N'Nam', N'224 Nguy?n Hu?, Ph? M?i, Lào Cai, Vi?t Nam', '2003', 'nhn315', '0538733912');
INSERT INTO BENHNHAN VALUES ('BN0316', N'Bi?n Thanh Phong', N'Nam', N'422 Hùng V??ng, Mai Pha, Thành ph? L?ng S?n, L?ng S?n, Vi?t Nam', '1982', 'btp316', '0070929993');
INSERT INTO BENHNHAN VALUES ('BN0317', N'L?i Ng?c Hi?u', N'N?', N'151 Nguy?n Công Tr?, Ph??ng 8, Thành ph? ?à L?t, Lâm ??ng, Vi?t Nam', '2001', 'lnh317', '0706689400');
INSERT INTO BENHNHAN VALUES ('BN0318', N'Cao Nguy?n Trang', N'Nam', N'S? 30 ?p Ph??c Toàn, Long Hi?p, B?n L?c, Long An, Vi?t Nam', '1987', 'cnt318', '0378500231');
INSERT INTO BENHNHAN VALUES ('BN0319', N'Tr?nh Quang Anh', N'Nam', N'192 Quán Chi?n, Nam D??ng, Nam Tr?c, Nam ??nh, Vi?t Nam', '1962', 'tqa319', '0698092407');
INSERT INTO BENHNHAN VALUES ('BN0320', N'Nông Hoàng Th?ng', N'Nam', N'96 Lý Th??ng Ki?t, Lê L?i, Thành ph? Vinh, Ngh? An, Vi?t Nam', '1959', 'nht320', '0616479081');
INSERT INTO BENHNHAN VALUES ('BN0321', N'?oàn V?n Dung', N'Nam', N'120 Xuân Thành, Tân Thành, Ninh Bình, Vi?t Nam', '1956', 'dvd321', '0023591801');
INSERT INTO BENHNHAN VALUES ('BN0322', N'Tr??ng Hoàng Hà My', N'N?', N'90A Tr?n Phú, Ph? Hà, Phan Rang-Tháp Chàm, Ninh Thu?n, Vi?t Nam', '1965', 'thhm322', '0992715835');
INSERT INTO BENHNHAN VALUES ('BN0323', N'Sái Ng?c Lan', N'N?', N'8C4J+26W, ?. Hùng V??ng, Ph. Thanh Mi?u, Thành ph? Vi?t Trì, Phú Th?, Vi?t Nam', '2013', 'snl323', '0149581470');
INSERT INTO BENHNHAN VALUES ('BN0324', N'V??ng Hoàng Ng?c Ánh', N'N?', N'42 ?. Tr?n Bình Tr?ng, Ph??ng 4, Tuy Hòa, Phú Yên, Vi?t Nam', '2015', 'vhna324', '0939320090');
INSERT INTO BENHNHAN VALUES ('BN0325', N'Phí Thành Hoa', N'Nam', N'145 Lý Thái T?, ??ng S?n, ??ng H?i, Qu?ng Bình, Vi?t Nam', '1987', 'pth325', '0368781306');
INSERT INTO BENHNHAN VALUES ('BN0326', N'H? V?n Phong', N'Nam', N'140 Quang Trung, Khu 5, ??i L?c, Qu?ng Nam, Vi?t Nam', '1980', 'hvp326', '0686705779');
INSERT INTO BENHNHAN VALUES ('BN0327', N'Vi V?n Minh Tu?n', N'Nam', N'336 ?. Nguy?n Hu?, La Hà, T? Ngh?a, Qu?ng Ngãi, Vi?t Nam', '1967', 'vvmt327', '0115095119');
INSERT INTO BENHNHAN VALUES ('BN0328', N'Ng?y Th?nh ??c', N'Nam', N'8 ? Thanh Niên, C?m Thành, C?m Ph?, Qu?ng Ninh, Vi?t Nam', '2006', 'ntd328', '0561025071');
INSERT INTO BENHNHAN VALUES ('BN0329', N'Tôn Huy H?i', N'Nam', N'Ki?t 125, QL9, Ph??ng 5, ?ông Hà, Qu?ng Tr?, Vi?t Nam', '1984', 'thh329', '0208552286');
INSERT INTO BENHNHAN VALUES ('BN0330', N'Giang Công Th?o', N'Nam', N'98 Nguy?n Hu?, K1P1, Ngã N?m, Sóc Tr?ng, Vi?t Nam', '1992', 'gct330', '0973501753');
INSERT INTO BENHNHAN VALUES ('BN0331', N'Hà Hoàng Anh', N'N?', N'S? 61 ???ng H??ng Xoài, TT. Yên Châu, Yên Châu, S?n La, Vi?t Nam', '2003', 'hha331', '0634112856');
INSERT INTO BENHNHAN VALUES ('BN0332', N'Bi?n Th? Trí', N'N?', N'250 Nguy?n Chí Thanh, Ph??ng 3, Tây Ninh, Vi?t Nam', '1986', 'btt332', '0233780510');
INSERT INTO BENHNHAN VALUES ('BN0333', N'Tiêu Hoàng Long', N'Nam', N'218 Long H?ng, Hoàn Di?u, Thái Bình, 411004, Vi?t Nam', '1988', 'thl333', '0062376838');
INSERT INTO BENHNHAN VALUES ('BN0334', N'Quách Minh An', N'N?', N'262 ???ng Phan ?ình Phùng, Thành ph? Thái Nguyên, Thái Nguyên, Vi?t Nam', '1981', 'qma334', '0657350002');
INSERT INTO BENHNHAN VALUES ('BN0335', N'La Hoài Kiên', N'Nam', N'360A ?. Tr?n Phú, P. Ba ?ình, Thành ph? Thanh Hóa, Thanh Hoá, Vi?t Nam', '2003', 'lhk335', '0877122253');
INSERT INTO BENHNHAN VALUES ('BN0336', N'Chu?n Ng?c Qu?nh Anh', N'N?', N'193 ?i?n Biên Ph?, Tr??ng An, Thành ph? Hu?, Th?a Thiên Hu?, Vi?t Nam', '1979', 'cnqa336', '0874714085');
INSERT INTO BENHNHAN VALUES ('BN0337', N'Lý Thanh H?nh', N'N?', N'559A Lý Th??ng Ki?t, Ph??ng 5, Thành ph? M? Tho, Ti?n Giang, Vi?t Nam', '2005', 'lth337', '0853197144');
INSERT INTO BENHNHAN VALUES ('BN0338', N'Tài Hoài Hà Thu', N'N?', N'156 ?. Nguy?n ?áng, Ph??ng 7, Trà Vinh, Vi?t Nam', '1950', 'thht338', '0231873448');
INSERT INTO BENHNHAN VALUES ('BN0339', N'Ph?m Th?nh Long', N'Nam', N'R626+X3W, Ph?m V?n ??ng, H?ng Thành, Tp. Tuyên Quang, Tuyên Quang, Vi?t Nam', '2007', 'ptl339', '0502443320');
INSERT INTO BENHNHAN VALUES ('BN0340', N'?oàn Minh Quy?t', N'Nam', N'55E Ph?m Thái B??ng, Ph??ng 4, V?nh Long, Vi?t Nam', '1962', 'dmq340', '0503276475');
INSERT INTO BENHNHAN VALUES ('BN0341', N'Châu Minh Dung', N'N?', N'31 Ng. 376 ?. Th?y Khuê, B??i, Tây H?, Hà N?i, Vi?t Nam', '1979', 'cmd341', '0945349555');
INSERT INTO BENHNHAN VALUES ('BN0342', N'Hàm V?n Ng?c Ánh', N'N?', N'318 ???ng Kim ??ng, ph??ng Minh Tân, Thành ph? Yên Bái, Yên Bái, Vi?t Nam', '2024', 'hvna342', '0461142800');
INSERT INTO BENHNHAN VALUES ('BN0343', N'Trình Duy Thành', N'Nam', N'46/6 C?ng Hòa, Ph??ng 13, Qu?n Tân Bình, TP H? Chí Minh', '2003', 'tdt343', '0754955531');
INSERT INTO BENHNHAN VALUES ('BN0344', N'Cung Ng?c Lan', N'N?', N'104 ???ng B2, Tây Th?nh, Tân Phú, Thành ph? H? Chí Minh, Vi?t Nam', '2007', 'cnl344', '0892965574');
INSERT INTO BENHNHAN VALUES ('BN0345', N'Bùi H?u C??ng', N'Nam', N'202 ?. Tr??ng ??nh, T??ng Mai, Hai Bà Tr?ng, Hà N?i', '2016', 'bhc345', '0450689989');
INSERT INTO BENHNHAN VALUES ('BN0346', N'Ng?c Duy H?nh', N'Nam', N'27 Hai Bà Tr?ng, B?n Nghé, Qu?n 1, H? Chí Minh', '1950', 'ndh346', '0222197293');
INSERT INTO BENHNHAN VALUES ('BN0347', N'Qu?n Huy Qu?c', N'Nam', N'248 Võ V?n T?n, Ph??ng 5, Qu?n 3, H? Chí Minh', '2008', 'qhq347', '0969064462');
INSERT INTO BENHNHAN VALUES ('BN0348', N'Bi?n Huy Khánh', N'Nam', N'20 Lê Thánh Tông, C?m S?n, H?i An, Qu?ng Nam, Vi?t Nam', '2009', 'bhk348', '0795239933');
INSERT INTO BENHNHAN VALUES ('BN0349', N'H?a Công Mai', N'Nam', N'58 ngõ 79, H?u Ngh?, Hòa Bình, Vi?t Nam', '1995', 'hcm349', '0777752118');
INSERT INTO BENHNHAN VALUES ('BN0350', N'?àm Hoài Hùng', N'Nam', N'404 Nguy?n S?n, Phú Th? Hoà, Tân Phú, Thành ph? H? Chí Minh, Vi?t Nam', '1990', 'dhh350', '0247656748');
INSERT INTO BENHNHAN VALUES ('BN0351', N'Chu?n Anh Ph??ng Anh', N'N?', N'85 Hu?nh Ng?c Hu?, Thanh Khê ?ông, Thanh Khê, ?à N?ng 550000, Vi?t Nam', '2015', 'capa351', '0059918542');
INSERT INTO BENHNHAN VALUES ('BN0352', N'??ng Th?nh Kim', N'Nam', N'45 Nguy?n Tri?u Lu?t, Khu Ph? 4, Bình Tân, Thành ph? H? Chí Minh, Vi?t Nam', '2009', 'dtk352', '0587632377');
INSERT INTO BENHNHAN VALUES ('BN0353', N'?ng Th?nh Phú', N'Nam', N'31 P. Yên Th?, V?n Mi?u, ??ng ?a, Hà N?i, Vi?t Nam', '2014', 'utp353', '0879117426');
INSERT INTO BENHNHAN VALUES ('BN0354', N'Giang Hoàng H??ng', N'N?', N'HL2, Bình Tr? ?ông A, Bình Tân, Thành ph? H? Chí Minh, Vi?t Nam', '2007', 'ghh354', '0435310657');
INSERT INTO BENHNHAN VALUES ('BN0355', N'Kh?i Th?nh Phúc', N'Nam', N'28/1B Lê ?ình C?n, P, Bình Tân, Thành ph? H? Chí Minh, Vi?t Nam', '2018', 'ktp355', '0291711645');
INSERT INTO BENHNHAN VALUES ('BN0356', N'Giang Thành Qu?nh Anh', N'N?', N'K 123 Cù Chính Lan, Hòa Khê, Thanh Khê, ?à N?ng 550000, Vi?t Nam', '1992', 'gtqa356', '0747362248');
INSERT INTO BENHNHAN VALUES ('BN0357', N'Phùng Thanh Khang', N'Nam', N'A7/54 ???ng 1C, V?nh L?c B, Bình Chánh, Thành ph? H? Chí Minh, Vi?t Nam', '1995', 'ptk357', '0567895636');
INSERT INTO BENHNHAN VALUES ('BN0358', N'Tri?u Hoài Anh', N'Nam', N'281 P. ??i C?n, Li?u Giai, Ba ?ình, Hà N?i, Vi?t Nam', '2001', 'tha358', '0843296005');
INSERT INTO BENHNHAN VALUES ('BN0359', N'Tr?n Nguy?n Anh', N'N?', N'L?c Long Quân, Ph??ng 10, Tân Bình, Thành ph? H? Chí Minh, Vi?t Nam', '1956', 'tna359', '0356991755');
INSERT INTO BENHNHAN VALUES ('BN0360', N'Tri Công Thuý', N'N?', N'7/3C ?. Âu C?, Ph??ng 10, Tân Bình, Thành ph? H? Chí Minh, Vi?t Nam', '1999', 'tct360', '0852094550');
INSERT INTO BENHNHAN VALUES ('BN0361', N'Ng?y V?n Linh', N'Nam', N'202 ?. Tô Hi?n Thành, Ph??ng 15, Qu?n 11, Thành ph? H? Chí Minh, Vi?t Nam', '2022', 'nvl361', '0689867830');
INSERT INTO BENHNHAN VALUES ('BN0362', N'Vi Hoàng Quy?t', N'Nam', N'24 Ph?m Nh? T?ng, Hòa Khê, Thanh Khê, ?à N?ng 550000, Vi?t Nam', '1978', 'vhq362', '0320236334');
INSERT INTO BENHNHAN VALUES ('BN0363', N'Kh?c Th? Thái', N'N?', N'Ng. 1 800A, Ngh?a ?ô, C?u Gi?y, Hà N?i, Vi?t Nam', '1956', 'ktt363', '0309565391');
INSERT INTO BENHNHAN VALUES ('BN0364', N'Phan Thành Ngân', N'Nam', N'226, ???ng Hà Huy T?p, Ph??ng Hòa Khê, Qu?n Thanh Khê, Hòa Khê, Thanh Khê, ?à N?ng, Vi?t Nam', '1994', 'ptn364', '0716463358');
INSERT INTO BENHNHAN VALUES ('BN0365', N'T? Thanh Anh', N'Nam', N'16F/B1 Ba Tháng Hai T? 40 KP 6, Ph??ng 14, Qu?n 10, Thành ph? H? Chí Minh, Vi?t Nam', '1950', 'tta365', '0326620195');
INSERT INTO BENHNHAN VALUES ('BN0366', N'Kh?c Trung Duy', N'Nam', N'237 ?. C?u Gi?y, D?ch V?ng, C?u Gi?y, Hà N?i, Vi?t Nam', '1990', 'ktd366', '0619251301');
INSERT INTO BENHNHAN VALUES ('BN0367', N'Ph??c Hoài Ngân', N'N?', N'249 Hà Huy T?p, Hòa Khê, Thanh Khê, ?à N?ng 550000, Vi?t Nam', '2024', 'phn367', '0034582793');
INSERT INTO BENHNHAN VALUES ('BN0368', N'L??ng V?n Thái', N'Nam', N'578 ?. Nguy?n Chí Thanh, Ph??ng 7, Qu?n 5, Thành ph? H? Chí Minh, Vi?t Nam', '1969', 'lvt368', '0827091032');
INSERT INTO BENHNHAN VALUES ('BN0369', N'??ng ??c Long', N'Nam', N'25 Ngõ 329 C?u Gi?y, D?ch V?ng, C?u Gi?y, Hà N?i 100000, Vi?t Nam', '2016', 'ddl369', '0148090898');
INSERT INTO BENHNHAN VALUES ('BN0370', N'Sái V?n H?nh', N'Nam', N'C4 C? Xá Phú Th? Hoà, Ph??ng 10, Tân Bình, Thành ph? H? Chí Minh, Vi?t Nam', '1976', 'svh370', '0357038793');
INSERT INTO BENHNHAN VALUES ('BN0371', N'??i Phúc Thanh H??ng', N'N?', N'36 Xuân Th?y, D?ch V?ng H?u, C?u Gi?y, Hà N?i, Vi?t Nam', '2008', 'dpth371', '0738566933');
INSERT INTO BENHNHAN VALUES ('BN0372', N'?ng V?n H?nh', N'Nam', N'99B Thái Bình, Ph??ng 4, Tân Bình, Thành ph? H? Chí Minh, Vi?t Nam', '2024', 'uvh372', '0587898983');
INSERT INTO BENHNHAN VALUES ('BN0373', N'Lê Thành Ng?c', N'N?', N'36/23 H?m 36 ??ng Kh?i, Ph??ng 4, Tân Bình, Thành ph? H? Chí Minh, Vi?t Nam', '1956', 'ltn373', '0573336459');
INSERT INTO BENHNHAN VALUES ('BN0374', N'T? Thanh Huy', N'Nam', N'203 Nguy?n V?n Linh, TT. Núi Thành, Núi Thành, Qu?ng Nam 550000, Vi?t Nam', '2011', 'tth374', '0549547310');
INSERT INTO BENHNHAN VALUES ('BN0375', N'D? V?n Ng?c', N'Nam', N'104 ???ng B2, Tây Th?nh, Tân Phú, Thành ph? H? Chí Minh, Vi?t Nam', '1974', 'dvn375', '0934527517');
INSERT INTO BENHNHAN VALUES ('BN0376', N'Ki?u Hoàng Lan', N'Nam', N'33 ?. Hoàng Di?u, Ph??ng 12, Qu?n 4, Thành ph? H? Chí Minh 700000, Vi?t Nam', '2006', 'khl376', '0098405192');
INSERT INTO BENHNHAN VALUES ('BN0377', N'Qu?n Duy ??c', N'Nam', N'28 Hàm Nghi, B?n Nghé, Qu?n 1, Thành ph? H? Chí Minh 700000, Vi?t Nam', '2015', 'qdd377', '0489943572');
INSERT INTO BENHNHAN VALUES ('BN0378', N'Tô Thanh Minh Châu', N'N?', N'71-73-75 Hai Bà Tr?ng, Street, Qu?n 1, Thành ph? H? Chí Minh, Vi?t Nam', '1963', 'ttmc378', '0996807839');
INSERT INTO BENHNHAN VALUES ('BN0379', N'Châu Công Thùy Linh', N'N?', N'59 ngõ 79, H?u Ngh?, Hòa Bình, Vi?t Nam', '1957', 'cctl379', '0975536070');
INSERT INTO BENHNHAN VALUES ('BN0380', N'Th?ch V?n Phong', N'Nam', N'Ngõ 30 ???ng Ph?m V?n ??ng, Mai D?ch, B?c T? Liêm, Hà N?i 10000, Vi?t Nam', '1990', 'tvp380', '0243908803');
INSERT INTO BENHNHAN VALUES ('BN0381', N'Tr?m Th?nh ?ông', N'Nam', N'405 Nguy?n S?n, Phú Th? Hoà, Tân Phú, Thành ph? H? Chí Minh, Vi?t Nam', '1978', 'ttd381', '0639892135');
INSERT INTO BENHNHAN VALUES ('BN0382', N'Ki?u Công Nguyên', N'Nam', N'86 Hu?nh Ng?c Hu?, Thanh Khê ?ông, Thanh Khê, ?à N?ng 550000, Vi?t Nam', '1953', 'kcn382', '0106440397');
INSERT INTO BENHNHAN VALUES ('BN0383', N'Ng?c Hoàng Hùng', N'Nam', N'46 Nguy?n Tri?u Lu?t, Khu Ph? 4, Bình Tân, Thành ph? H? Chí Minh, Vi?t Nam', '1982', 'nhh383', '0733682706');
INSERT INTO BENHNHAN VALUES ('BN0384', N'Lê Th? Qu?nh', N'N?', N'32 P. Yên Th?, V?n Mi?u, ??ng ?a, Hà N?i, Vi?t Nam', '1951', 'ltq384', '0088677613');
INSERT INTO BENHNHAN VALUES ('BN0385', N'Phù Hoàng Kiên', N'Nam', N'HL2, Bình Tr? ?ông A, Bình Tân, Thành ph? H? Chí Minh, Vi?t Nam', '1956', 'phk385', '0705015133');
INSERT INTO BENHNHAN VALUES ('BN0386', N'?inh V?n Tùng', N'Nam', N'28/1B Lê ?ình C?n, P, Bình Tân, Thành ph? H? Chí Minh, Vi?t Nam', '1988', 'dvt386', '0631772687');
INSERT INTO BENHNHAN VALUES ('BN0387', N'Ki?u ??c H?i', N'Nam', N'K 123 Cù Chính Lan, Hòa Khê, Thanh Khê, ?à N?ng 550000, Vi?t Nam', '1963', 'kdh387', '0859659723');
INSERT INTO BENHNHAN VALUES ('BN0388', N'Lâm Th? H?i', N'N?', N'A7/54 ???ng 1C, V?nh L?c B, Bình Chánh, Thành ph? H? Chí Minh, Vi?t Nam', '2006', 'lth388', '0462686498');
INSERT INTO BENHNHAN VALUES ('BN0389', N'Lê V?n Di?u', N'Nam', N'282 P. ??i C?n, Li?u Giai, Ba ?ình, Hà N?i, Vi?t Nam', '1977', 'lvd389', '0899890077');
INSERT INTO BENHNHAN VALUES ('BN0390', N'Nông V?n Thành', N'Nam', N'L?c Long Quân, Ph??ng 10, Tân Bình, Thành ph? H? Chí Minh, Vi?t Nam', '2022', 'nvt390', '0722402798');
INSERT INTO BENHNHAN VALUES ('BN0391', N'L??ng Công Dung', N'N?', N'7/3C ?. Âu C?, Ph??ng 10, Tân Bình, Thành ph? H? Chí Minh, Vi?t Nam', '2005', 'lcd391', '0268059211');
INSERT INTO BENHNHAN VALUES ('BN0392', N'M?c Th? H??ng', N'N?', N'203 ?. Tô Hi?n Thành, Ph??ng 15, Qu?n 11, Thành ph? H? Chí Minh, Vi?t Nam', '2018', 'mth392', '0725259443');
INSERT INTO BENHNHAN VALUES ('BN0393', N'H?a Huy Hà My', N'N?', N'25 Ph?m Nh? T?ng, Hòa Khê, Thanh Khê, ?à N?ng 550000, Vi?t Nam', '2024', 'hhhm393', '0183271461');
INSERT INTO BENHNHAN VALUES ('BN0394', N'Sái H?u V?', N'Nam', N'Ng. 1 800A, Ngh?a ?ô, C?u Gi?y, Hà N?i, Vi?t Nam', '1953', 'shv394', '0038687082');
INSERT INTO BENHNHAN VALUES ('BN0395', N'H?ng Hoàng Khang', N'Nam', N'226, ???ng Hà Huy T?p, Ph??ng Hòa Khê, Qu?n Thanh Khê, Hòa Khê, Thanh Khê, ?à N?ng, Vi?t Nam', '2024', 'hhk395', '0576215918');
INSERT INTO BENHNHAN VALUES ('BN0396', N'Bàng Nguy?n Phúc', N'Nam', N'16F/B1 Ba Tháng Hai T? 40 KP 6, Ph??ng 14, Qu?n 10, Thành ph? H? Chí Minh, Vi?t Nam', '1969', 'bnp396', '0040072539');
INSERT INTO BENHNHAN VALUES ('BN0397', N'Doãn Hoài Minh Tu?n', N'Nam', N'238 ?. C?u Gi?y, D?ch V?ng, C?u Gi?y, Hà N?i, Vi?t Nam', '2006', 'dhmt397', '0014539237');
INSERT INTO BENHNHAN VALUES ('BN0398', N'Sái ?ình Phú', N'Nam', N'250 Hà Huy T?p, Hòa Khê, Thanh Khê, ?à N?ng 550000, Vi?t Nam', '2024', 'sdp398', '0763124768');
INSERT INTO BENHNHAN VALUES ('BN0399', N'T? ??c Qu?c', N'Nam', N'579 ?. Nguy?n Chí Thanh, Ph??ng 7, Qu?n 5, Thành ph? H? Chí Minh, Vi?t Nam', '1987', 'tdq399', '0208573767');
INSERT INTO BENHNHAN VALUES ('BN0400', N'Ph?m Hoài ??t', N'Nam', N'26 Ngõ 329 C?u Gi?y, D?ch V?ng, C?u Gi?y, Hà N?i 100000, Vi?t Nam', '1981', 'phd400', '0756288737');
INSERT INTO BENHNHAN VALUES ('BN0401', N'Hà ??c Y?n', N'Nam', N'C4 C? Xá Phú Th? Hoà, Ph??ng 10, Tân Bình, Thành ph? H? Chí Minh, Vi?t Nam', '1956', 'hdy401', '0258510545');
INSERT INTO BENHNHAN VALUES ('BN0402', N'Tô H?u H??ng', N'N?', N'37 Xuân Th?y, D?ch V?ng H?u, C?u Gi?y, Hà N?i, Vi?t Nam', '2006', 'thh402', '0945662641');
INSERT INTO BENHNHAN VALUES ('BN0403', N'Viên Thành Qu?nh', N'Nam', N'99B Thái Bình, Ph??ng 4, Tân Bình, Thành ph? H? Chí Minh, Vi?t Nam', '1960', 'vtq403', '0993528750');
INSERT INTO BENHNHAN VALUES ('BN0404', N'Nhâm Hoài Huy?n Trang', N'N?', N'36/23 H?m 36 ??ng Kh?i, Ph??ng 4, Tân Bình, Thành ph? H? Chí Minh, Vi?t Nam', '1953', 'nhht404', '0172695352');
INSERT INTO BENHNHAN VALUES ('BN0405', N'V?n V?n Quang', N'Nam', N'204 Nguy?n V?n Linh, TT. Núi Thành, Núi Thành, Qu?ng Nam 550000, Vi?t Nam', '1972', 'vvq405', '0135095339');
INSERT INTO BENHNHAN VALUES ('BN0406', N'??ng Hoàng Ng?c', N'Nam', N'105 ???ng B2, Tây Th?nh, Tân Phú, Thành ph? H? Chí Minh, Vi?t Nam', '1982', 'dhn406', '0487244082');
INSERT INTO BENHNHAN VALUES ('BN0407', N'Thái Thành Gia Hân', N'N?', N'34 ?. Hoàng Di?u, Ph??ng 12, Qu?n 4, Thành ph? H? Chí Minh 700000, Vi?t Nam', '1980', 'ttgh407', '0405106958');
INSERT INTO BENHNHAN VALUES ('BN0408', N'Duy Ng?c Nhung', N'N?', N'Ngõ 30 ???ng Ph?m V?n ??ng, Mai D?ch, B?c T? Liêm, Hà N?i 10000, Vi?t Nam', '1957', 'dnn408', '0213796064');
INSERT INTO BENHNHAN VALUES ('BN0409', N'Châu Minh Thanh H??ng', N'N?', N'29 Hàm Nghi, B?n Nghé, Qu?n 1, Thành ph? H? Chí Minh 700000, Vi?t Nam', '1966', 'cmth409', '0710005783');
INSERT INTO BENHNHAN VALUES ('BN0410', N'Hàm H?u Hi?u', N'Nam', N'71-73-75 Hai Bà Tr?ng, Street, Qu?n 1, Thành ph? H? Chí Minh, Vi?t Nam', '2008', 'hhh410', '0993326241');
INSERT INTO BENHNHAN VALUES ('BN0411', N'Ki?u Th? Lan', N'N?', N'60 ngõ 79, H?u Ngh?, Hòa Bình, Vi?t Nam', '2015', 'ktl411', '0047291330');
INSERT INTO BENHNHAN VALUES ('BN0412', N'Viên Phúc Ng?c', N'Nam', N'406 Nguy?n S?n, Phú Th? Hoà, Tân Phú, Thành ph? H? Chí Minh, Vi?t Nam', '1979', 'vpn412', '0636725381');
INSERT INTO BENHNHAN VALUES ('BN0413', N'?oàn Hoàng Di?u', N'Nam', N'87 Hu?nh Ng?c Hu?, Thanh Khê ?ông, Thanh Khê, ?à N?ng 550000, Vi?t Nam', '1966', 'dhd413', '0557826613');
INSERT INTO BENHNHAN VALUES ('BN0414', N'Cáp Hoài Khang', N'Nam', N'47 Nguy?n Tri?u Lu?t, Khu Ph? 4, Bình Tân, Thành ph? H? Chí Minh, Vi?t Nam', '2018', 'chk414', '0881133204');
INSERT INTO BENHNHAN VALUES ('BN0415', N'V??ng Ng?c Ngân', N'N?', N'33 P. Yên Th?, V?n Mi?u, ??ng ?a, Hà N?i, Vi?t Nam', '1958', 'vnn415', '0309406199');
INSERT INTO BENHNHAN VALUES ('BN0416', N'T? Hoàng Bình', N'Nam', N'HL2, Bình Tr? ?ông A, Bình Tân, Thành ph? H? Chí Minh, Vi?t Nam', '2013', 'thb416', '0524208702');
INSERT INTO BENHNHAN VALUES ('BN0417', N'Phùng Ng?c Khang', N'Nam', N'K 123 Cù Chính Lan, Hòa Khê, Thanh Khê, ?à N?ng 550000, Vi?t Nam', '2013', 'pnk417', '0289171077');
INSERT INTO BENHNHAN VALUES ('BN0418', N'T? Công Qu?nh', N'Nam', N'28/1B Lê ?ình C?n, P, Bình Tân, Thành ph? H? Chí Minh, Vi?t Nam', '2007', 'tcq418', '0079331091');
INSERT INTO BENHNHAN VALUES ('BN0419', N'Tr?m Phúc Gia Hân', N'N?', N'A7/54 ???ng 1C, V?nh L?c B, Bình Chánh, Thành ph? H? Chí Minh, Vi?t Nam', '2001', 'tpgh419', '0982010082');
INSERT INTO BENHNHAN VALUES ('BN0420', N'Vi Thành Bích Ng?c', N'N?', N'283 P. ??i C?n, Li?u Giai, Ba ?ình, Hà N?i, Vi?t Nam', '2019', 'vtbn420', '0847539021');
INSERT INTO BENHNHAN VALUES ('BN0421', N'??ch Hoài Ánh', N'Nam', N'L?c Long Quân, Ph??ng 10, Tân Bình, Thành ph? H? Chí Minh, Vi?t Nam', '1974', 'dha421', '0116168630');
INSERT INTO BENHNHAN VALUES ('BN0422', N'Ôn Phúc Ng?c Ánh', N'N?', N'7/3C ?. Âu C?, Ph??ng 10, Tân Bình, Thành ph? H? Chí Minh, Vi?t Nam', '1985', 'opna422', '0151399031');
INSERT INTO BENHNHAN VALUES ('BN0423', N'?? Tu?n S?n', N'Nam', N'46/1A ?? Nhu?n, S?n K?, Tân Phú, TP.HCM', '1983', 'dts423', '0258160368');
INSERT INTO BENHNHAN VALUES ('BN0424', N'Âu H?u Vinh', N'Nam', N'16 P. Nguy?n Quang Bích. C?a ?ông. Hoàn Ki?m. Hà N?i 10000. Vi?t Nam', '1993', 'ahv424', '0918453871');
INSERT INTO BENHNHAN VALUES ('BN0425', N'Doãn Tu?n Hi?u', N'Nam', N'88 Lê V?n Duy?t, ?a Kao, Qu?n 1, Thành ph? H? Chí Minh, Vi?t Nam', '1971', 'dth425', '0793310974');
INSERT INTO BENHNHAN VALUES ('BN0426', N'Cù Ng?c H??ng', N'N?', N'21 5 Tháng 6, T? dân ph? s? 16, Th? xã Lai Châu, Lai Châu, Vi?t Nam', '2012', 'cnh426', '0425714709');
INSERT INTO BENHNHAN VALUES ('BN0427', N'Phó ??c Linh', N'Nam', N'107 Minh Khai, Ph? M?i, Lào Cai, Vi?t Nam', '2011', 'pdl427', '0651422435');
INSERT INTO BENHNHAN VALUES ('BN0428', N'Kh?ng Thanh Lâm', N'Nam', N'876 Tr?n Cao Vân, Thanh Khê ?ông, Thanh Khê, ?à N?ng, Vi?t Nam', '1996', 'ktl428', '0053093152');
INSERT INTO BENHNHAN VALUES ('BN0429', N'Tài Phúc Lâm', N'Nam', N'Ng. 34 P. Hào Nam, Ch? D?a, ??ng ?a, Hà N?i, Vi?t Nam', '2022', 'tpl429', '0262513424');
INSERT INTO BENHNHAN VALUES ('BN0430', N'L??ng Huy Qu?c', N'Nam', N'164 Nguy?n Thông, Bình Tâm, Tân An, Long An, Vi?t Nam', '2017', 'lhq430', '0191565928');
INSERT INTO BENHNHAN VALUES ('BN0431', N'Kh?ng Hoài Ng?c', N'N?', N'108 Thái Bình, Tr?n T? X??ng, TP. Nam ??nh, Nam ??nh, Vi?t Nam', '2019', 'khn431', '0308039328');
INSERT INTO BENHNHAN VALUES ('BN0432', N'Lê Thành Ng?c Mai', N'N?', N'573 ?i?n Biên Ph?, Thanh Khê ?ông, Thanh Khê, ?à N?ng 550000, Vi?t Nam', '1987', 'ltnm432', '0168844396');
INSERT INTO BENHNHAN VALUES ('BN0433', N'Giang Công Hà', N'Nam', N'79 ?. La Thành, Ch? D?a, ??ng ?a, Hà N?i, Vi?t Nam', '1959', 'gch433', '0910873984');
INSERT INTO BENHNHAN VALUES ('BN0434', N'H?a H?u H?i', N'Nam', N'198 Nguy?n L??ng B?ng, Quang Trung, ??ng ?a, Hà N?i, Vi?t Nam', '2002', 'hhh434', '0012252478');
INSERT INTO BENHNHAN VALUES ('BN0435', N'Lâm Th? Ng?c Lan', N'Nam', N'12 Hà Li?u, Ph.Gia C?m, Thành ph? Vi?t Trì, Phú Th?, Vi?t Nam', '1956', 'ltnl435', '0254266717');
INSERT INTO BENHNHAN VALUES ('BN0436', N'V?n Th? Qu?nh Nga', N'Nam', N'112 ?. ?inh Tiên Hoàng, ?a Kao, Qu?n 1, Thành ph? H? Chí Minh, Vi?t Nam', '1994', 'vtqn436', '0506334425');
INSERT INTO BENHNHAN VALUES ('BN0437', N'Hàm Nguy?n Ánh', N'Nam', N'9 ?. Phan ??ng L?u, Ph??ng 3, Bình Th?nh, Thành ph? H? Chí Minh, Vi?t Nam', '1955', 'hna437', '0490400433');
INSERT INTO BENHNHAN VALUES ('BN0438', N'Phan Th? Th?ng', N'N?', N'12 N? Trang Long, Ph??ng 14, Bình Th?nh, Thành ph? H? Chí Minh, Vi?t Nam', '1963', 'ptt438', '0490134762');
INSERT INTO BENHNHAN VALUES ('BN0439', N'??ng V?n Qu?nh', N'Nam', N'90 Ph?m V?n ??ng, Ngh?a Chánh B?c, Qu?ng Ngãi, Vi?t Nam', '1965', 'dvq439', '0844021811');
INSERT INTO BENHNHAN VALUES ('BN0440', N'Bùi ??c Kim', N'Nam', N'1 ?. Phan ??ng L?u, ph??ng 03, Bình Th?nh, Thành ph? H? Chí Minh 72300, Vi?t Nam', '2012', 'bdk440', '0398285078');
INSERT INTO BENHNHAN VALUES ('BN0441', N'Mai Hoàng Qu?c', N'Nam', N'105 Hai Bà Tr?ng, Ph??ng 3, Qu?ng Tr?, Vi?t Nam', '1961', 'mhq441', '0400479378');
INSERT INTO BENHNHAN VALUES ('BN0442', N'?oàn Th?nh An', N'Nam', N'10 Lê Thánh Tông, Th?ng L?i, Thành ph? Buôn Ma Thu?t, ??k L?k, Vi?t Nam', '2003', 'dta442', '0436423974');
INSERT INTO BENHNHAN VALUES ('BN0443', N'Tôn Th? Thái', N'N?', N'122 Nguy?n L??ng B?ng, Quang Trung, ??ng ?a, Hà N?i, Vi?t Nam', '2020', 'ttt443', '0869053146');
INSERT INTO BENHNHAN VALUES ('BN0444', N'D??ng Th?nh Ph??ng Anh', N'N?', N'258 Cù Chính Lan, Thanh Khê ?ông, Thanh Khê, ?à N?ng 550000, Vi?t Nam', '1963', 'dtpa444', '0834678125');
INSERT INTO BENHNHAN VALUES ('BN0445', N'Tr?m Thanh Mai Ph??ng', N'N?', N'199 P. V??ng Th?a V?, Kh??ng Trung, Thanh Xuân, Hà N?i, Vi?t Nam', '2005', 'ttmp445', '0810695247');
INSERT INTO BENHNHAN VALUES ('BN0446', N'?àm ??c Vy', N'N?', N'132 ?T848, Ph??ng An Hoà, Sa ?éc, ??ng Tháp, Vi?t Nam', '2024', 'ddv446', '0962634128');
INSERT INTO BENHNHAN VALUES ('BN0447', N'Phùng Th? Hà', N'N?', N'87P1 ?. Lê V?n Duy?t, Ph??ng 3, Bình Th?nh, Thành ph? H? Chí Minh 700000, Vi?t Nam', '2003', 'pth447', '0557739543');
INSERT INTO BENHNHAN VALUES ('BN0448', N'Hàm Hoàng Nam', N'Nam', N'24 B?ch ??ng, P. Nguy?n Trãi, Hà Giang, Vi?t Nam', '2010', 'hhn448', '0708323929');
INSERT INTO BENHNHAN VALUES ('BN0449', N'Tôn Minh Tuy?t', N'N?', N'164 / 44 P. V??ng Th?a V?, Kh??ng Trung, Thanh Xuân, Hà N?i, Vi?t Nam', '2011', 'tmt449', '0162780521');
INSERT INTO BENHNHAN VALUES ('BN0450', N'Phùng Hoài Th? H??ng', N'N?', N'5 Nguy?n Tri Ph??ng, Quán Thánh, Ba ?ình, Hà N?i, Vi?t Nam', '2012', 'phth450', '0114178014');
INSERT INTO BENHNHAN VALUES ('BN0451', N'Chu?n Th? Khang', N'N?', N'745 Tr?n Cao Vân, Thanh Khê ?ông, H?i Châu, ?à N?ng, Vi?t Nam', '1963', 'ctk451', '0743751503');
INSERT INTO BENHNHAN VALUES ('BN0452', N'Hàn V?n Phúc', N'Nam', N'1/2 Phó ??c Chính, Ph??ng 1, Bình Th?nh, Thành ph? H? Chí Minh, Vi?t Nam', '1953', 'hvp452', '0500833182');
INSERT INTO BENHNHAN VALUES ('BN0453', N'L?u Tu?n Tr??ng', N'Nam', N'93 Bà Tri?u, P. Thanh Trung, Thành ph? H?i D??ng, H?i D??ng, Vi?t Nam', '1955', 'ltt453', '0272815970');
INSERT INTO BENHNHAN VALUES ('BN0454', N'M?c Thanh S?n', N'Nam', N'8 Lê Quang ??nh, Ph??ng 14, Bình Th?nh, Thành ph? H? Chí Minh, Vi?t Nam', '1985', 'mts454', '0429244133');
INSERT INTO BENHNHAN VALUES ('BN0455', N'?inh V?n Ng?c Y?n', N'N?', N'58 ngõ 79, H?u Ngh?, Hòa Bình, Vi?t Nam', '2003', 'dvny455', '0226953312');
INSERT INTO BENHNHAN VALUES ('BN0456', N'Th?ch Hoàng Huy', N'Nam', N'404 Nguy?n S?n, Phú Th? Hoà, Tân Phú, Thành ph? H? Chí Minh, Vi?t Nam', '2005', 'thh456', '0588150362');
INSERT INTO BENHNHAN VALUES ('BN0457', N'Vi?n Huy Nguyên', N'Nam', N'85 Hu?nh Ng?c Hu?, Thanh Khê ?ông, Thanh Khê, ?à N?ng 550000, Vi?t Nam', '1956', 'vhn457', '0667302263');
INSERT INTO BENHNHAN VALUES ('BN0458', N'Viên Anh Loan', N'N?', N'45 Nguy?n Tri?u Lu?t, Khu Ph? 4, Bình Tân, Thành ph? H? Chí Minh, Vi?t Nam', '1974', 'val458', '0591255052');
INSERT INTO BENHNHAN VALUES ('BN0459', N'?ng ??c H?i', N'Nam', N'31 P. Yên Th?, V?n Mi?u, ??ng ?a, Hà N?i, Vi?t Nam', '1978', 'udh459', '0052592082');
INSERT INTO BENHNHAN VALUES ('BN0460', N'Phùng Nguy?n Duy', N'Nam', N'HL2, Bình Tr? ?ông A, Bình Tân, Thành ph? H? Chí Minh, Vi?t Nam', '2013', 'pnd460', '0220812263');
INSERT INTO BENHNHAN VALUES ('BN0461', N'V??ng Minh H?ng Loan', N'N?', N'28/1B Lê ?ình C?n, P, Bình Tân, Thành ph? H? Chí Minh, Vi?t Nam', '1969', 'vmhl461', '0800180747');
INSERT INTO BENHNHAN VALUES ('BN0462', N'Bi?n Th? Ti?n', N'Nam', N'K 123 Cù Chính Lan, Hòa Khê, Thanh Khê, ?à N?ng 550000, Vi?t Nam', '1979', 'btt462', '0684646419');
INSERT INTO BENHNHAN VALUES ('BN0463', N'??u Thanh Thuý', N'N?', N'A7/54 ???ng 1C, V?nh L?c B, Bình Chánh, Thành ph? H? Chí Minh, Vi?t Nam', '1977', 'dtt463', '0859761378');
INSERT INTO BENHNHAN VALUES ('BN0464', N'D??ng Thành Lâm', N'Nam', N'281 P. ??i C?n, Li?u Giai, Ba ?ình, Hà N?i, Vi?t Nam', '1995', 'dtl464', '0360744030');
INSERT INTO BENHNHAN VALUES ('BN0465', N'Sái Th? Quy?t', N'N?', N'L?c Long Quân, Ph??ng 10, Tân Bình, Thành ph? H? Chí Minh, Vi?t Nam', '1970', 'stq465', '0865615005');
INSERT INTO BENHNHAN VALUES ('BN0466', N'Qu?n Minh ??c', N'Nam', N'7/3C ?. Âu C?, Ph??ng 10, Tân Bình, Thành ph? H? Chí Minh, Vi?t Nam', '2015', 'qmd466', '0438195367');
INSERT INTO BENHNHAN VALUES ('BN0467', N'??ng Tu?n Huy', N'Nam', N'202 ?. Tô Hi?n Thành, Ph??ng 15, Qu?n 11, Thành ph? H? Chí Minh, Vi?t Nam', '1963', 'dth467', '0420457520');
INSERT INTO BENHNHAN VALUES ('BN0468', N'La Minh Kim', N'N?', N'24 Ph?m Nh? T?ng, Hòa Khê, Thanh Khê, ?à N?ng 550000, Vi?t Nam', '2016', 'lmk468', '0794637733');
INSERT INTO BENHNHAN VALUES ('BN0469', N'Ki?u ??c Trang', N'N?', N'Ng. 1 800A, Ngh?a ?ô, C?u Gi?y, Hà N?i, Vi?t Nam', '1958', 'kdt469', '0342379657');
INSERT INTO BENHNHAN VALUES ('BN0470', N'V?n Nguy?n ??c', N'Nam', N'226, ???ng Hà Huy T?p, Ph??ng Hòa Khê, Qu?n Thanh Khê, Hòa Khê, Thanh Khê, ?à N?ng, Vi?t Nam', '1990', 'vnd470', '0850349209');
INSERT INTO BENHNHAN VALUES ('BN0471', N'Nhâm Th? Ngân', N'N?', N'16F/B1 Ba Tháng Hai T? 40 KP 6, Ph??ng 14, Qu?n 10, Thành ph? H? Chí Minh, Vi?t Nam', '2024', 'ntn471', '0130744169');
INSERT INTO BENHNHAN VALUES ('BN0472', N'Chu?n Hoàng Thuý', N'N?', N'237 ?. C?u Gi?y, D?ch V?ng, C?u Gi?y, Hà N?i, Vi?t Nam', '1957', 'cht472', '0131526355');
INSERT INTO BENHNHAN VALUES ('BN0473', N'Hu?nh ??c Ng?c Lan', N'N?', N'249 Hà Huy T?p, Hòa Khê, Thanh Khê, ?à N?ng 550000, Vi?t Nam', '1985', 'hdnl473', '0440377362');
INSERT INTO BENHNHAN VALUES ('BN0474', N'Khúc V?n An', N'N?', N'578 ?. Nguy?n Chí Thanh, Ph??ng 7, Qu?n 5, Thành ph? H? Chí Minh, Vi?t Nam', '1983', 'kva474', '0108086546');
INSERT INTO BENHNHAN VALUES ('BN0475', N'??ng Ng?c Mai', N'N?', N'25 Ngõ 329 C?u Gi?y, D?ch V?ng, C?u Gi?y, Hà N?i 100000, Vi?t Nam', '1992', 'dnm475', '0614363358');
INSERT INTO BENHNHAN VALUES ('BN0476', N'Ki?u ??c Ng?c Mai', N'N?', N'C4 C? Xá Phú Th? Hoà, Ph??ng 10, Tân Bình, Thành ph? H? Chí Minh, Vi?t Nam', '1954', 'kdnm476', '0482934186');
INSERT INTO BENHNHAN VALUES ('BN0477', N'Giang Hoàng Vinh', N'Nam', N'36 Xuân Th?y, D?ch V?ng H?u, C?u Gi?y, Hà N?i, Vi?t Nam', '1960', 'ghv477', '0325831860');
INSERT INTO BENHNHAN VALUES ('BN0478', N'Châu V?n B?o', N'Nam', N'99B Thái Bình, Ph??ng 4, Tân Bình, Thành ph? H? Chí Minh, Vi?t Nam', '1964', 'cvb478', '0833946994');
INSERT INTO BENHNHAN VALUES ('BN0479', N'Qu?n Công H??ng', N'N?', N'36/23 H?m 36 ??ng Kh?i, Ph??ng 4, Tân Bình, Thành ph? H? Chí Minh, Vi?t Nam', '1994', 'qch479', '0969609618');
INSERT INTO BENHNHAN VALUES ('BN0480', N'Qu?n V?n B?o', N'Nam', N'203 Nguy?n V?n Linh, TT. Núi Thành, Núi Thành, Qu?ng Nam 550000, Vi?t Nam', '1961', 'qvb480', '0650079835');
INSERT INTO BENHNHAN VALUES ('BN0481', N'?? Hoài Anh', N'Nam', N'104 ???ng B2, Tây Th?nh, Tân Phú, Thành ph? H? Chí Minh, Vi?t Nam', '1952', 'dha481', '0525980446');
INSERT INTO BENHNHAN VALUES ('BN0482', N'Trình Thành Linh', N'Nam', N'33 ?. Hoàng Di?u, Ph??ng 12, Qu?n 4, Thành ph? H? Chí Minh 700000, Vi?t Nam', '1989', 'ttl482', '0294422396');
INSERT INTO BENHNHAN VALUES ('BN0483', N'Tôn Thanh H?i', N'Nam', N'Ngõ 30 ???ng Ph?m V?n ??ng, Mai D?ch, B?c T? Liêm, Hà N?i 10000, Vi?t Nam', '1985', 'tth483', '0897216953');
INSERT INTO BENHNHAN VALUES ('BN0484', N'Lý Hoàng Ng?c Di?p', N'N?', N'28 Hàm Nghi, B?n Nghé, Qu?n 1, Thành ph? H? Chí Minh 700000, Vi?t Nam', '1975', 'lhnd484', '0490675579');
INSERT INTO BENHNHAN VALUES ('BN0485', N'Lâm Hoàng Hà Thu', N'N?', N'71-73-75 Hai Bà Tr?ng, Street, Qu?n 1, Thành ph? H? Chí Minh, Vi?t Nam', '1969', 'lhht485', '0718737147');
INSERT INTO BENHNHAN VALUES ('BN0486', N'Phan V?n S?n', N'Nam', N'368 ?. Hùng V??ng. Ph??ng 3. Tân An. Long An. Vi?t Nam', '1962', 'pvs486', '0195911093');
INSERT INTO BENHNHAN VALUES ('BN0487', N'T?t Hoàng Qu?nh', N'N?', N'H55 Nguy?n Th? Ngh?a, Ph??ng 2, Thành ph? ?à L?t, Lâm ??ng 66109, Vi?t Nam', '1992', 'thq487', '0898622220');
INSERT INTO BENHNHAN VALUES ('BN0488', N'Tr?nh Anh V?n', N'Nam', N'92 Tr??ng Th? Sáu, Ph??ng 3, Tân An, Long An, Vi?t Nam', '2017', 'tav488', '0208793738');
INSERT INTO BENHNHAN VALUES ('BN0489', N'Tôn Th?nh Duy', N'Nam', N'???ng N3, L?c Hoà, TP. Nam ??nh, Nam ??nh, Vi?t Nam', '1999', 'ttd489', '0216542724');
INSERT INTO BENHNHAN VALUES ('BN0490', N'Ngô Duy Nam', N'Nam', N'S? 40 ??i l? Xô Vi?t Ngh?, Nghi Phú, Thành ph? Vinh, Ngh? An, Vi?t Nam', '2002', 'ndn490', '0598195333');
INSERT INTO BENHNHAN VALUES ('BN0491', N'Nguy?n Duy Khang', N'Nam', N'89 ???ng Ninh Tôn, Ninh Phú, Ninh Bình, 08000, Vi?t Nam', '1975', 'ndk491', '0259970633');
INSERT INTO BENHNHAN VALUES ('BN0492', N'Thái ?ình Phú', N'Nam', N'1E Th?ng Nh?t, ?ài S?n, Phan Rang-Tháp Chàm, Ninh Thu?n, Vi?t Nam', '1962', 'tdp492', '0040200327');
INSERT INTO BENHNHAN VALUES ('BN0493', N'Sái Thanh Y?n', N'Nam', N'98C6+H48, Hy C??ng, Thành ph? Vi?t Trì, Phú Th?, Vi?t Nam', '1963', 'sty493', '0815240555');
INSERT INTO BENHNHAN VALUES ('BN0494', N'Lý Th? Nguyên', N'N?', N'154 ?. Nguy?n Trãi, Ph??ng 5, Tuy Hòa, Phú Yên 56100, Vi?t Nam', '1967', 'ltn494', '0681042838');
INSERT INTO BENHNHAN VALUES ('BN0495', N'Phùng Công Nam', N'Nam', N'5RX7+MGF, M? Thu?, L? Th?y, Qu?ng Bình, Vi?t Nam', '1989', 'pcn495', '0073086700');
INSERT INTO BENHNHAN VALUES ('BN0496', N'Lê Công Thúy', N'N?', N'V7F9+36 ?i?n Bàn, Qu?ng Nam, Vi?t Nam', '1970', 'lct496', '0350146156');
INSERT INTO BENHNHAN VALUES ('BN0497', N'T? V?n Quân', N'Nam', N'4VHF+MPC, Ngh?a Hà, T? Ngh?a, Qu?ng Ngãi, Vi?t Nam', '2016', 'tvq497', '0613838659');
INSERT INTO BENHNHAN VALUES ('BN0498', N'Châu Th? Ng?c Trinh', N'N?', N'VRXH+W4H, Unnamed Road, Liên Hoà, Yên H?ng, Qu?ng Ninh, Vi?t Nam', '1952', 'ctnt498', '0567228699');
INSERT INTO BENHNHAN VALUES ('BN0499', N'Nông Quang Thanh', N'Nam', N'WH88+45W, Hòa S?n, L??ng S?n, Hòa Bình, Vi?t Nam', '1953', 'nqt499', '0458232406');
INSERT INTO BENHNHAN VALUES ('BN0500', N'Lâm Th?nh Linh', N'Nam', N'Nguy?n H?u Th?, Ph??ng 3, Tây Ninh, Vi?t Nam', '2006', 'ltl500', '0266268500');
INSERT INTO BENHNHAN VALUES ('BN0501', N'Thi V?n Kim', N'Nam', N'Ph?m Quang L?ch Lý Bôn, Ti?n Phong, Thái Bình, 61000, Vi?t Nam', '1993', 'tvk501', '0781703456');


INSERT INTO LICHLAMVIEC VALUES ('L0001', 'BS0001', 'A31', TO_DATE('02/01/2024', 'DD/MM/YYYY'));
INSERT INTO LICHLAMVIEC VALUES ('L0002', 'BS0002', 'A42', TO_DATE('02/02/2024', 'DD/MM/YYYY'));
INSERT INTO LICHLAMVIEC VALUES ('L0003', 'BS0003', 'B14', TO_DATE('03/02/2024', 'DD/MM/YYYY'));
INSERT INTO LICHLAMVIEC VALUES ('L0004', 'BS0004', 'F33', TO_DATE('04/03/2024', 'DD/MM/YYYY'));
INSERT INTO LICHLAMVIEC VALUES ('L0005', 'BS0005', 'A14', TO_DATE('05/02/2024', 'DD/MM/YYYY'));
INSERT INTO LICHLAMVIEC VALUES ('L0006', 'BS0006', 'P24', TO_DATE('06/03/2024', 'DD/MM/YYYY'));
INSERT INTO LICHLAMVIEC VALUES ('L0007', 'BS0007', 'B32', TO_DATE('07/02/2024', 'DD/MM/YYYY'));
INSERT INTO LICHLAMVIEC VALUES ('L0008', 'BS0008', 'A21', TO_DATE('08/02/2024', 'DD/MM/YYYY'));
INSERT INTO LICHLAMVIEC VALUES ('L0009', 'BS0009', 'A34', TO_DATE('09/02/2024', 'DD/MM/YYYY'));
INSERT INTO LICHLAMVIEC VALUES ('L0010', 'BS0010', 'B11', TO_DATE('10/02/2024', 'DD/MM/YYYY'));
INSERT INTO LICHLAMVIEC VALUES ('L0011', 'BS0011', 'B31', TO_DATE('11/03/2024', 'DD/MM/YYYY'));
INSERT INTO LICHLAMVIEC VALUES ('L0012', 'BS0012', 'C31', TO_DATE('12/02/2024', 'DD/MM/YYYY'));
INSERT INTO LICHLAMVIEC VALUES ('L0013', 'BS0013', 'A11', TO_DATE('13/02/2024', 'DD/MM/YYYY'));
INSERT INTO LICHLAMVIEC VALUES ('L0014', 'BS0014', 'B33', TO_DATE('14/02/2024', 'DD/MM/YYYY'));
INSERT INTO LICHLAMVIEC VALUES ('L0015', 'BS0015', 'A22', TO_DATE('15/02/2024', 'DD/MM/YYYY'));
INSERT INTO LICHLAMVIEC VALUES ('L0016', 'BS0016', 'P31', TO_DATE('16/02/2024', 'DD/MM/YYYY'));
INSERT INTO LICHLAMVIEC VALUES ('L0017', 'BS0017', 'B34', TO_DATE('17/02/2024', 'DD/MM/YYYY'));
INSERT INTO LICHLAMVIEC VALUES ('L0018', 'BS0018', 'F31', TO_DATE('18/02/2024', 'DD/MM/YYYY'));
INSERT INTO LICHLAMVIEC VALUES ('L0019', 'BS0019', 'A35', TO_DATE('19/02/2024', 'DD/MM/YYYY'));
INSERT INTO LICHLAMVIEC VALUES ('L0020', 'BS0020', 'A12', TO_DATE('20/02/2024', 'DD/MM/YYYY'));
INSERT INTO LICHLAMVIEC VALUES ('L0021', 'BS0021', 'A31', TO_DATE('21/02/2024', 'DD/MM/YYYY'));
INSERT INTO LICHLAMVIEC VALUES ('L0022', 'BS0022', 'A42', TO_DATE('22/02/2024', 'DD/MM/YYYY'));
INSERT INTO LICHLAMVIEC VALUES ('L0023', 'BS0023', 'B14', TO_DATE('23/02/2024', 'DD/MM/YYYY'));
INSERT INTO LICHLAMVIEC VALUES ('L0024', 'BS0024', 'F33', TO_DATE('24/02/2024', 'DD/MM/YYYY'));
INSERT INTO LICHLAMVIEC VALUES ('L0025', 'BS0025', 'A14', TO_DATE('25/02/2024', 'DD/MM/YYYY'));
INSERT INTO LICHLAMVIEC VALUES ('L0026', 'BS0026', 'P24', TO_DATE('26/02/2024', 'DD/MM/YYYY'));
INSERT INTO LICHLAMVIEC VALUES ('L0027', 'BS0027', 'B32', TO_DATE('27/02/2024', 'DD/MM/YYYY'));
INSERT INTO LICHLAMVIEC VALUES ('L0028', 'BS0028', 'A21', TO_DATE('28/02/2024', 'DD/MM/YYYY'));
INSERT INTO LICHLAMVIEC VALUES ('L0029', 'BS0029', 'A34', TO_DATE('01/03/2024', 'DD/MM/YYYY'));
INSERT INTO LICHLAMVIEC VALUES ('L0030', 'BS0030', 'B11', TO_DATE('02/03/2024', 'DD/MM/YYYY'));
INSERT INTO LICHLAMVIEC VALUES ('L0031', 'BS0031', 'B31', TO_DATE('03/03/2024', 'DD/MM/YYYY'));
INSERT INTO LICHLAMVIEC VALUES ('L0032', 'BS0032', 'C31', TO_DATE('04/03/2024', 'DD/MM/YYYY'));
INSERT INTO LICHLAMVIEC VALUES ('L0033', 'BS0033', 'A11', TO_DATE('05/03/2024', 'DD/MM/YYYY'));
INSERT INTO LICHLAMVIEC VALUES ('L0034', 'BS0034', 'B33', TO_DATE('06/03/2024', 'DD/MM/YYYY'));
INSERT INTO LICHLAMVIEC VALUES ('L0035', 'BS0035', 'A22', TO_DATE('07/03/2024', 'DD/MM/YYYY'));
INSERT INTO LICHLAMVIEC VALUES ('L0036', 'BS0044', 'P31', TO_DATE('08/03/2024', 'DD/MM/YYYY'));
INSERT INTO LICHLAMVIEC VALUES ('L0037', 'BS0045', 'B34', TO_DATE('09/03/2024', 'DD/MM/YYYY'));
INSERT INTO LICHLAMVIEC VALUES ('L0038', 'BS0046', 'F31', TO_DATE('10/03/2024', 'DD/MM/YYYY'));
INSERT INTO LICHLAMVIEC VALUES ('L0039', 'BS0047', 'A35', TO_DATE('11/03/2024', 'DD/MM/YYYY'));
INSERT INTO LICHLAMVIEC VALUES ('L0040', 'BS0048', 'A12', TO_DATE('12/03/2024', 'DD/MM/YYYY'));
INSERT INTO LICHLAMVIEC VALUES ('L0041', 'BS0049', 'A31', TO_DATE('13/03/2024', 'DD/MM/YYYY'));
INSERT INTO LICHLAMVIEC VALUES ('L0042', 'BS0050', 'A42', TO_DATE('14/03/2024', 'DD/MM/YYYY'));
INSERT INTO LICHLAMVIEC VALUES ('L0043', 'BS0001', 'B14', TO_DATE('15/03/2024', 'DD/MM/YYYY'));
INSERT INTO LICHLAMVIEC VALUES ('L0044', 'BS0002', 'F33', TO_DATE('16/03/2024', 'DD/MM/YYYY'));
INSERT INTO LICHLAMVIEC VALUES ('L0045', 'BS0003', 'A14', TO_DATE('17/03/2024', 'DD/MM/YYYY'));
INSERT INTO LICHLAMVIEC VALUES ('L0046', 'BS0004', 'P24', TO_DATE('18/03/2024', 'DD/MM/YYYY'));
INSERT INTO LICHLAMVIEC VALUES ('L0047', 'BS0005', 'B32', TO_DATE('19/03/2024', 'DD/MM/YYYY'));
INSERT INTO LICHLAMVIEC VALUES ('L0048', 'BS0006', 'A21', TO_DATE('20/03/2024', 'DD/MM/YYYY'));
INSERT INTO LICHLAMVIEC VALUES ('L0049', 'BS0007', 'A34', TO_DATE('21/03/2024', 'DD/MM/YYYY'));
INSERT INTO LICHLAMVIEC VALUES ('L0050', 'BS0008', 'B11', TO_DATE('22/03/2024', 'DD/MM/YYYY'));
INSERT INTO LICHLAMVIEC VALUES ('L0051', 'BS0009', 'B31', TO_DATE('23/03/2024', 'DD/MM/YYYY'));
INSERT INTO LICHLAMVIEC VALUES ('L0052', 'BS0010', 'C31', TO_DATE('24/03/2024', 'DD/MM/YYYY'));
INSERT INTO LICHLAMVIEC VALUES ('L0053', 'BS0011', 'A11', TO_DATE('25/03/2024', 'DD/MM/YYYY'));
INSERT INTO LICHLAMVIEC VALUES ('L0054', 'BS0012', 'B33', TO_DATE('26/03/2024', 'DD/MM/YYYY'));
INSERT INTO LICHLAMVIEC VALUES ('L0055', 'BS0013', 'A22', TO_DATE('27/03/2024', 'DD/MM/YYYY'));
INSERT INTO LICHLAMVIEC VALUES ('L0056', 'BS0014', 'P31', TO_DATE('28/03/2024', 'DD/MM/YYYY'));
INSERT INTO LICHLAMVIEC VALUES ('L0057', 'BS0015', 'B34', TO_DATE('29/03/2024', 'DD/MM/YYYY'));
INSERT INTO LICHLAMVIEC VALUES ('L0058', 'BS0016', 'F31', TO_DATE('30/03/2024', 'DD/MM/YYYY'));
INSERT INTO LICHLAMVIEC VALUES ('L0059', 'BS0017', 'A35', TO_DATE('31/03/2024', 'DD/MM/YYYY'));
INSERT INTO LICHLAMVIEC VALUES ('L0060', 'BS0018', 'A12', TO_DATE('01/04/2024', 'DD/MM/YYYY'));
INSERT INTO LICHLAMVIEC VALUES ('L0061', 'BS0019', 'A31', TO_DATE('02/04/2024', 'DD/MM/YYYY'));
INSERT INTO LICHLAMVIEC VALUES ('L0062', 'BS0020', 'A42', TO_DATE('03/04/2024', 'DD/MM/YYYY'));
INSERT INTO LICHLAMVIEC VALUES ('L0063', 'BS0021', 'B14', TO_DATE('04/04/2024', 'DD/MM/YYYY'));
INSERT INTO LICHLAMVIEC VALUES ('L0064', 'BS0022', 'F33', TO_DATE('05/04/2024', 'DD/MM/YYYY'));
INSERT INTO LICHLAMVIEC VALUES ('L0065', 'BS0023', 'A14', TO_DATE('06/04/2024', 'DD/MM/YYYY'));
INSERT INTO LICHLAMVIEC VALUES ('L0066', 'BS0024', 'P24', TO_DATE('07/04/2024', 'DD/MM/YYYY'));
INSERT INTO LICHLAMVIEC VALUES ('L0067', 'BS0025', 'B32', TO_DATE('08/04/2024', 'DD/MM/YYYY'));
INSERT INTO LICHLAMVIEC VALUES ('L0068', 'BS0026', 'A21', TO_DATE('09/04/2024', 'DD/MM/YYYY'));
INSERT INTO LICHLAMVIEC VALUES ('L0069', 'BS0027', 'A34', TO_DATE('10/04/2024', 'DD/MM/YYYY'));
INSERT INTO LICHLAMVIEC VALUES ('L0070', 'BS0028', 'B11', TO_DATE('11/04/2024', 'DD/MM/YYYY'));
INSERT INTO LICHLAMVIEC VALUES ('L0071', 'BS0029', 'B31', TO_DATE('12/04/2024', 'DD/MM/YYYY'));
INSERT INTO LICHLAMVIEC VALUES ('L0072', 'BS0030', 'C31', TO_DATE('13/04/2024', 'DD/MM/YYYY'));
INSERT INTO LICHLAMVIEC VALUES ('L0073', 'BS0031', 'A11', TO_DATE('14/04/2024', 'DD/MM/YYYY'));
INSERT INTO LICHLAMVIEC VALUES ('L0074', 'BS0032', 'B33', TO_DATE('15/04/2024', 'DD/MM/YYYY'));
INSERT INTO LICHLAMVIEC VALUES ('L0075', 'BS0033', 'A22', TO_DATE('16/04/2024', 'DD/MM/YYYY'));
INSERT INTO LICHLAMVIEC VALUES ('L0076', 'BS0034', 'P31', TO_DATE('17/04/2024', 'DD/MM/YYYY'));
INSERT INTO LICHLAMVIEC VALUES ('L0077', 'BS0035', 'B34', TO_DATE('18/04/2024', 'DD/MM/YYYY'));
INSERT INTO LICHLAMVIEC VALUES ('L0078', 'BS0044', 'F31', TO_DATE('19/04/2024', 'DD/MM/YYYY'));
INSERT INTO LICHLAMVIEC VALUES ('L0079', 'BS0045', 'A35', TO_DATE('20/04/2024', 'DD/MM/YYYY'));
INSERT INTO LICHLAMVIEC VALUES ('L0080', 'BS0046', 'A12', TO_DATE('21/04/2024', 'DD/MM/YYYY'));
INSERT INTO LICHLAMVIEC VALUES ('L0081', 'BS0047', 'A31', TO_DATE('22/04/2024', 'DD/MM/YYYY'));
INSERT INTO LICHLAMVIEC VALUES ('L0082', 'BS0048', 'A42', TO_DATE('23/04/2024', 'DD/MM/YYYY'));
INSERT INTO LICHLAMVIEC VALUES ('L0083', 'BS0049', 'B14', TO_DATE('24/04/2024', 'DD/MM/YYYY'));
INSERT INTO LICHLAMVIEC VALUES ('L0084', 'BS0050', 'F33', TO_DATE('25/04/2024', 'DD/MM/YYYY'));
INSERT INTO LICHLAMVIEC VALUES ('L0085', 'BS0021', 'A14', TO_DATE('26/04/2024', 'DD/MM/YYYY'));
INSERT INTO LICHLAMVIEC VALUES ('L0086', 'BS0022', 'P24', TO_DATE('27/04/2024', 'DD/MM/YYYY'));
INSERT INTO LICHLAMVIEC VALUES ('L0087', 'BS0023', 'B32', TO_DATE('28/04/2024', 'DD/MM/YYYY'));
INSERT INTO LICHLAMVIEC VALUES ('L0088', 'BS0024', 'A21', TO_DATE('29/04/2024', 'DD/MM/YYYY'));
INSERT INTO LICHLAMVIEC VALUES ('L0089', 'BS0025', 'A34', TO_DATE('30/04/2024', 'DD/MM/YYYY'));
INSERT INTO LICHLAMVIEC VALUES ('L0090', 'BS0026', 'B11', TO_DATE('01/05/2024', 'DD/MM/YYYY'));
INSERT INTO LICHLAMVIEC VALUES ('L0091', 'BS0027', 'B31', TO_DATE('02/05/2024', 'DD/MM/YYYY'));
INSERT INTO LICHLAMVIEC VALUES ('L0092', 'BS0028', 'C31', TO_DATE('03/05/2024', 'DD/MM/YYYY'));
INSERT INTO LICHLAMVIEC VALUES ('L0093', 'BS0029', 'A11', TO_DATE('04/05/2024', 'DD/MM/YYYY'));
INSERT INTO LICHLAMVIEC VALUES ('L0094', 'BS0030', 'B33', TO_DATE('05/05/2024', 'DD/MM/YYYY'));
INSERT INTO LICHLAMVIEC VALUES ('L0095', 'BS0022', 'A22', TO_DATE('06/05/2024', 'DD/MM/YYYY'));
INSERT INTO LICHLAMVIEC VALUES ('L0096', 'BS0023', 'P31', TO_DATE('07/05/2024', 'DD/MM/YYYY'));
INSERT INTO LICHLAMVIEC VALUES ('L0097', 'BS0024', 'B34', TO_DATE('08/05/2024', 'DD/MM/YYYY'));
INSERT INTO LICHLAMVIEC VALUES ('L0098', 'BS0033', 'F31', TO_DATE('09/05/2024', 'DD/MM/YYYY'));
INSERT INTO LICHLAMVIEC VALUES ('L0099', 'BS0034', 'A35', TO_DATE('10/05/2024', 'DD/MM/YYYY'));
INSERT INTO LICHLAMVIEC VALUES ('L0100', 'BS0035', 'A12', TO_DATE('11/05/2024', 'DD/MM/YYYY'));


INSERT INTO NHANVIEN VALUES ('NV0001', N'Bùi Phan B?o Ng?c ', N'Qu?n lý', 'quanly');
INSERT INTO NHANVIEN VALUES ('NV0002', N'Nguy?n Phan Nh? Qu?nh ', N'Thu ngân', 'nhuquynh');
INSERT INTO NHANVIEN VALUES ('NV0003', N'Võ Th? Thanh Trúc', N'Thu ngân', 'thanhtruc');
INSERT INTO NHANVIEN VALUES ('NV0004', N'Cù ??c Tr??ng', N'Ti?p tân', 'ductruong');
INSERT INTO NHANVIEN VALUES ('NV0005', N'Nguy?n Ph??ng B?o Ngân', N'Ti?p tân', 'baongan');


INSERT INTO PHIEUDANGKY VALUES ('PDK0001', TO_DATE('02/01/2024', 'DD-MM-YYYY'), 'TB7512118338392', N'?ã thanh toán', 'BN0001', 'NV0004', 'NV0002', 'L0001', NULL, 1, 1, N'Tr?c ti?p');
INSERT INTO PHIEUDANGKY VALUES ('PDK0002', TO_DATE('02/02/2024', 'DD-MM-YYYY'), 'SV5273740420206', N'?ã thanh toán', 'BN0002', 'NV0004', 'NV0002', 'L0002', NULL, 2, 2, N'Tr?c ti?p');
INSERT INTO PHIEUDANGKY VALUES ('PDK0003', TO_DATE('03/02/2024', 'DD-MM-YYYY'), 'TB2335296193324', N'?ã thanh toán', 'BN0003', 'NV0005', 'NV0003', 'L0003', NULL, 3, 3, N'Tr?c ti?p');
INSERT INTO PHIEUDANGKY VALUES ('PDK0004', TO_DATE('04/03/2024', 'DD-MM-YYYY'), 'HX5365978692543', N'?ã thanh toán', 'BN0004', 'NV0004', 'NV0002', 'L0004', NULL, 4, 4, N'Tr?c ti?p');
INSERT INTO PHIEUDANGKY VALUES ('PDK0005', TO_DATE('05/02/2024', 'DD-MM-YYYY'), 'NN7610738255254', N'?ã thanh toán', 'BN0005', 'NV0004', 'NV0002', 'L0005', NULL, 5, 5, N'Tr?c ti?p');
INSERT INTO PHIEUDANGKY VALUES ('PDK0006', TO_DATE('06/03/2024', 'DD-MM-YYYY'), 'KC5012681618345', N'?ã thanh toán', 'BN0006', 'NV0005', 'NV0003', 'L0006', NULL, 6, 6, N'Tr?c ti?p');
INSERT INTO PHIEUDANGKY VALUES ('PDK0007', TO_DATE('07/02/2024', 'DD-MM-YYYY'), 'KC2436120686503', N'?ã thanh toán', 'BN0007', 'NV0004', 'NV0002', 'L0007', NULL, 7, 7, N'Tr?c ti?p');
INSERT INTO PHIEUDANGKY VALUES ('PDK0008', TO_DATE('08/02/2024', 'DD-MM-YYYY'), 'KC8200807195913', N'?ã thanh toán', 'BN0008', 'NV0004', 'NV0002', 'L0008', NULL, 8, 8, N'Tr?c ti?p');
INSERT INTO PHIEUDANGKY VALUES ('PDK0009', TO_DATE('09/02/2024', 'DD-MM-YYYY'), 'LS8215416952028', N'?ã thanh toán', 'BN0009', 'NV0005', 'NV0003', 'L0009', NULL, 9, 9, N'Tr?c ti?p');
INSERT INTO PHIEUDANGKY VALUES ('PDK0010', TO_DATE('10/02/2024', 'DD-MM-YYYY'), 'TB6978905415587', N'?ã thanh toán', 'BN0010', 'NV0004', 'NV0002', 'L0010', NULL, 10, 10, N'Tr?c ti?p');
INSERT INTO PHIEUDANGKY VALUES ('PDK0011', TO_DATE('11/03/2024', 'DD-MM-YYYY'), 'TB9397316738950', N'?ã thanh toán', 'BN0011', 'NV0004', 'NV0002', 'L0011', NULL, 11, 11, N'Tr?c ti?p');
INSERT INTO PHIEUDANGKY VALUES ('PDK0012', TO_DATE('12/02/2024', 'DD-MM-YYYY'), 'CC5681659067273', N'?ã thanh toán', 'BN0012', 'NV0004', 'NV0002', 'L0012', NULL, 12, 12, N'Tr?c ti?p');
INSERT INTO PHIEUDANGKY VALUES ('PDK0013', TO_DATE('13/02/2024', 'DD-MM-YYYY'), 'HG5918071609772', N'?ã thanh toán', 'BN0013', 'NV0005', 'NV0003', 'L0013', NULL, 13, 13, N'Tr?c ti?p');
INSERT INTO PHIEUDANGKY VALUES ('PDK0014', TO_DATE('14/02/2024', 'DD-MM-YYYY'), 'HT7182160676709', N'?ã thanh toán', 'BN0080', 'NV0004', 'NV0002', 'L0014', NULL, 14, 14, N'Tr?c ti?p');
INSERT INTO PHIEUDANGKY VALUES ('PDK0015', TO_DATE('15/02/2024', 'DD-MM-YYYY'), 'LS4177017907473', N'?ã thanh toán', 'BN0081', 'NV0004', 'NV0002', 'L0015', NULL, 15, 15, N'Tr?c ti?p');
INSERT INTO PHIEUDANGKY VALUES ('PDK0016', TO_DATE('16/02/2024', 'DD-MM-YYYY'), 'XK5378954433963', N'?ã thanh toán', 'BN0082', 'NV0005', 'NV0003', 'L0016', NULL, 16, 16, N'Tr?c ti?p');
INSERT INTO PHIEUDANGKY VALUES ('PDK0017', TO_DATE('17/02/2024', 'DD-MM-YYYY'), 'CC8152140285016', N'?ã thanh toán', 'BN0083', 'NV0004', 'NV0002', 'L0017', NULL, 17, 17, N'Tr?c ti?p');
INSERT INTO PHIEUDANGKY VALUES ('PDK0018', TO_DATE('18/02/2024', 'DD-MM-YYYY'), 'XN4192879111938', N'?ã thanh toán', 'BN0084', 'NV0004', 'NV0002', 'L0018', NULL, 18, 18, N'Tr?c ti?p');
INSERT INTO PHIEUDANGKY VALUES ('PDK0019', TO_DATE('19/02/2024', 'DD-MM-YYYY'), 'CN8848656655366', N'?ã thanh toán', 'BN0085', 'NV0005', 'NV0003', 'L0019', NULL, 19, 19, N'Tr?c ti?p');
INSERT INTO PHIEUDANGKY VALUES ('PDK0020', TO_DATE('20/02/2024', 'DD-MM-YYYY'), 'CK7690956661033', N'?ã thanh toán', 'BN0086', 'NV0004', 'NV0002', 'L0020', NULL, 20, 20, N'Tr?c ti?p');
INSERT INTO PHIEUDANGKY VALUES ('PDK0021', TO_DATE('21/02/2024', 'DD-MM-YYYY'), 'CK0727860776177', N'?ã thanh toán', 'BN0087', 'NV0004', 'NV0002', 'L0021', NULL, 21, 21, N'Tr?c ti?p');
INSERT INTO PHIEUDANGKY VALUES ('PDK0022', TO_DATE('22/02/2024', 'DD-MM-YYYY'), 'KC0648928520354', N'?ã thanh toán', 'BN0088', 'NV0005', 'NV0003', 'L0022', NULL, 22, 22, N'Tr?c ti?p');
INSERT INTO PHIEUDANGKY VALUES ('PDK0023', TO_DATE('23/02/2024', 'DD-MM-YYYY'), 'HX7935287938895', N'?ã thanh toán', 'BN0048', 'NV0004', 'NV0002', 'L0023', NULL, 23, 23, N'Tr?c ti?p');
INSERT INTO PHIEUDANGKY VALUES ('PDK0024', TO_DATE('24/02/2024', 'DD-MM-YYYY'), 'TY0350954300228', N'?ã thanh toán', 'BN0049', 'NV0004', 'NV0002', 'L0024', NULL, 24, 24, N'Tr?c ti?p');
INSERT INTO PHIEUDANGKY VALUES ('PDK0025', TO_DATE('25/02/2024', 'DD-MM-YYYY'), 'CT6749018275067', N'?ã thanh toán', 'BN0050', 'NV0005', 'NV0003', 'L0025', NULL, 25, 25, N'Tr?c ti?p');
INSERT INTO PHIEUDANGKY VALUES ('PDK0026', TO_DATE('26/02/2024', 'DD-MM-YYYY'), 'TA6697671627538', N'?ã thanh toán', 'BN0051', 'NV0004', 'NV0002', 'L0026', NULL, 26, 26, N'Tr?c ti?p');
INSERT INTO PHIEUDANGKY VALUES ('PDK0027', TO_DATE('27/02/2024', 'DD-MM-YYYY'), 'CH7369101414164', N'?ã thanh toán', 'BN0052', 'NV0004', 'NV0002', 'L0027', NULL, 27, 27, N'Tr?c ti?p');
INSERT INTO PHIEUDANGKY VALUES ('PDK0028', TO_DATE('28/02/2024', 'DD-MM-YYYY'), 'CN8082550248685', N'?ã thanh toán', 'BN0053', 'NV0005', 'NV0003', 'L0028', NULL, 28, 28, N'Tr?c ti?p');
INSERT INTO PHIEUDANGKY VALUES ('PDK0029', TO_DATE('01/03/2024', 'DD-MM-YYYY'), 'PV9943283134220', N'?ã thanh toán', 'BN0054', 'NV0004', 'NV0002', 'L0029', NULL, 29, 29, N'Tr?c ti?p');
INSERT INTO PHIEUDANGKY VALUES ('PDK0030', TO_DATE('02/03/2024', 'DD-MM-YYYY'), 'KC2847946182469', N'?ã thanh toán', 'BN0055', 'NV0004', 'NV0002', 'L0030', NULL, 30, 30, N'Tr?c ti?p');
INSERT INTO PHIEUDANGKY VALUES ('PDK0031', TO_DATE('03/03/2024', 'DD-MM-YYYY'), 'HG7984425895441', N'?ã thanh toán', 'BN0056', 'NV0005', 'NV0003', 'L0031', NULL, 31, 31, N'Tr?c ti?p');
INSERT INTO PHIEUDANGKY VALUES ('PDK0032', TO_DATE('04/03/2024', 'DD-MM-YYYY'), 'KC1097113222541', N'?ã thanh toán', 'BN0057', 'NV0004', 'NV0002', 'L0032', NULL, 32, 32, N'Tr?c ti?p');
INSERT INTO PHIEUDANGKY VALUES ('PDK0033', TO_DATE('05/03/2024', 'DD-MM-YYYY'), 'PV5791425559345', N'?ã thanh toán', 'BN0058', 'NV0004', 'NV0002', 'L0033', NULL, 33, 33, N'Tr?c ti?p');
INSERT INTO PHIEUDANGKY VALUES ('PDK0034', TO_DATE('06/03/2024', 'DD-MM-YYYY'), 'GB3993740972371', N'?ã thanh toán', 'BN0059', 'NV0005', 'NV0003', 'L0034', NULL, 34, 34, N'Tr?c ti?p');
INSERT INTO PHIEUDANGKY VALUES ('PDK0035', TO_DATE('07/03/2024', 'DD-MM-YYYY'), 'TB4400778230205', N'?ã thanh toán', 'BN0060', 'NV0004', 'NV0002', 'L0035', NULL, 35, 35, N'Tr?c ti?p');
INSERT INTO PHIEUDANGKY VALUES ('PDK0036', TO_DATE('08/03/2024', 'DD-MM-YYYY'), 'CB2048818789854', N'?ã thanh toán', 'BN0061', 'NV0004', 'NV0002', 'L0036', NULL, 36, 36, N'Tr?c ti?p');
INSERT INTO PHIEUDANGKY VALUES ('PDK0037', TO_DATE('09/03/2024', 'DD-MM-YYYY'), 'CB2134498620675', N'?ã thanh toán', 'BN0062', 'NV0005', 'NV0003', 'L0037', NULL, 37, 37, N'Tr?c ti?p');
INSERT INTO PHIEUDANGKY VALUES ('PDK0038', TO_DATE('10/03/2024', 'DD-MM-YYYY'), 'CC2162708795405', N'?ã thanh toán', 'BN0063', 'NV0004', 'NV0002', 'L0038', NULL, 38, 38, N'Tr?c ti?p');
INSERT INTO PHIEUDANGKY VALUES ('PDK0039', TO_DATE('11/03/2024', 'DD-MM-YYYY'), 'CK2074770637499', N'?ã thanh toán', 'BN0064', 'NV0004', 'NV0002', 'L0039', NULL, 39, 39, N'Tr?c ti?p');
INSERT INTO PHIEUDANGKY VALUES ('PDK0040', TO_DATE('12/03/2024', 'DD-MM-YYYY'), 'CC2508709428284', N'?ã thanh toán', 'BN0065', 'NV0005', 'NV0003', 'L0040', NULL, 40, 40, N'Tr?c ti?p');
INSERT INTO PHIEUDANGKY VALUES ('PDK0041', TO_DATE('13/03/2024', 'DD-MM-YYYY'), 'CC2065639761421', N'?ã thanh toán', 'BN0066', 'NV0004', 'NV0002', 'L0041', NULL, 1, 1, N'Tr?c ti?p');
INSERT INTO PHIEUDANGKY VALUES ('PDK0042', TO_DATE('14/03/2024', 'DD-MM-YYYY'), 'LS9877299455756', N'?ã thanh toán', 'BN0067', 'NV0004', 'NV0002', 'L0042', NULL, 2, 2, N'Tr?c ti?p');
INSERT INTO PHIEUDANGKY VALUES ('PDK0043', TO_DATE('15/03/2024', 'DD-MM-YYYY'), 'CH7427959251924', N'?ã thanh toán', 'BN0068', 'NV0005', 'NV0003', 'L0043', NULL, 3, 3, N'Tr?c ti?p');
INSERT INTO PHIEUDANGKY VALUES ('PDK0044', TO_DATE('16/03/2024', 'DD-MM-YYYY'), 'SV4538154959101', N'?ã thanh toán', 'BN0069', 'NV0004', 'NV0002', 'L0044', NULL, 4, 4, N'Tr?c ti?p');
INSERT INTO PHIEUDANGKY VALUES ('PDK0045', TO_DATE('17/03/2024', 'DD-MM-YYYY'), 'SV8274052225662', N'?ã thanh toán', 'BN0284', 'NV0004', 'NV0002', 'L0045', NULL, 5, 5, N'Tr?c ti?p');
INSERT INTO PHIEUDANGKY VALUES ('PDK0046', TO_DATE('18/03/2024', 'DD-MM-YYYY'), 'HS9910354613676', N'?ã thanh toán', 'BN0285', 'NV0005', 'NV0003', 'L0046', NULL, 6, 6, N'Tr?c ti?p');
INSERT INTO PHIEUDANGKY VALUES ('PDK0047', TO_DATE('19/03/2024', 'DD-MM-YYYY'), 'SV5388945255720', N'?ã thanh toán', 'BN0286', 'NV0004', 'NV0002', 'L0047', NULL, 7, 7, N'Tr?c ti?p');
INSERT INTO PHIEUDANGKY VALUES ('PDK0048', TO_DATE('20/03/2024', 'DD-MM-YYYY'), 'TY1355331221815', N'?ã thanh toán', 'BN0287', 'NV0004', 'NV0002', 'L0048', NULL, 8, 8, N'Tr?c ti?p');
INSERT INTO PHIEUDANGKY VALUES ('PDK0049', TO_DATE('21/03/2024', 'DD-MM-YYYY'), 'CB0960129327384', N'?ã thanh toán', 'BN0288', 'NV0005', 'NV0003', 'L0049', NULL, 9, 9, N'Tr?c ti?p');
INSERT INTO PHIEUDANGKY VALUES ('PDK0050', TO_DATE('22/03/2024', 'DD-MM-YYYY'), 'SV7432391395118', N'?ã thanh toán', 'BN0289', 'NV0004', 'NV0002', 'L0050', NULL, 10, 10, N'Tr?c ti?p');
INSERT INTO PHIEUDANGKY VALUES ('PDK0051', TO_DATE('23/03/2024', 'DD-MM-YYYY'), 'CK2169997448391', N'?ã thanh toán', 'BN0290', 'NV0004', 'NV0002', 'L0051', NULL, 11, 11, N'Tr?c ti?p');
INSERT INTO PHIEUDANGKY VALUES ('PDK0052', TO_DATE('24/03/2024', 'DD-MM-YYYY'), 'NN6422109036507', N'?ã thanh toán', 'BN0291', 'NV0005', 'NV0003', 'L0052', NULL, 12, 12, N'Tr?c ti?p');
INSERT INTO PHIEUDANGKY VALUES ('PDK0053', TO_DATE('25/03/2024', 'DD-MM-YYYY'), 'TA7296839734079', N'?ã thanh toán', 'BN0292', 'NV0004', 'NV0002', 'L0053', NULL, 13, 13, N'Tr?c ti?p');
INSERT INTO PHIEUDANGKY VALUES ('PDK0054', TO_DATE('26/03/2024', 'DD-MM-YYYY'), 'CN9397840555049', N'?ã thanh toán', 'BN0293', 'NV0004', 'NV0002', 'L0054', NULL, 14, 14, N'Tr?c ti?p');
INSERT INTO PHIEUDANGKY VALUES ('PDK0055', TO_DATE('27/03/2024', 'DD-MM-YYYY'), 'XN4430872022294', N'?ã thanh toán', 'BN0294', 'NV0005', 'NV0003', 'L0055', NULL, 15, 15, N'Tr?c ti?p');
INSERT INTO PHIEUDANGKY VALUES ('PDK0056', TO_DATE('28/03/2024', 'DD-MM-YYYY'), 'HT1598184644107', N'?ã thanh toán', 'BN0295', 'NV0004', 'NV0002', 'L0056', NULL, 16, 16, N'Tr?c ti?p');
INSERT INTO PHIEUDANGKY VALUES ('PDK0057', TO_DATE('29/03/2024', 'DD-MM-YYYY'), 'GD0444407109594', N'?ã thanh toán', 'BN0296', 'NV0004', 'NV0002', 'L0057', NULL, 17, 17, N'Tr?c ti?p');
INSERT INTO PHIEUDANGKY VALUES ('PDK0058', TO_DATE('30/03/2024', 'DD-MM-YYYY'), 'GB2852049549715', N'?ã thanh toán', 'BN0297', 'NV0005', 'NV0003', 'L0058', NULL, 18, 18, N'Tr?c ti?p');
INSERT INTO PHIEUDANGKY VALUES ('PDK0059', TO_DATE('31/03/2024', 'DD-MM-YYYY'), 'CB7549789267164', N'?ã thanh toán', 'BN0298', 'NV0004', 'NV0002', 'L0059', NULL, 19, 19, N'Tr?c ti?p');
INSERT INTO PHIEUDANGKY VALUES ('PDK0060', TO_DATE('01/04/2024', 'DD-MM-YYYY'), 'XN1961102527314', N'?ã thanh toán', 'BN0299', 'NV0004', 'NV0002', 'L0060', NULL, 20, 20, N'Tr?c ti?p');
INSERT INTO PHIEUDANGKY VALUES ('PDK0061', TO_DATE('02/04/2024', 'DD-MM-YYYY'), 'HT9512473319447', N'?ã thanh toán', 'BN0300', 'NV0005', 'NV0003', 'L0061', NULL, 21, 21, N'Tr?c ti?p');
INSERT INTO PHIEUDANGKY VALUES ('PDK0062', TO_DATE('03/04/2024', 'DD-MM-YYYY'), 'HG4801336957945', N'?ã thanh toán', 'BN0301', 'NV0004', 'NV0002', 'L0062', NULL, 22, 22, N'Tr?c ti?p');
INSERT INTO PHIEUDANGKY VALUES ('PDK0063', TO_DATE('04/04/2024', 'DD-MM-YYYY'), 'TY0599913214253', N'?ã thanh toán', 'BN0302', 'NV0004', 'NV0002', 'L0063', NULL, 23, 23, N'Tr?c ti?p');
INSERT INTO PHIEUDANGKY VALUES ('PDK0064', TO_DATE('05/04/2024', 'DD-MM-YYYY'), 'HS4004101416205', N'?ã thanh toán', 'BN0303', 'NV0005', 'NV0003', 'L0064', NULL, 24, 24, N'Tr?c ti?p');
INSERT INTO PHIEUDANGKY VALUES ('PDK0065', TO_DATE('06/04/2024', 'DD-MM-YYYY'), 'SV3542868271357', N'?ã thanh toán', 'BN0304', 'NV0004', 'NV0002', 'L0065', NULL, 25, 25, N'Tr?c ti?p');
INSERT INTO PHIEUDANGKY VALUES ('PDK0066', TO_DATE('07/04/2024', 'DD-MM-YYYY'), 'CK2856780964169', N'?ã thanh toán', 'BN0305', 'NV0004', 'NV0002', 'L0066', NULL, 26, 26, N'Tr?c ti?p');
INSERT INTO PHIEUDANGKY VALUES ('PDK0067', TO_DATE('08/04/2024', 'DD-MM-YYYY'), 'TB2248119009443', N'?ã thanh toán', 'BN0306', 'NV0005', 'NV0003', 'L0067', NULL, 27, 27, N'Tr?c ti?p');
INSERT INTO PHIEUDANGKY VALUES ('PDK0068', TO_DATE('09/04/2024', 'DD-MM-YYYY'), 'HX2484091481214', N'?ã thanh toán', 'BN0307', 'NV0004', 'NV0002', 'L0068', NULL, 28, 28, N'Tr?c ti?p');
INSERT INTO PHIEUDANGKY VALUES ('PDK0069', TO_DATE('10/04/2024', 'DD-MM-YYYY'), 'KC2715091208463', N'?ã thanh toán', 'BN0308', 'NV0004', 'NV0002', 'L0069', NULL, 29, 29, N'Tr?c ti?p');
INSERT INTO PHIEUDANGKY VALUES ('PDK0070', TO_DATE('11/04/2024', 'DD-MM-YYYY'), 'HX7750565525124', N'?ã thanh toán', 'BN0309', 'NV0005', 'NV0003', 'L0070', NULL, 30, 30, N'Tr?c ti?p');
INSERT INTO PHIEUDANGKY VALUES ('PDK0071', TO_DATE('12/04/2024', 'DD-MM-YYYY'), 'CH4355731988872', N'?ã thanh toán', 'BN0310', 'NV0004', 'NV0002', 'L0071', NULL, 31, 31, N'Tr?c ti?p');
INSERT INTO PHIEUDANGKY VALUES ('PDK0072', TO_DATE('13/04/2024', 'DD-MM-YYYY'), 'HG2670455621298', N'?ã thanh toán', 'BN0311', 'NV0004', 'NV0002', 'L0072', NULL, 32, 32, N'Tr?c ti?p');
INSERT INTO PHIEUDANGKY VALUES ('PDK0073', TO_DATE('14/04/2024', 'DD-MM-YYYY'), 'HT9999894292542', N'?ã thanh toán', 'BN0312', 'NV0005', 'NV0003', 'L0073', NULL, 33, 33, N'Tr?c ti?p');
INSERT INTO PHIEUDANGKY VALUES ('PDK0074', TO_DATE('15/04/2024', 'DD-MM-YYYY'), 'TA2351781244727', N'?ã thanh toán', 'BN0313', 'NV0004', 'NV0002', 'L0074', NULL, 34, 34, N'Tr?c ti?p');
INSERT INTO PHIEUDANGKY VALUES ('PDK0075', TO_DATE('16/04/2024', 'DD-MM-YYYY'), 'HT6349910436364', N'?ã thanh toán', 'BN0314', 'NV0004', 'NV0002', 'L0075', NULL, 35, 35, N'Tr?c ti?p');
INSERT INTO PHIEUDANGKY VALUES ('PDK0076', TO_DATE('17/04/2024', 'DD-MM-YYYY'), 'CT0766425199584', N'?ã thanh toán', 'BN0315', 'NV0005', 'NV0003', 'L0076', NULL, 36, 36, N'Tr?c ti?p');
INSERT INTO PHIEUDANGKY VALUES ('PDK0077', TO_DATE('18/04/2024', 'DD-MM-YYYY'), 'TA1958289454516', N'?ã thanh toán', 'BN0316', 'NV0004', 'NV0002', 'L0077', NULL, 37, 37, N'Tr?c ti?p');
INSERT INTO PHIEUDANGKY VALUES ('PDK0078', TO_DATE('19/04/2024', 'DD-MM-YYYY'), 'HT4547644722770', N'?ã thanh toán', 'BN0317', 'NV0004', 'NV0002', 'L0078', NULL, 38, 38, N'Tr?c ti?p');
INSERT INTO PHIEUDANGKY VALUES ('PDK0079', TO_DATE('20/04/2024', 'DD-MM-YYYY'), 'CC1044337156239', N'?ã thanh toán', 'BN0318', 'NV0005', 'NV0003', 'L0079', NULL, 39, 39, N'Tr?c ti?p');
INSERT INTO PHIEUDANGKY VALUES ('PDK0080', TO_DATE('21/04/2024', 'DD-MM-YYYY'), 'TB9302621139773', N'?ã thanh toán', 'BN0319', 'NV0004', 'NV0002', 'L0080', NULL, 40, 40, N'Tr?c ti?p');
INSERT INTO PHIEUDANGKY VALUES ('PDK0081', TO_DATE('22/04/2024', 'DD-MM-YYYY'), 'CH6101508178914', N'?ã thanh toán', 'BN0320', 'NV0004', 'NV0002', 'L0081', NULL, 1, 1, N'Tr?c ti?p');
INSERT INTO PHIEUDANGKY VALUES ('PDK0082', TO_DATE('23/04/2024', 'DD-MM-YYYY'), 'GB8964570151885', N'?ã thanh toán', 'BN0321', 'NV0005', 'NV0003', 'L0082', NULL, 2, 2, N'Tr?c ti?p');
INSERT INTO PHIEUDANGKY VALUES ('PDK0083', TO_DATE('24/04/2024', 'DD-MM-YYYY'), 'XN4972854123278', N'?ã thanh toán', 'BN0454', 'NV0004', 'NV0002', 'L0083', NULL, 3, 3, N'Tr?c ti?p');
INSERT INTO PHIEUDANGKY VALUES ('PDK0084', TO_DATE('25/04/2024', 'DD-MM-YYYY'), 'CN1353036505028', N'?ã thanh toán', 'BN0455', 'NV0004', 'NV0002', 'L0084', NULL, 4, 4, N'Tr?c ti?p');
INSERT INTO PHIEUDANGKY VALUES ('PDK0085', TO_DATE('26/04/2024', 'DD-MM-YYYY'), 'SV1961805827955', N'?ã thanh toán', 'BN0456', 'NV0004', 'NV0002', 'L0085', NULL, 5, 5, N'Tr?c ti?p');
INSERT INTO PHIEUDANGKY VALUES ('PDK0086', TO_DATE('27/04/2024', 'DD-MM-YYYY'), 'CT7300867138907', N'?ã thanh toán', 'BN0457', 'NV0005', 'NV0003', 'L0086', NULL, 6, 6, N'Tr?c ti?p');
INSERT INTO PHIEUDANGKY VALUES ('PDK0087', TO_DATE('28/04/2024', 'DD-MM-YYYY'), 'HX1372696963443', N'?ã thanh toán', 'BN0458', 'NV0004', 'NV0002', 'L0087', NULL, 7, 7, N'Tr?c ti?p');
INSERT INTO PHIEUDANGKY VALUES ('PDK0088', TO_DATE('29/04/2024', 'DD-MM-YYYY'), 'LS9588483520968', N'?ã thanh toán', 'BN0459', 'NV0004', 'NV0002', 'L0088', NULL, 8, 8, N'Tr?c ti?p');
INSERT INTO PHIEUDANGKY VALUES ('PDK0089', TO_DATE('30/04/2024', 'DD-MM-YYYY'), 'PV9531101658569', N'?ã thanh toán', 'BN0460', 'NV0005', 'NV0003', 'L0089', NULL, 9, 9, N'Tr?c ti?p');
INSERT INTO PHIEUDANGKY VALUES ('PDK0090', TO_DATE('01/05/2024', 'DD-MM-YYYY'), 'XK5102007422175', N'?ã thanh toán', 'BN0461', 'NV0004', 'NV0002', 'L0090', NULL, 10, 10, N'Tr?c ti?p');
INSERT INTO PHIEUDANGKY VALUES ('PDK0091', TO_DATE('02/05/2024', 'DD-MM-YYYY'), 'XN9345445291932', N'?ã thanh toán', 'BN0462', 'NV0004', 'NV0002', 'L0091', NULL, 11, 11, N'Tr?c ti?p');
INSERT INTO PHIEUDANGKY VALUES ('PDK0092', TO_DATE('03/05/2024', 'DD-MM-YYYY'), 'TA4420441918695', N'?ã thanh toán', 'BN0463', 'NV0005', 'NV0003', 'L0092', NULL, 12, 12, N'Tr?c ti?p');
INSERT INTO PHIEUDANGKY VALUES ('PDK0093', TO_DATE('04/05/2024', 'DD-MM-YYYY'), 'HG9203541920697', N'?ã thanh toán', 'BN0464', 'NV0004', 'NV0002', 'L0093', NULL, 13, 13, N'Tr?c ti?p');
INSERT INTO PHIEUDANGKY VALUES ('PDK0094', TO_DATE('05/05/2024', 'DD-MM-YYYY'), 'CB7207873035357', N'?ã thanh toán', 'BN0465', 'NV0004', 'NV0002', 'L0094', NULL, 14, 14, N'Tr?c ti?p');
INSERT INTO PHIEUDANGKY VALUES ('PDK0095', TO_DATE('06/05/2024', 'DD-MM-YYYY'), 'HX5213566038970', N'?ã thanh toán', 'BN0466', 'NV0005', 'NV0003', 'L0095', NULL, 15, 15, N'Tr?c ti?p');
INSERT INTO PHIEUDANGKY VALUES ('PDK0096', TO_DATE('07/05/2024', 'DD-MM-YYYY'), 'HG0779868862974', N'?ã thanh toán', 'BN0467', 'NV0004', 'NV0002', 'L0096', NULL, 16, 16, N'Tr?c ti?p');
INSERT INTO PHIEUDANGKY VALUES ('PDK0097', TO_DATE('08/05/2024', 'DD-MM-YYYY'), 'HT2357947043576', N'?ã thanh toán', 'BN0468', 'NV0004', 'NV0002', 'L0097', NULL, 17, 17, N'Tr?c ti?p');
INSERT INTO PHIEUDANGKY VALUES ('PDK0098', TO_DATE('09/05/2024', 'DD-MM-YYYY'), 'CB1477541782427', N'?ã thanh toán', 'BN0469', 'NV0005', 'NV0003', 'L0098', NULL, 18, 18, N'Tr?c ti?p');
INSERT INTO PHIEUDANGKY VALUES ('PDK0099', TO_DATE('10/05/2024', 'DD-MM-YYYY'), 'GD1800102712012', N'?ã thanh toán', 'BN0470', 'NV0004', 'NV0002', 'L0099', NULL, 19, 19, N'Tr?c ti?p');
INSERT INTO PHIEUDANGKY VALUES ('PDK0100', TO_DATE('11/05/2024', 'DD-MM-YYYY'), 'NN8261372691401', N'?ã thanh toán', 'BN0471', 'NV0004', 'NV0002', 'L0100', NULL, 20, 20, N'Tr?c ti?p');


INSERT INTO PHIEUKHAM VALUES ('PK0001', TO_DATE('02/01/2024', 'DD/MM/YYYY'), NULL, 'PDK0001', 48.5, 156, 101, 80);
INSERT INTO PHIEUKHAM VALUES ('PK0002', TO_DATE('02/02/2024', 'DD/MM/YYYY'), NULL, 'PDK0002', 39.4, 158, 137, 60);
INSERT INTO PHIEUKHAM VALUES ('PK0003', TO_DATE('03/02/2024', 'DD/MM/YYYY'), NULL, 'PDK0003', 50, 160, 110, 46);
INSERT INTO PHIEUKHAM VALUES ('PK0004', TO_DATE('04/03/2024', 'DD/MM/YYYY'), NULL, 'PDK0004', 37.8, 150, 106, 78);
INSERT INTO PHIEUKHAM VALUES ('PK0005', TO_DATE('05/02/2024', 'DD/MM/YYYY'), NULL, 'PDK0005', 58.2, 149, 100, 64);
INSERT INTO PHIEUKHAM VALUES ('PK0006', TO_DATE('06/03/2024', 'DD/MM/YYYY'), NULL, 'PDK0006', 46.5, 170, 136, 64);
INSERT INTO PHIEUKHAM VALUES ('PK0007', TO_DATE('07/02/2024', 'DD/MM/YYYY'), NULL, 'PDK0007', 55, 172, 107, 78);
INSERT INTO PHIEUKHAM VALUES ('PK0008', TO_DATE('08/02/2024', 'DD/MM/YYYY'), NULL, 'PDK0008', 40.9, 180, 80, 62);
INSERT INTO PHIEUKHAM VALUES ('PK0009', TO_DATE('09/02/2024', 'DD/MM/YYYY'), NULL, 'PDK0009', 44.1, 160, 123, 58);
INSERT INTO PHIEUKHAM VALUES ('PK0010', TO_DATE('10/02/2024', 'DD/MM/YYYY'), NULL, 'PDK0010', 60, 165, 81, 74);
INSERT INTO PHIEUKHAM VALUES ('PK0011', TO_DATE('11/03/2024', 'DD/MM/YYYY'), NULL, 'PDK0011', 44.2, 155, 134, 50);
INSERT INTO PHIEUKHAM VALUES ('PK0012', TO_DATE('12/02/2024', 'DD/MM/YYYY'), NULL, 'PDK0012', 58.3, 156, 142, 78);
INSERT INTO PHIEUKHAM VALUES ('PK0013', TO_DATE('13/02/2024', 'DD/MM/YYYY'), NULL, 'PDK0013', 41.6, 182, 144, 72);
INSERT INTO PHIEUKHAM VALUES ('PK0014', TO_DATE('14/02/2024', 'DD/MM/YYYY'), NULL, 'PDK0014', 38.9, 153, 92, 60);
INSERT INTO PHIEUKHAM VALUES ('PK0015', TO_DATE('15/02/2024', 'DD/MM/YYYY'), NULL, 'PDK0015', 39, 153, 71, 76);
INSERT INTO PHIEUKHAM VALUES ('PK0016', TO_DATE('16/02/2024', 'DD/MM/YYYY'), NULL, 'PDK0016', 34.2, 170, 93, 86);
INSERT INTO PHIEUKHAM VALUES ('PK0017', TO_DATE('17/02/2024', 'DD/MM/YYYY'), NULL, 'PDK0017', 57.7, 177, 122, 66);
INSERT INTO PHIEUKHAM VALUES ('PK0018', TO_DATE('18/02/2024', 'DD/MM/YYYY'), NULL, 'PDK0018', 42.9, 160, 163, 68);
INSERT INTO PHIEUKHAM VALUES ('PK0019', TO_DATE('19/02/2024', 'DD/MM/YYYY'), NULL, 'PDK0019', 37.6, 168, 151, 86);
INSERT INTO PHIEUKHAM VALUES ('PK0020', TO_DATE('20/02/2024', 'DD/MM/YYYY'), NULL, 'PDK0020', 37.9, 163, 125, 94);
INSERT INTO PHIEUKHAM VALUES ('PK0021', TO_DATE('21/02/2024', 'DD/MM/YYYY'), NULL, 'PDK0021', 33.7, 153, 81, 78);
INSERT INTO PHIEUKHAM VALUES ('PK0022', TO_DATE('22/02/2024', 'DD/MM/YYYY'), NULL, 'PDK0022', 34.8, 155, 85, 78);
INSERT INTO PHIEUKHAM VALUES ('PK0023', TO_DATE('23/02/2024', 'DD/MM/YYYY'), NULL, 'PDK0023', 32.5, 153, 126, 84);
INSERT INTO PHIEUKHAM VALUES ('PK0024', TO_DATE('24/02/2024', 'DD/MM/YYYY'), NULL, 'PDK0024', 45439, 160, 96, 88);
INSERT INTO PHIEUKHAM VALUES ('PK0025', TO_DATE('25/02/2024', 'DD/MM/YYYY'), NULL, 'PDK0025', 34, 169, 144, 52);
INSERT INTO PHIEUKHAM VALUES ('PK0026', TO_DATE('26/02/2024', 'DD/MM/YYYY'), NULL, 'PDK0026', 45565, 160, 83, 78);
INSERT INTO PHIEUKHAM VALUES ('PK0027', TO_DATE('27/02/2024', 'DD/MM/YYYY'), NULL, 'PDK0027', 33.6, 150, 95, 86);
INSERT INTO PHIEUKHAM VALUES ('PK0028', TO_DATE('28/02/2024', 'DD/MM/YYYY'), NULL, 'PDK0028', 45407, 155, 171, 88);
INSERT INTO PHIEUKHAM VALUES ('PK0029', TO_DATE('01/03/2024', 'DD/MM/YYYY'), NULL, 'PDK0029', 35.5, 162, 155, 56);
INSERT INTO PHIEUKHAM VALUES ('PK0030', TO_DATE('02/03/2024', 'DD/MM/YYYY'), NULL, 'PDK0030', 57.3, 150, 89, 75);
INSERT INTO PHIEUKHAM VALUES ('PK0031', TO_DATE('03/03/2024', 'DD/MM/YYYY'), NULL, 'PDK0031', 35.6, 163, 76, 60);
INSERT INTO PHIEUKHAM VALUES ('PK0032', TO_DATE('04/03/2024', 'DD/MM/YYYY'), NULL, 'PDK0032', 45565, 164, 160, 86);
INSERT INTO PHIEUKHAM VALUES ('PK0033', TO_DATE('05/03/2024', 'DD/MM/YYYY'), NULL, 'PDK0033', 45528, 158, 146, 72);
INSERT INTO PHIEUKHAM VALUES ('PK0034', TO_DATE('06/03/2024', 'DD/MM/YYYY'), NULL, 'PDK0034', 35.3, 157, 124, 60);
INSERT INTO PHIEUKHAM VALUES ('PK0035', TO_DATE('07/03/2024', 'DD/MM/YYYY'), NULL, 'PDK0035', 36, 155, 78, 74);
INSERT INTO PHIEUKHAM VALUES ('PK0036', TO_DATE('08/03/2024', 'DD/MM/YYYY'), NULL, 'PDK0036', 45346, 163, 97, 80);
INSERT INTO PHIEUKHAM VALUES ('PK0037', TO_DATE('09/03/2024', 'DD/MM/YYYY'), NULL, 'PDK0037', 45346, 152, 99, 44);
INSERT INTO PHIEUKHAM VALUES ('PK0038', TO_DATE('10/03/2024', 'DD/MM/YYYY'), NULL, 'PDK0038', 49.6, 158, 162, 58);
INSERT INTO PHIEUKHAM VALUES ('PK0039', TO_DATE('11/03/2024', 'DD/MM/YYYY'), NULL, 'PDK0039', 44.6, 163, 111, 94);
INSERT INTO PHIEUKHAM VALUES ('PK0040', TO_DATE('12/03/2024', 'DD/MM/YYYY'), NULL, 'PDK0040', 32.3, 159, 107, 88);
INSERT INTO PHIEUKHAM VALUES ('PK0041', TO_DATE('13/03/2024', 'DD/MM/YYYY'), NULL, 'PDK0041', 53.5, 162, 132, 84);
INSERT INTO PHIEUKHAM VALUES ('PK0042', TO_DATE('14/03/2024', 'DD/MM/YYYY'), NULL, 'PDK0042', 33.2, 161, 113, 94);
INSERT INTO PHIEUKHAM VALUES ('PK0043', TO_DATE('15/03/2024', 'DD/MM/YYYY'), NULL, 'PDK0043', 45314, 156, 88, 74);
INSERT INTO PHIEUKHAM VALUES ('PK0044', TO_DATE('16/03/2024', 'DD/MM/YYYY'), NULL, 'PDK0044', 45379, 158, 120, 70);
INSERT INTO PHIEUKHAM VALUES ('PK0045', TO_DATE('17/03/2024', 'DD/MM/YYYY'), NULL, 'PDK0045', 45315, 160, 118, 62);
INSERT INTO PHIEUKHAM VALUES ('PK0046', TO_DATE('18/03/2024', 'DD/MM/YYYY'), NULL, 'PDK0046', 46.1, 150, 117, 70);
INSERT INTO PHIEUKHAM VALUES ('PK0047', TO_DATE('19/03/2024', 'DD/MM/YYYY'), NULL, 'PDK0047', 45467, 149, 105, 78);
INSERT INTO PHIEUKHAM VALUES ('PK0048', TO_DATE('20/03/2024', 'DD/MM/YYYY'), NULL, 'PDK0048', 42.3, 170, 173, 62);
INSERT INTO PHIEUKHAM VALUES ('PK0049', TO_DATE('21/03/2024', 'DD/MM/YYYY'), NULL, 'PDK0049', 39.1, 172, 122, 88);
INSERT INTO PHIEUKHAM VALUES ('PK0050', TO_DATE('22/03/2024', 'DD/MM/YYYY'), NULL, 'PDK0050', 38.5, 180, 170, 78);
INSERT INTO PHIEUKHAM VALUES ('PK0051', TO_DATE('23/03/2024', 'DD/MM/YYYY'), NULL, 'PDK0051', 45435, 160, 84, 88);
INSERT INTO PHIEUKHAM VALUES ('PK0052', TO_DATE('24/03/2024', 'DD/MM/YYYY'), NULL, 'PDK0052', 45412, 165, 96, 90);
INSERT INTO PHIEUKHAM VALUES ('PK0053', TO_DATE('25/03/2024', 'DD/MM/YYYY'), NULL, 'PDK0053', 77, 155, 125, 72);
INSERT INTO PHIEUKHAM VALUES ('PK0054', TO_DATE('26/03/2024', 'DD/MM/YYYY'), NULL, 'PDK0054', 39.1, 156, 100, 76);
INSERT INTO PHIEUKHAM VALUES ('PK0055', TO_DATE('27/03/2024', 'DD/MM/YYYY'), NULL, 'PDK0055', 42.8, 182, 93, 92);
INSERT INTO PHIEUKHAM VALUES ('PK0056', TO_DATE('28/03/2024', 'DD/MM/YYYY'), NULL, 'PDK0056', 39.4, 153, 129, 58);
INSERT INTO PHIEUKHAM VALUES ('PK0057', TO_DATE('29/03/2024', 'DD/MM/YYYY'), NULL, 'PDK0057', 36.1, 153, 105, 74);
INSERT INTO PHIEUKHAM VALUES ('PK0058', TO_DATE('30/03/2024', 'DD/MM/YYYY'), NULL, 'PDK0058', 55, 170, 128, 62);
INSERT INTO PHIEUKHAM VALUES ('PK0059', TO_DATE('31/03/2024', 'DD/MM/YYYY'), NULL, 'PDK0059', 52.2, 177, 106, 76);
INSERT INTO PHIEUKHAM VALUES ('PK0060', TO_DATE('01/04/2024', 'DD/MM/YYYY'), NULL, 'PDK0060', 60.1, 160, 108, 70);
INSERT INTO PHIEUKHAM VALUES ('PK0061', TO_DATE('02/04/2024', 'DD/MM/YYYY'), NULL, 'PDK0061', 78.4, 168, 108, 72);
INSERT INTO PHIEUKHAM VALUES ('PK0062', TO_DATE('03/04/2024', 'DD/MM/YYYY'), NULL, 'PDK0062', 78.8, 163, 154, 60);
INSERT INTO PHIEUKHAM VALUES ('PK0063', TO_DATE('04/04/2024', 'DD/MM/YYYY'), NULL, 'PDK0063', 44.5, 153, 102, 70);
INSERT INTO PHIEUKHAM VALUES ('PK0064', TO_DATE('05/04/2024', 'DD/MM/YYYY'), NULL, 'PDK0064', 40.6, 155, 57, 58);
INSERT INTO PHIEUKHAM VALUES ('PK0065', TO_DATE('06/04/2024', 'DD/MM/YYYY'), NULL, 'PDK0065', 59.1, 153, 106, 78);
INSERT INTO PHIEUKHAM VALUES ('PK0066', TO_DATE('07/04/2024', 'DD/MM/YYYY'), NULL, 'PDK0066', 49.3, 160, 147, 68);
INSERT INTO PHIEUKHAM VALUES ('PK0067', TO_DATE('08/04/2024', 'DD/MM/YYYY'), NULL, 'PDK0067', 46.3, 169, 90, 58);
INSERT INTO PHIEUKHAM VALUES ('PK0068', TO_DATE('09/04/2024', 'DD/MM/YYYY'), NULL, 'PDK0068', 36, 160, 136, 106);
INSERT INTO PHIEUKHAM VALUES ('PK0069', TO_DATE('10/04/2024', 'DD/MM/YYYY'), NULL, 'PDK0069', 36.6, 150, 114, 100);
INSERT INTO PHIEUKHAM VALUES ('PK0070', TO_DATE('11/04/2024', 'DD/MM/YYYY'), NULL, 'PDK0070', 39.5, 155, 156, 82);
INSERT INTO PHIEUKHAM VALUES ('PK0071', TO_DATE('12/04/2024', 'DD/MM/YYYY'), NULL, 'PDK0071', 42.3, 162, 153, 70);
INSERT INTO PHIEUKHAM VALUES ('PK0072', TO_DATE('13/04/2024', 'DD/MM/YYYY'), NULL, 'PDK0072', 45534, 150, 128, 86);
INSERT INTO PHIEUKHAM VALUES ('PK0073', TO_DATE('14/04/2024', 'DD/MM/YYYY'), NULL, 'PDK0073', 78.5, 163, 152, 60);
INSERT INTO PHIEUKHAM VALUES ('PK0074', TO_DATE('15/04/2024', 'DD/MM/YYYY'), NULL, 'PDK0074', 60.2, 164, 99, 52);
INSERT INTO PHIEUKHAM VALUES ('PK0075', TO_DATE('16/04/2024', 'DD/MM/YYYY'), NULL, 'PDK0075', 35.5, 158, 109, 58);
INSERT INTO PHIEUKHAM VALUES ('PK0076', TO_DATE('17/04/2024', 'DD/MM/YYYY'), NULL, 'PDK0076', 35.6, 157, 88, 56);
INSERT INTO PHIEUKHAM VALUES ('PK0077', TO_DATE('18/04/2024', 'DD/MM/YYYY'), NULL, 'PDK0077', 60, 155, 103, 76);
INSERT INTO PHIEUKHAM VALUES ('PK0078', TO_DATE('19/04/2024', 'DD/MM/YYYY'), NULL, 'PDK0078', 38.1, 163, 151, 64);
INSERT INTO PHIEUKHAM VALUES ('PK0079', TO_DATE('20/04/2024', 'DD/MM/YYYY'), NULL, 'PDK0079', 77, 152, 102, 80);
INSERT INTO PHIEUKHAM VALUES ('PK0080', TO_DATE('21/04/2024', 'DD/MM/YYYY'), NULL, 'PDK0080', 39.1, 158, 114, 82);
INSERT INTO PHIEUKHAM VALUES ('PK0081', TO_DATE('22/04/2024', 'DD/MM/YYYY'), NULL, 'PDK0081', 42.8, 163, 100, 74);
INSERT INTO PHIEUKHAM VALUES ('PK0082', TO_DATE('23/04/2024', 'DD/MM/YYYY'), NULL, 'PDK0082', 39.4, 159, 131, 64);
INSERT INTO PHIEUKHAM VALUES ('PK0083', TO_DATE('24/04/2024', 'DD/MM/YYYY'), NULL, 'PDK0083', 36.1, 162, 104, 50);
INSERT INTO PHIEUKHAM VALUES ('PK0084', TO_DATE('25/04/2024', 'DD/MM/YYYY'), NULL, 'PDK0084', 55, 161, 148, 74);
INSERT INTO PHIEUKHAM VALUES ('PK0085', TO_DATE('26/04/2024', 'DD/MM/YYYY'), NULL, 'PDK0085', 52.2, 156, 120, 82);
INSERT INTO PHIEUKHAM VALUES ('PK0086', TO_DATE('27/04/2024', 'DD/MM/YYYY'), NULL, 'PDK0086', 60.1, 158, 110, 80);
INSERT INTO PHIEUKHAM VALUES ('PK0087', TO_DATE('28/04/2024', 'DD/MM/YYYY'), NULL, 'PDK0087', 78.4, 160, 111, 114);
INSERT INTO PHIEUKHAM VALUES ('PK0088', TO_DATE('29/04/2024', 'DD/MM/YYYY'), NULL, 'PDK0088', 78.8, 150, 102, 70);
INSERT INTO PHIEUKHAM VALUES ('PK0089', TO_DATE('30/04/2024', 'DD/MM/YYYY'), NULL, 'PDK0089', 44.5, 149, 134, 68);
INSERT INTO PHIEUKHAM VALUES ('PK0090', TO_DATE('01/05/2024', 'DD/MM/YYYY'), NULL, 'PDK0090', 40.6, 170, 87, 60);
INSERT INTO PHIEUKHAM VALUES ('PK0091', TO_DATE('02/05/2024', 'DD/MM/YYYY'), NULL, 'PDK0091', 59.1, 172, 79, 90);
INSERT INTO PHIEUKHAM VALUES ('PK0092', TO_DATE('03/05/2024', 'DD/MM/YYYY'), NULL, 'PDK0092', 49.3, 180, 75, 74);
INSERT INTO PHIEUKHAM VALUES ('PK0093', TO_DATE('04/05/2024', 'DD/MM/YYYY'), NULL, 'PDK0093', 46.3, 160, 179, 90);
INSERT INTO PHIEUKHAM VALUES ('PK0094', TO_DATE('05/05/2024', 'DD/MM/YYYY'), NULL, 'PDK0094', 36, 165, 85, 88);
INSERT INTO PHIEUKHAM VALUES ('PK0095', TO_DATE('06/05/2024', 'DD/MM/YYYY'), NULL, 'PDK0095', 36.6, 155, 129, 70);
INSERT INTO PHIEUKHAM VALUES ('PK0096', TO_DATE('07/05/2024', 'DD/MM/YYYY'), NULL, 'PDK0096', 39.5, 156, 143, 76);
INSERT INTO PHIEUKHAM VALUES ('PK0097', TO_DATE('08/05/2024', 'DD/MM/YYYY'), NULL, 'PDK0097', 42.3, 182, 130, 78);
INSERT INTO PHIEUKHAM VALUES ('PK0098', TO_DATE('09/05/2024', 'DD/MM/YYYY'), NULL, 'PDK0098', 45534, 153, 87, 88);
INSERT INTO PHIEUKHAM VALUES ('PK0099', TO_DATE('10/06/2024', 'DD/MM/YYYY'), NULL, 'PDK0099', 78.5, 153, 119, 70);
INSERT INTO PHIEUKHAM VALUES ('PK0100', TO_DATE('11/07/2024', 'DD/MM/YYYY'), NULL, 'PDK0100', 60.2, 170, 120, 76);


INSERT INTO CHITIETCHANDOAN VALUES ('PK0001', 'B0001');
INSERT INTO CHITIETCHANDOAN VALUES ('PK0002', 'B0002');
INSERT INTO CHITIETCHANDOAN VALUES ('PK0003', 'B0003');
INSERT INTO CHITIETCHANDOAN VALUES ('PK0004', 'B0004');
INSERT INTO CHITIETCHANDOAN VALUES ('PK0005', 'B0005');
INSERT INTO CHITIETCHANDOAN VALUES ('PK0006', 'B0006');
INSERT INTO CHITIETCHANDOAN VALUES ('PK0007', 'B0007');
INSERT INTO CHITIETCHANDOAN VALUES ('PK0008', 'B0008');
INSERT INTO CHITIETCHANDOAN VALUES ('PK0009', 'B0009');
INSERT INTO CHITIETCHANDOAN VALUES ('PK0010', 'B0010');
INSERT INTO CHITIETCHANDOAN VALUES ('PK0011', 'B0011');
INSERT INTO CHITIETCHANDOAN VALUES ('PK0012', 'B0012');
INSERT INTO CHITIETCHANDOAN VALUES ('PK0013', 'B0013');
INSERT INTO CHITIETCHANDOAN VALUES ('PK0014', 'B0014');
INSERT INTO CHITIETCHANDOAN VALUES ('PK0015', 'B0015');
INSERT INTO CHITIETCHANDOAN VALUES ('PK0016', 'B0016');
INSERT INTO CHITIETCHANDOAN VALUES ('PK0017', 'B0017');
INSERT INTO CHITIETCHANDOAN VALUES ('PK0018', 'B0018');
INSERT INTO CHITIETCHANDOAN VALUES ('PK0019', 'B0019');
INSERT INTO CHITIETCHANDOAN VALUES ('PK0020', 'B0020');
INSERT INTO CHITIETCHANDOAN VALUES ('PK0021', 'B0021');
INSERT INTO CHITIETCHANDOAN VALUES ('PK0022', 'B0022');
INSERT INTO CHITIETCHANDOAN VALUES ('PK0023', 'B0023');
INSERT INTO CHITIETCHANDOAN VALUES ('PK0024', 'B0024');
INSERT INTO CHITIETCHANDOAN VALUES ('PK0025', 'B0025');
INSERT INTO CHITIETCHANDOAN VALUES ('PK0026', 'B0026');
INSERT INTO CHITIETCHANDOAN VALUES ('PK0027', 'B0027');
INSERT INTO CHITIETCHANDOAN VALUES ('PK0028', 'B0028');
INSERT INTO CHITIETCHANDOAN VALUES ('PK0029', 'B0029');
INSERT INTO CHITIETCHANDOAN VALUES ('PK0030', 'B0030');
INSERT INTO CHITIETCHANDOAN VALUES ('PK0031', 'B0031');
INSERT INTO CHITIETCHANDOAN VALUES ('PK0032', 'B0032');
INSERT INTO CHITIETCHANDOAN VALUES ('PK0033', 'B0033');
INSERT INTO CHITIETCHANDOAN VALUES ('PK0034', 'B0034');
INSERT INTO CHITIETCHANDOAN VALUES ('PK0035', 'B0035');
INSERT INTO CHITIETCHANDOAN VALUES ('PK0036', 'B0036');
INSERT INTO CHITIETCHANDOAN VALUES ('PK0037', 'B0037');
INSERT INTO CHITIETCHANDOAN VALUES ('PK0038', 'B0038');
INSERT INTO CHITIETCHANDOAN VALUES ('PK0039', 'B0039');
INSERT INTO CHITIETCHANDOAN VALUES ('PK0040', 'B0040');
INSERT INTO CHITIETCHANDOAN VALUES ('PK0041', 'B0041');
INSERT INTO CHITIETCHANDOAN VALUES ('PK0042', 'B0042');
INSERT INTO CHITIETCHANDOAN VALUES ('PK0043', 'B0043');
INSERT INTO CHITIETCHANDOAN VALUES ('PK0044', 'B0044');
INSERT INTO CHITIETCHANDOAN VALUES ('PK0045', 'B0045');
INSERT INTO CHITIETCHANDOAN VALUES ('PK0046', 'B0046');
INSERT INTO CHITIETCHANDOAN VALUES ('PK0047', 'B0047');
INSERT INTO CHITIETCHANDOAN VALUES ('PK0048', 'B0048');
INSERT INTO CHITIETCHANDOAN VALUES ('PK0049', 'B0001');
INSERT INTO CHITIETCHANDOAN VALUES ('PK0050', 'B0002');
INSERT INTO CHITIETCHANDOAN VALUES ('PK0051', 'B0003');
INSERT INTO CHITIETCHANDOAN VALUES ('PK0052', 'B0004');
INSERT INTO CHITIETCHANDOAN VALUES ('PK0053', 'B0005');
INSERT INTO CHITIETCHANDOAN VALUES ('PK0054', 'B0006');
INSERT INTO CHITIETCHANDOAN VALUES ('PK0055', 'B0007');
INSERT INTO CHITIETCHANDOAN VALUES ('PK0056', 'B0008');
INSERT INTO CHITIETCHANDOAN VALUES ('PK0057', 'B0009');
INSERT INTO CHITIETCHANDOAN VALUES ('PK0058', 'B0010');
INSERT INTO CHITIETCHANDOAN VALUES ('PK0059', 'B0011');
INSERT INTO CHITIETCHANDOAN VALUES ('PK0060', 'B0012');
INSERT INTO CHITIETCHANDOAN VALUES ('PK0061', 'B0013');
INSERT INTO CHITIETCHANDOAN VALUES ('PK0062', 'B0014');
INSERT INTO CHITIETCHANDOAN VALUES ('PK0063', 'B0015');
INSERT INTO CHITIETCHANDOAN VALUES ('PK0064', 'B0016');
INSERT INTO CHITIETCHANDOAN VALUES ('PK0065', 'B0017');
INSERT INTO CHITIETCHANDOAN VALUES ('PK0066', 'B0018');
INSERT INTO CHITIETCHANDOAN VALUES ('PK0067', 'B0019');
INSERT INTO CHITIETCHANDOAN VALUES ('PK0068', 'B0020');
INSERT INTO CHITIETCHANDOAN VALUES ('PK0069', 'B0021');
INSERT INTO CHITIETCHANDOAN VALUES ('PK0070', 'B0022');
INSERT INTO CHITIETCHANDOAN VALUES ('PK0071', 'B0023');
INSERT INTO CHITIETCHANDOAN VALUES ('PK0072', 'B0024');
INSERT INTO CHITIETCHANDOAN VALUES ('PK0073', 'B0025');
INSERT INTO CHITIETCHANDOAN VALUES ('PK0074', 'B0026');
INSERT INTO CHITIETCHANDOAN VALUES ('PK0075', 'B0027');
INSERT INTO CHITIETCHANDOAN VALUES ('PK0076', 'B0028');
INSERT INTO CHITIETCHANDOAN VALUES ('PK0077', 'B0029');
INSERT INTO CHITIETCHANDOAN VALUES ('PK0078', 'B0030');
INSERT INTO CHITIETCHANDOAN VALUES ('PK0079', 'B0031');
INSERT INTO CHITIETCHANDOAN VALUES ('PK0080', 'B0032');
INSERT INTO CHITIETCHANDOAN VALUES ('PK0081', 'B0033');
INSERT INTO CHITIETCHANDOAN VALUES ('PK0082', 'B0034');
INSERT INTO CHITIETCHANDOAN VALUES ('PK0083', 'B0035');
INSERT INTO CHITIETCHANDOAN VALUES ('PK0084', 'B0036');
INSERT INTO CHITIETCHANDOAN VALUES ('PK0085', 'B0037');
INSERT INTO CHITIETCHANDOAN VALUES ('PK0086', 'B0038');
INSERT INTO CHITIETCHANDOAN VALUES ('PK0087', 'B0039');
INSERT INTO CHITIETCHANDOAN VALUES ('PK0088', 'B0040');
INSERT INTO CHITIETCHANDOAN VALUES ('PK0089', 'B0041');
INSERT INTO CHITIETCHANDOAN VALUES ('PK0090', 'B0042');
INSERT INTO CHITIETCHANDOAN VALUES ('PK0091', 'B0043');
INSERT INTO CHITIETCHANDOAN VALUES ('PK0092', 'B0044');
INSERT INTO CHITIETCHANDOAN VALUES ('PK0093', 'B0045');
INSERT INTO CHITIETCHANDOAN VALUES ('PK0094', 'B0046');
INSERT INTO CHITIETCHANDOAN VALUES ('PK0095', 'B0047');
INSERT INTO CHITIETCHANDOAN VALUES ('PK0096', 'B0048');
INSERT INTO CHITIETCHANDOAN VALUES ('PK0097', 'B0001');
INSERT INTO CHITIETCHANDOAN VALUES ('PK0098', 'B0002');
INSERT INTO CHITIETCHANDOAN VALUES ('PK0099', 'B0003');
INSERT INTO CHITIETCHANDOAN VALUES ('PK0100', 'B0004');
INSERT INTO CHITIETCHANDOAN VALUES ('PK0001', 'B0005');
INSERT INTO CHITIETCHANDOAN VALUES ('PK0002', 'B0006');
INSERT INTO CHITIETCHANDOAN VALUES ('PK0003', 'B0007');
INSERT INTO CHITIETCHANDOAN VALUES ('PK0004', 'B0008');
INSERT INTO CHITIETCHANDOAN VALUES ('PK0005', 'B0009');
INSERT INTO CHITIETCHANDOAN VALUES ('PK0006', 'B0010');
INSERT INTO CHITIETCHANDOAN VALUES ('PK0007', 'B0011');
INSERT INTO CHITIETCHANDOAN VALUES ('PK0008', 'B0012');
INSERT INTO CHITIETCHANDOAN VALUES ('PK0009', 'B0013');
INSERT INTO CHITIETCHANDOAN VALUES ('PK0010', 'B0014');
INSERT INTO CHITIETCHANDOAN VALUES ('PK0011', 'B0015');
INSERT INTO CHITIETCHANDOAN VALUES ('PK0012', 'B0016');
INSERT INTO CHITIETCHANDOAN VALUES ('PK0013', 'B0017');
INSERT INTO CHITIETCHANDOAN VALUES ('PK0014', 'B0018');
INSERT INTO CHITIETCHANDOAN VALUES ('PK0015', 'B0019');
INSERT INTO CHITIETCHANDOAN VALUES ('PK0016', 'B0020');
INSERT INTO CHITIETCHANDOAN VALUES ('PK0017', 'B0021');
INSERT INTO CHITIETCHANDOAN VALUES ('PK0018', 'B0022');
INSERT INTO CHITIETCHANDOAN VALUES ('PK0019', 'B0023');
INSERT INTO CHITIETCHANDOAN VALUES ('PK0020', 'B0024');
INSERT INTO CHITIETCHANDOAN VALUES ('PK0021', 'B0025');
INSERT INTO CHITIETCHANDOAN VALUES ('PK0022', 'B0026');
INSERT INTO CHITIETCHANDOAN VALUES ('PK0023', 'B0027');
INSERT INTO CHITIETCHANDOAN VALUES ('PK0024', 'B0028');


INSERT INTO TOATHUOC VALUES ('TT0001', 'PK0001', N'?ã thanh toán', NULL);
INSERT INTO TOATHUOC VALUES ('TT0002', 'PK0002', N'?ã thanh toán', NULL);
INSERT INTO TOATHUOC VALUES ('TT0003', 'PK0003', N'?ã thanh toán', NULL);
INSERT INTO TOATHUOC VALUES ('TT0004', 'PK0004', N'?ã thanh toán', NULL);
INSERT INTO TOATHUOC VALUES ('TT0005', 'PK0005', N'?ã thanh toán', NULL);
INSERT INTO TOATHUOC VALUES ('TT0006', 'PK0006', N'?ã thanh toán', NULL);
INSERT INTO TOATHUOC VALUES ('TT0007', 'PK0007', N'?ã thanh toán', NULL);
INSERT INTO TOATHUOC VALUES ('TT0008', 'PK0008', N'?ã thanh toán', NULL);
INSERT INTO TOATHUOC VALUES ('TT0009', 'PK0009', N'?ã thanh toán', NULL);
INSERT INTO TOATHUOC VALUES ('TT0010', 'PK0010', N'?ã thanh toán', NULL);
INSERT INTO TOATHUOC VALUES ('TT0011', 'PK0011', N'?ã thanh toán', NULL);
INSERT INTO TOATHUOC VALUES ('TT0012', 'PK0012', N'?ã thanh toán', NULL);
INSERT INTO TOATHUOC VALUES ('TT0013', 'PK0013', N'?ã thanh toán', NULL);
INSERT INTO TOATHUOC VALUES ('TT0014', 'PK0014', N'?ã thanh toán', NULL);
INSERT INTO TOATHUOC VALUES ('TT0015', 'PK0015', N'?ã thanh toán', NULL);
INSERT INTO TOATHUOC VALUES ('TT0016', 'PK0016', N'?ã thanh toán', NULL);
INSERT INTO TOATHUOC VALUES ('TT0017', 'PK0017', N'?ã thanh toán', NULL);
INSERT INTO TOATHUOC VALUES ('TT0018', 'PK0018', N'?ã thanh toán', NULL);
INSERT INTO TOATHUOC VALUES ('TT0019', 'PK0019', N'?ã thanh toán', NULL);
INSERT INTO TOATHUOC VALUES ('TT0020', 'PK0020', N'?ã thanh toán', NULL);
INSERT INTO TOATHUOC VALUES ('TT0021', 'PK0021', N'?ã thanh toán', NULL);
INSERT INTO TOATHUOC VALUES ('TT0022', 'PK0022', N'?ã thanh toán', NULL);
INSERT INTO TOATHUOC VALUES ('TT0023', 'PK0023', N'?ã thanh toán', NULL);
INSERT INTO TOATHUOC VALUES ('TT0024', 'PK0024', N'?ã thanh toán', NULL);
INSERT INTO TOATHUOC VALUES ('TT0025', 'PK0025', N'?ã thanh toán', NULL);
INSERT INTO TOATHUOC VALUES ('TT0026', 'PK0026', N'?ã thanh toán', NULL);
INSERT INTO TOATHUOC VALUES ('TT0027', 'PK0027', N'?ã thanh toán', NULL);
INSERT INTO TOATHUOC VALUES ('TT0028', 'PK0028', N'?ã thanh toán', NULL);
INSERT INTO TOATHUOC VALUES ('TT0029', 'PK0029', N'?ã thanh toán', NULL);
INSERT INTO TOATHUOC VALUES ('TT0030', 'PK0030', N'?ã thanh toán', NULL);
INSERT INTO TOATHUOC VALUES ('TT0031', 'PK0031', N'?ã thanh toán', NULL);
INSERT INTO TOATHUOC VALUES ('TT0032', 'PK0032', N'?ã thanh toán', NULL);
INSERT INTO TOATHUOC VALUES ('TT0033', 'PK0033', N'?ã thanh toán', NULL);
INSERT INTO TOATHUOC VALUES ('TT0034', 'PK0034', N'?ã thanh toán', NULL);
INSERT INTO TOATHUOC VALUES ('TT0035', 'PK0035', N'?ã thanh toán', NULL);
INSERT INTO TOATHUOC VALUES ('TT0036', 'PK0036', N'?ã thanh toán', NULL);
INSERT INTO TOATHUOC VALUES ('TT0037', 'PK0037', N'?ã thanh toán', NULL);
INSERT INTO TOATHUOC VALUES ('TT0038', 'PK0038', N'?ã thanh toán', NULL);
INSERT INTO TOATHUOC VALUES ('TT0039', 'PK0039', N'?ã thanh toán', NULL);
INSERT INTO TOATHUOC VALUES ('TT0040', 'PK0040', N'?ã thanh toán', NULL);
INSERT INTO TOATHUOC VALUES ('TT0041', 'PK0041', N'?ã thanh toán', NULL);
INSERT INTO TOATHUOC VALUES ('TT0042', 'PK0042', N'?ã thanh toán', NULL);
INSERT INTO TOATHUOC VALUES ('TT0043', 'PK0043', N'?ã thanh toán', NULL);
INSERT INTO TOATHUOC VALUES ('TT0044', 'PK0044', N'?ã thanh toán', NULL);
INSERT INTO TOATHUOC VALUES ('TT0045', 'PK0045', N'?ã thanh toán', NULL);
INSERT INTO TOATHUOC VALUES ('TT0046', 'PK0046', N'?ã thanh toán', NULL);
INSERT INTO TOATHUOC VALUES ('TT0047', 'PK0047', N'?ã thanh toán', NULL);
INSERT INTO TOATHUOC VALUES ('TT0048', 'PK0048', N'?ã thanh toán', NULL);
INSERT INTO TOATHUOC VALUES ('TT0049', 'PK0049', N'?ã thanh toán', NULL);
INSERT INTO TOATHUOC VALUES ('TT0050', 'PK0050', N'?ã thanh toán', NULL);
INSERT INTO TOATHUOC VALUES ('TT0051', 'PK0051', N'?ã thanh toán', NULL);
INSERT INTO TOATHUOC VALUES ('TT0052', 'PK0052', N'?ã thanh toán', NULL);
INSERT INTO TOATHUOC VALUES ('TT0053', 'PK0053', N'?ã thanh toán', NULL);
INSERT INTO TOATHUOC VALUES ('TT0054', 'PK0054', N'?ã thanh toán', NULL);
INSERT INTO TOATHUOC VALUES ('TT0055', 'PK0055', N'?ã thanh toán', NULL);
INSERT INTO TOATHUOC VALUES ('TT0056', 'PK0056', N'?ã thanh toán', NULL);
INSERT INTO TOATHUOC VALUES ('TT0057', 'PK0057', N'?ã thanh toán', NULL);
INSERT INTO TOATHUOC VALUES ('TT0058', 'PK0058', N'?ã thanh toán', NULL);
INSERT INTO TOATHUOC VALUES ('TT0059', 'PK0059', N'?ã thanh toán', NULL);
INSERT INTO TOATHUOC VALUES ('TT0060', 'PK0060', N'?ã thanh toán', NULL);
INSERT INTO TOATHUOC VALUES ('TT0061', 'PK0061', N'?ã thanh toán', NULL);
INSERT INTO TOATHUOC VALUES ('TT0062', 'PK0062', N'?ã thanh toán', NULL);
INSERT INTO TOATHUOC VALUES ('TT0063', 'PK0063', N'?ã thanh toán', NULL);
INSERT INTO TOATHUOC VALUES ('TT0064', 'PK0064', N'?ã thanh toán', NULL);
INSERT INTO TOATHUOC VALUES ('TT0065', 'PK0065', N'?ã thanh toán', NULL);
INSERT INTO TOATHUOC VALUES ('TT0066', 'PK0066', N'?ã thanh toán', NULL);
INSERT INTO TOATHUOC VALUES ('TT0067', 'PK0067', N'?ã thanh toán', NULL);
INSERT INTO TOATHUOC VALUES ('TT0068', 'PK0068', N'?ã thanh toán', NULL);
INSERT INTO TOATHUOC VALUES ('TT0069', 'PK0069', N'?ã thanh toán', NULL);
INSERT INTO TOATHUOC VALUES ('TT0070', 'PK0070', N'?ã thanh toán', NULL);
INSERT INTO TOATHUOC VALUES ('TT0071', 'PK0071', N'?ã thanh toán', NULL);
INSERT INTO TOATHUOC VALUES ('TT0072', 'PK0072', N'?ã thanh toán', NULL);
INSERT INTO TOATHUOC VALUES ('TT0073', 'PK0073', N'?ã thanh toán', NULL);
INSERT INTO TOATHUOC VALUES ('TT0074', 'PK0074', N'?ã thanh toán', NULL);
INSERT INTO TOATHUOC VALUES ('TT0075', 'PK0075', N'?ã thanh toán', NULL);
INSERT INTO TOATHUOC VALUES ('TT0076', 'PK0076', N'?ã thanh toán', NULL);
INSERT INTO TOATHUOC VALUES ('TT0077', 'PK0077', N'?ã thanh toán', NULL);
INSERT INTO TOATHUOC VALUES ('TT0078', 'PK0078', N'?ã thanh toán', NULL);
INSERT INTO TOATHUOC VALUES ('TT0079', 'PK0079', N'?ã thanh toán', NULL);
INSERT INTO TOATHUOC VALUES ('TT0080', 'PK0080', N'?ã thanh toán', NULL);
INSERT INTO TOATHUOC VALUES ('TT0081', 'PK0081', N'?ã thanh toán', NULL);
INSERT INTO TOATHUOC VALUES ('TT0082', 'PK0082', N'?ã thanh toán', NULL);
INSERT INTO TOATHUOC VALUES ('TT0083', 'PK0083', N'?ã thanh toán', NULL);
INSERT INTO TOATHUOC VALUES ('TT0084', 'PK0084', N'?ã thanh toán', NULL);
INSERT INTO TOATHUOC VALUES ('TT0085', 'PK0085', N'?ã thanh toán', NULL);
INSERT INTO TOATHUOC VALUES ('TT0086', 'PK0086', N'?ã thanh toán', NULL);
INSERT INTO TOATHUOC VALUES ('TT0087', 'PK0087', N'?ã thanh toán', NULL);
INSERT INTO TOATHUOC VALUES ('TT0088', 'PK0088', N'?ã thanh toán', NULL);
INSERT INTO TOATHUOC VALUES ('TT0089', 'PK0089', N'?ã thanh toán', NULL);
INSERT INTO TOATHUOC VALUES ('TT0090', 'PK0090', N'?ã thanh toán', NULL);
INSERT INTO TOATHUOC VALUES ('TT0091', 'PK0091', N'?ã thanh toán', NULL);
INSERT INTO TOATHUOC VALUES ('TT0092', 'PK0092', N'?ã thanh toán', NULL);
INSERT INTO TOATHUOC VALUES ('TT0093', 'PK0093', N'?ã thanh toán', NULL);
INSERT INTO TOATHUOC VALUES ('TT0094', 'PK0094', N'?ã thanh toán', NULL);
INSERT INTO TOATHUOC VALUES ('TT0095', 'PK0095', N'?ã thanh toán', NULL);
INSERT INTO TOATHUOC VALUES ('TT0096', 'PK0096', N'?ã thanh toán', NULL);
INSERT INTO TOATHUOC VALUES ('TT0097', 'PK0097', N'?ã thanh toán', NULL);
INSERT INTO TOATHUOC VALUES ('TT0098', 'PK0098', N'?ã thanh toán', NULL);
INSERT INTO TOATHUOC VALUES ('TT0099', 'PK0099', N'?ã thanh toán', NULL);
INSERT INTO TOATHUOC VALUES ('TT0100', 'PK0100', N'?ã thanh toán', NULL);


INSERT INTO CHITIETTOATHUOC VALUES ('TT0001', 'T0096', 50000, 10, N'Ngày 3 l?n m?i l?n 1 viên');
INSERT INTO CHITIETTOATHUOC VALUES ('TT0001', 'T0097', 7000, 12, N'Ngày 2 l?n m?i l?n 1 viên');
INSERT INTO CHITIETTOATHUOC VALUES ('TT0001', 'T0098', 49000, 30, N'Ngày 3 l?n m?i l?n 2 viên');
INSERT INTO CHITIETTOATHUOC VALUES ('TT0002', 'T0099', 25000, 15, N'Ngày 3 l?n m?i l?n 2 viên');
INSERT INTO CHITIETTOATHUOC VALUES ('TT0003', 'T0100', 11000, 12, N'Ngày 2 l?n m?i l?n 1 viên');
INSERT INTO CHITIETTOATHUOC VALUES ('TT0003', 'T0101', 56000, 6, N'Ngày 2 l?n m?i l?n 1 viên');
INSERT INTO CHITIETTOATHUOC VALUES ('TT0004', 'T0102', 120000, 9, N'Ngày 2 l?n m?i l?n 2 viên');
INSERT INTO CHITIETTOATHUOC VALUES ('TT0005', 'T0103', 21800, 30, N'Ngày 3 l?n m?i l?n 3 viên');
INSERT INTO CHITIETTOATHUOC VALUES ('TT0006', 'T0104', 30000, 18, N'Ngày 3 l?n m?i l?n 1 viên');
INSERT INTO CHITIETTOATHUOC VALUES ('TT0006', 'T0105', 12000, 10, N'Ngày 3 l?n m?i l?n 2 viên');
INSERT INTO CHITIETTOATHUOC VALUES ('TT0006', 'T0106', 158000, 12, N'Ngày 3 l?n m?i l?n 1 viên');
INSERT INTO CHITIETTOATHUOC VALUES ('TT0007', 'T0107', 12000, 9, N'Ngày 3 l?n m?i l?n 2 viên');
INSERT INTO CHITIETTOATHUOC VALUES ('TT0008', 'T0108', 1526000, 6, N'Ngày 3 l?n m?i l?n 1 viên');
INSERT INTO CHITIETTOATHUOC VALUES ('TT0009', 'T0109', 12000, 5, N'Ngày 2 l?n m?i l?n 1 viên');
INSERT INTO CHITIETTOATHUOC VALUES ('TT0010', 'T0110', 150000, 3, N'Ngày 3 l?n m?i l?n 1 viên');
INSERT INTO CHITIETTOATHUOC VALUES ('TT0011', 'T0111', 599000, 1, N'Ngày 3 l?n m?i l?n 2 viên');
INSERT INTO CHITIETTOATHUOC VALUES ('TT0012', 'T0112', 811000, 8, N'Ngày 3 l?n m?i l?n 1 viên');
INSERT INTO CHITIETTOATHUOC VALUES ('TT0013', 'T0113', 389000, 5, N'Ngày 2 l?n m?i l?n 1 viên');
INSERT INTO CHITIETTOATHUOC VALUES ('TT0014', 'T0114', 369000, 6, N'Ngày 2 l?n m?i l?n 1 viên');
INSERT INTO CHITIETTOATHUOC VALUES ('TT0014', 'T0115', 189000, 10, N'Ngày 3 l?n m?i l?n 1 viên');
INSERT INTO CHITIETTOATHUOC VALUES ('TT0014', 'T0116', 789000, 15, N'Ngày 3 l?n m?i l?n 3 viên');
INSERT INTO CHITIETTOATHUOC VALUES ('TT0015', 'T0117', 559000, 18, N'Ngày 3 l?n m?i l?n 1 viên');
INSERT INTO CHITIETTOATHUOC VALUES ('TT0016', 'T0118', 484000, 20, N'Ngày 3 l?n m?i l?n 1 viên');
INSERT INTO CHITIETTOATHUOC VALUES ('TT0017', 'T0119', 639000, 24, N'Ngày 3 l?n m?i l?n 3 viên');
INSERT INTO CHITIETTOATHUOC VALUES ('TT0018', 'T0120', 439000, 30, N'Ngày 3 l?n m?i l?n 3 viên');
INSERT INTO CHITIETTOATHUOC VALUES ('TT0019', 'T0121', 490000, 10, N'Ngày 3 l?n m?i l?n 1 viên');
INSERT INTO CHITIETTOATHUOC VALUES ('TT0019', 'T0122', 239000, 12, N'Ngày 3 l?n m?i l?n 1 viên');
INSERT INTO CHITIETTOATHUOC VALUES ('TT0019', 'T0123', 369000, 30, N'Ngày 3 l?n m?i l?n 1 viên');
INSERT INTO CHITIETTOATHUOC VALUES ('TT0019', 'T0124', 169000, 15, N'Ngày 3 l?n m?i l?n 1 viên');
INSERT INTO CHITIETTOATHUOC VALUES ('TT0020', 'T0125', 569000, 12, N'Ngày 3 l?n m?i l?n 1 viên');
INSERT INTO CHITIETTOATHUOC VALUES ('TT0021', 'T0126', 399000, 6, N'Ngày 2 l?n m?i l?n 1 viên');
INSERT INTO CHITIETTOATHUOC VALUES ('TT0022', 'T0127', 169000, 9, N'Ngày 3 l?n m?i l?n 2 viên');
INSERT INTO CHITIETTOATHUOC VALUES ('TT0022', 'T0128', 16900, 30, N'Ngày 3 l?n m?i l?n 2 viên');
INSERT INTO CHITIETTOATHUOC VALUES ('TT0023', 'T0129', 169000, 18, N'Ngày 3 l?n m?i l?n 1 viên');
INSERT INTO CHITIETTOATHUOC VALUES ('TT0024', 'T0130', 169000, 10, N'Ngày 3 l?n m?i l?n 2 viên');
INSERT INTO CHITIETTOATHUOC VALUES ('TT0025', 'T0131', 769000, 12, N'Ngày 3 l?n m?i l?n 1 viên');
INSERT INTO CHITIETTOATHUOC VALUES ('TT0026', 'T0132', 169000, 9, N'Ngày 3 l?n m?i l?n 3 viên');
INSERT INTO CHITIETTOATHUOC VALUES ('TT0027', 'T0133', 869000, 6, N'Ngày 3 l?n m?i l?n 2 viên');
INSERT INTO CHITIETTOATHUOC VALUES ('TT0028', 'T0134', 1569000, 5, N'Ngày 3 l?n m?i l?n 1 viên');
INSERT INTO CHITIETTOATHUOC VALUES ('TT0029', 'T0135', 899000, 3, N'Ngày 1 l?n m?i l?n 1 viên');
INSERT INTO CHITIETTOATHUOC VALUES ('TT0030', 'T0136', 1629000, 1, N'Ngày 1 l?n m?i l?n 1 viên');
INSERT INTO CHITIETTOATHUOC VALUES ('TT0031', 'T0137', 169000, 8, N'Ngày 3 l?n m?i l?n 2 viên');
INSERT INTO CHITIETTOATHUOC VALUES ('TT0032', 'T0138', 499000, 5, N'Ngày 3 l?n m?i l?n 1 viên');
INSERT INTO CHITIETTOATHUOC VALUES ('TT0033', 'T0139', 279000, 6, N'Ngày 3 l?n m?i l?n 1 viên');
INSERT INTO CHITIETTOATHUOC VALUES ('TT0034', 'T0140', 169000, 10, N'Ngày 3 l?n m?i l?n 1 viên');
INSERT INTO CHITIETTOATHUOC VALUES ('TT0035', 'T0141', 99000, 15, N'Ngày 3 l?n m?i l?n 1 viên');
INSERT INTO CHITIETTOATHUOC VALUES ('TT0036', 'T0142', 399000, 18, N'Ngày 3 l?n m?i l?n 3 viên');
INSERT INTO CHITIETTOATHUOC VALUES ('TT0037', 'T0143', 830000, 20, N'Ngày 3 l?n m?i l?n 1 viên');
INSERT INTO CHITIETTOATHUOC VALUES ('TT0038', 'T0144', 222000, 24, N'Ngày 2 l?n m?i l?n 1 viên');
INSERT INTO CHITIETTOATHUOC VALUES ('TT0039', 'T0145', 569000, 30, N'Ngày 2 l?n m?i l?n 1 viên');
INSERT INTO CHITIETTOATHUOC VALUES ('TT0040', 'T0146', 769000, 10, N'Ngày 3 l?n m?i l?n 3 viên');
INSERT INTO CHITIETTOATHUOC VALUES ('TT0041', 'T0147', 869000, 12, N'Ngày 3 l?n m?i l?n 1 viên');
INSERT INTO CHITIETTOATHUOC VALUES ('TT0042', 'T0148', 129000, 30, N'Ngày 3 l?n m?i l?n 2 viên');
INSERT INTO CHITIETTOATHUOC VALUES ('TT0043', 'T0149', 269000, 15, N'Ngày 3 l?n m?i l?n 1 viên');
INSERT INTO CHITIETTOATHUOC VALUES ('TT0044', 'T0150', 45000, 12, N'Ngày 3 l?n m?i l?n 3 viên');
INSERT INTO CHITIETTOATHUOC VALUES ('TT0045', 'T0151', 669000, 6, N'Ngày 3 l?n m?i l?n 1 viên');
INSERT INTO CHITIETTOATHUOC VALUES ('TT0045', 'T0152', 559000, 9, N'Ngày 3 l?n m?i l?n 2 viên');
INSERT INTO CHITIETTOATHUOC VALUES ('TT0046', 'T0153', 369000, 30, N'Ngày 3 l?n m?i l?n 1 viên');
INSERT INTO CHITIETTOATHUOC VALUES ('TT0047', 'T0154', 69000, 18, N'Ngày 3 l?n m?i l?n 1 viên');
INSERT INTO CHITIETTOATHUOC VALUES ('TT0047', 'T0155', 1690000, 10, N'Ngày 3 l?n m?i l?n 2 viên');
INSERT INTO CHITIETTOATHUOC VALUES ('TT0047', 'T0156', 369000, 12, N'Ngày 3 l?n m?i l?n 1 viên');
INSERT INTO CHITIETTOATHUOC VALUES ('TT0047', 'T0157', 269000, 9, N'Ngày 3 l?n m?i l?n 1 viên');
INSERT INTO CHITIETTOATHUOC VALUES ('TT0048', 'T0158', 69000, 6, N'Ngày 3 l?n m?i l?n 1 viên');
INSERT INTO CHITIETTOATHUOC VALUES ('TT0049', 'T0159', 169000, 5, N'Ngày 3 l?n m?i l?n 2 viên');
INSERT INTO CHITIETTOATHUOC VALUES ('TT0050', 'T0160', 169000, 3, N'Ngày 2 l?n m?i l?n 1 viên');
INSERT INTO CHITIETTOATHUOC VALUES ('TT0051', 'T0161', 550000, 1, N'Ngày 1 l?n m?i l?n 1 viên');
INSERT INTO CHITIETTOATHUOC VALUES ('TT0052', 'T0162', 750000, 8, N'Ngày 3 l?n m?i l?n 1 viên');
INSERT INTO CHITIETTOATHUOC VALUES ('TT0053', 'T0163', 300000, 5, N'Ngày 3 l?n m?i l?n 1 viên');
INSERT INTO CHITIETTOATHUOC VALUES ('TT0054', 'T0164', 299000, 6, N'Ngày 3 l?n m?i l?n 1 viên');
INSERT INTO CHITIETTOATHUOC VALUES ('TT0055', 'T0165', 140000, 10, N'Ngày 3 l?n m?i l?n 1 viên');
INSERT INTO CHITIETTOATHUOC VALUES ('TT0056', 'T0166', 700000, 15, N'Ngày 3 l?n m?i l?n 2 viên');
INSERT INTO CHITIETTOATHUOC VALUES ('TT0057', 'T0167', 500000, 18, N'Ngày 3 l?n m?i l?n 1 viên');
INSERT INTO CHITIETTOATHUOC VALUES ('TT0058', 'T0168', 404000, 20, N'Ngày 3 l?n m?i l?n 3 viên');
INSERT INTO CHITIETTOATHUOC VALUES ('TT0059', 'T0169', 600000, 24, N'Ngày 3 l?n m?i l?n 1 viên');
INSERT INTO CHITIETTOATHUOC VALUES ('TT0060', 'T0170', 400000, 30, N'Ngày 3 l?n m?i l?n 2 viên');
INSERT INTO CHITIETTOATHUOC VALUES ('TT0061', 'T0171', 450000, 10, N'Ngày 3 l?n m?i l?n 3 viên');
INSERT INTO CHITIETTOATHUOC VALUES ('TT0062', 'T0172', 200000, 12, N'Ngày 3 l?n m?i l?n 1 viên');
INSERT INTO CHITIETTOATHUOC VALUES ('TT0063', 'T0173', 360000, 30, N'Ngày 3 l?n m?i l?n 1 viên');
INSERT INTO CHITIETTOATHUOC VALUES ('TT0064', 'T0174', 160000, 15, N'Ngày 3 l?n m?i l?n 1 viên');
INSERT INTO CHITIETTOATHUOC VALUES ('TT0065', 'T0175', 560000, 12, N'Ngày 3 l?n m?i l?n 2 viên');
INSERT INTO CHITIETTOATHUOC VALUES ('TT0066', 'T0176', 389000, 6, N'Ngày 3 l?n m?i l?n 1 viên');
INSERT INTO CHITIETTOATHUOC VALUES ('TT0067', 'T0177', 160000, 9, N'Ngày 3 l?n m?i l?n 3 viên');
INSERT INTO CHITIETTOATHUOC VALUES ('TT0068', 'T0178', 15000, 30, N'Ngày 3 l?n m?i l?n 1 viên');
INSERT INTO CHITIETTOATHUOC VALUES ('TT0069', 'T0179', 160000, 18, N'Ngày 3 l?n m?i l?n 1 viên');
INSERT INTO CHITIETTOATHUOC VALUES ('TT0070', 'T0180', 160000, 10, N'Ngày 3 l?n m?i l?n 1 viên');
INSERT INTO CHITIETTOATHUOC VALUES ('TT0071', 'T0181', 760000, 12, N'Ngày 3 l?n m?i l?n 2 viên');
INSERT INTO CHITIETTOATHUOC VALUES ('TT0071', 'T0182', 160000, 9, N'Ngày 3 l?n m?i l?n 1 viên');
INSERT INTO CHITIETTOATHUOC VALUES ('TT0071', 'T0183', 760000, 6, N'Ngày 3 l?n m?i l?n 1 viên');
INSERT INTO CHITIETTOATHUOC VALUES ('TT0071', 'T0184', 1460000, 5, N'Ngày 3 l?n m?i l?n 1 viên');
INSERT INTO CHITIETTOATHUOC VALUES ('TT0072', 'T0185', 860000, 3, N'Ngày 3 l?n m?i l?n 2 viên');
INSERT INTO CHITIETTOATHUOC VALUES ('TT0073', 'T0186', 1600000, 1, N'Ngày 1 l?n m?i l?n 1 viên');
INSERT INTO CHITIETTOATHUOC VALUES ('TT0074', 'T0187', 160000, 8, N'Ngày 3 l?n m?i l?n 1 viên');
INSERT INTO CHITIETTOATHUOC VALUES ('TT0075', 'T0188', 400000, 5, N'Ngày 3 l?n m?i l?n 3 viên');
INSERT INTO CHITIETTOATHUOC VALUES ('TT0076', 'T0189', 250000, 6, N'Ngày 3 l?n m?i l?n 1 viên');
INSERT INTO CHITIETTOATHUOC VALUES ('TT0077', 'T0190', 160000, 10, N'Ngày 3 l?n m?i l?n 3 viên');
INSERT INTO CHITIETTOATHUOC VALUES ('TT0078', 'T0191', 90000, 15, N'Ngày 3 l?n m?i l?n 1 viên');
INSERT INTO CHITIETTOATHUOC VALUES ('TT0079', 'T0192', 390000, 18, N'Ngày 2 l?n m?i l?n 1 viên');
INSERT INTO CHITIETTOATHUOC VALUES ('TT0080', 'T0193', 760000, 20, N'Ngày 3 l?n m?i l?n 1 viên');
INSERT INTO CHITIETTOATHUOC VALUES ('TT0081', 'T0194', 160000, 24, N'Ngày 3 l?n m?i l?n 3 viên');
INSERT INTO CHITIETTOATHUOC VALUES ('TT0082', 'T0195', 560000, 30, N'Ngày 3 l?n m?i l?n 1 viên');
INSERT INTO CHITIETTOATHUOC VALUES ('TT0083', 'T0196', 760000, 10, N'Ngày 2 l?n m?i l?n 1 viên');
INSERT INTO CHITIETTOATHUOC VALUES ('TT0084', 'T0197', 860000, 12, N'Ngày 3 l?n m?i l?n 1 viên');
INSERT INTO CHITIETTOATHUOC VALUES ('TT0085', 'T0198', 120000, 30, N'Ngày 3 l?n m?i l?n 1 viên');
INSERT INTO CHITIETTOATHUOC VALUES ('TT0086', 'T0199', 260000, 15, N'Ngày 3 l?n m?i l?n 2 viên');
INSERT INTO CHITIETTOATHUOC VALUES ('TT0087', 'T0065', 30000, 12, N'Ngày 3 l?n m?i l?n 1 viên');
INSERT INTO CHITIETTOATHUOC VALUES ('TT0088', 'T0066', 650000, 6, N'Ngày 3 l?n m?i l?n 1 viên');
INSERT INTO CHITIETTOATHUOC VALUES ('TT0089', 'T0067', 540000, 9, N'Ngày 3 l?n m?i l?n 1 viên');
INSERT INTO CHITIETTOATHUOC VALUES ('TT0089', 'T0068', 360000, 30, N'Ngày 3 l?n m?i l?n 2 viên');
INSERT INTO CHITIETTOATHUOC VALUES ('TT0089', 'T0069', 60000, 18, N'Ngày 3 l?n m?i l?n 1 viên');
INSERT INTO CHITIETTOATHUOC VALUES ('TT0090', 'T0070', 1600000, 10, N'Ngày 3 l?n m?i l?n 1 viên');
INSERT INTO CHITIETTOATHUOC VALUES ('TT0091', 'T0071', 360000, 12, N'Ngày 3 l?n m?i l?n 2 viên');
INSERT INTO CHITIETTOATHUOC VALUES ('TT0092', 'T0072', 160000, 9, N'Ngày 3 l?n m?i l?n 1 viên');
INSERT INTO CHITIETTOATHUOC VALUES ('TT0093', 'T0073', 60000, 6, N'Ngày 3 l?n m?i l?n 3 viên');
INSERT INTO CHITIETTOATHUOC VALUES ('TT0093', 'T0074', 160000, 5, N'Ngày 3 l?n m?i l?n 3 viên');
INSERT INTO CHITIETTOATHUOC VALUES ('TT0093', 'T0075', 160000, 3, N'Ngày 1 l?n m?i l?n 1 viên');
INSERT INTO CHITIETTOATHUOC VALUES ('TT0094', 'T0076', 499000, 1, N'Ngày 3 l?n m?i l?n 2 viên');
INSERT INTO CHITIETTOATHUOC VALUES ('TT0095', 'T0077', 279000, 8, N'Ngày 3 l?n m?i l?n 1 viên');
INSERT INTO CHITIETTOATHUOC VALUES ('TT0096', 'T0078', 169000, 5, N'Ngày 3 l?n m?i l?n 1 viên');
INSERT INTO CHITIETTOATHUOC VALUES ('TT0097', 'T0079', 99000, 6, N'Ngày 3 l?n m?i l?n 3 viên');
INSERT INTO CHITIETTOATHUOC VALUES ('TT0098', 'T0080', 399000, 10, N'Ngày 3 l?n m?i l?n 3 viên');
INSERT INTO CHITIETTOATHUOC VALUES ('TT0098', 'T0081', 830000, 15, N'Ngày 3 l?n m?i l?n 1 viên');
INSERT INTO CHITIETTOATHUOC VALUES ('TT0098', 'T0082', 222000, 18, N'Ngày 3 l?n m?i l?n 3 viên');
INSERT INTO CHITIETTOATHUOC VALUES ('TT0099', 'T0083', 569000, 20, N'Ngày 3 l?n m?i l?n 1 viên');
INSERT INTO CHITIETTOATHUOC VALUES ('TT0100', 'T0073', 769000, 24, N'Ngày 3 l?n m?i l?n 2 viên');